season,pos,window,team,model,actual,prediction,squared_error,absolute_error
2023,RB,early,ARI,baseline,14.800000000000002,18.83102825407773,16.249188785172926,4.031028254077727
2023,RB,early,ATL,baseline,23.5,21.006737591864624,6.216357435821013,2.493262408135376
2023,RB,early,BAL,baseline,19.375,18.024348143097917,1.824260438553044,1.3506518569020827
2023,RB,early,BUF,baseline,24.375,19.208674772378977,26.690916357553416,5.166325227621023
2023,RB,early,CAR,baseline,14.625000000000002,20.84385026176293,38.67409857822886,6.218850261762929
2023,RB,early,CHI,baseline,17.475,18.144574505792026,0.44833001880663337,0.6695745057920242
2023,RB,early,CIN,baseline,11.7,21.380263448541278,93.7075004331643,9.680263448541279
2023,RB,early,CLE,baseline,22.450000000000003,21.80178289355146,0.4201854170925196,0.6482171064485414
2023,RB,early,DAL,baseline,24.075,23.907683375580486,0.027994852807140376,0.167316624419513
2023,RB,early,DEN,baseline,17.924999999999997,19.587290858121307,2.7632108969936797,1.6622908581213096
2023,RB,early,DET,baseline,23.525,24.698850407503,1.3779247791949594,1.173850407503
2023,RB,early,GB,baseline,13.075,21.60786940533516,72.8098602885048,8.532869405335159
2023,RB,early,HOU,baseline,14.310000000000002,17.140102636831585,8.00948093500108,2.830102636831583
2023,RB,early,IND,baseline,14.425,19.021063472529704,21.123799443521797,4.596063472529703
2023,RB,early,JAX,baseline,16.925,19.52136027212776,6.741086662683341,2.596360272127761
2023,RB,early,KC,baseline,23.825,22.523141069716097,1.694836674359947,1.3018589302839025
2023,RB,early,LA,baseline,23.15,16.756153930163308,40.8812675647661,6.393846069836691
2023,RB,early,LAC,baseline,14.925,23.391873496925125,71.68794681293309,8.466873496925125
2023,RB,early,LV,baseline,14.875,21.53030401004864,44.293071466169486,6.6553040100486385
2023,RB,early,MIA,baseline,43.099999999999994,18.443201277645127,607.9577232347207,24.656798722354868
2023,RB,early,MIN,baseline,13.624999999999998,18.776732477377166,26.540347518462692,5.151732477377168
2023,RB,early,NE,baseline,13.900000000000002,19.878161090445758,35.73841002331959,5.978161090445756
2023,RB,early,NO,baseline,13.075000000000001,16.856988944035788,14.303440372808923,3.7819889440357866
2023,RB,early,NYG,baseline,15.575000000000001,19.788960885866256,17.757466347610713,4.213960885866255
2023,RB,early,NYJ,baseline,13.975000000000001,19.19170734216005,27.214035493746564,5.216707342160049
2023,RB,early,PHI,baseline,20.950000000000003,19.668734523172148,1.6416412221109102,1.2812654768278549
2023,RB,early,PIT,baseline,14.650000000000002,18.829476946172,17.468027543583215,4.179476946171999
2023,RB,early,SEA,baseline,21.950000000000003,19.296420625796852,7.041483495196386,2.653579374203151
2023,RB,early,SF,baseline,30.450000000000003,21.873918711167924,73.54917027265569,8.576081288832079
2023,RB,early,TB,baseline,12.075000000000001,19.296420625796852,52.148915854684184,7.221420625796851
2023,RB,early,TEN,baseline,18.945000000000004,21.83125774376034,8.330483763416503,2.8862577437603356
2023,RB,early,WAS,baseline,18.25,19.51360373259911,1.5966943930383988,1.2636037325991083
2023,RB,early,ARI,plus_sos,14.800000000000002,18.72896384473163,15.436756893208338,3.928963844731628
2023,RB,early,ATL,plus_sos,23.5,20.996675920518342,6.266631446912689,2.503324079481658
2023,RB,early,BAL,plus_sos,19.375,18.13006642889826,1.5498595964561306,1.2449335711017397
2023,RB,early,BUF,plus_sos,24.375,19.202476681765265,26.754997477682068,5.1725233182347345
2023,RB,early,CAR,plus_sos,14.625000000000002,20.865274277343453,38.94102305647433,6.240274277343451
2023,RB,early,CHI,plus_sos,17.475,18.14952537174752,0.45498447713112633,0.6745253717475173
2023,RB,early,CIN,plus_sos,11.7,21.35153614723102,93.152150001307,9.65153614723102
2023,RB,early,CLE,plus_sos,22.450000000000003,21.71734699351306,0.5367804279143545,0.7326530064869416
2023,RB,early,DAL,plus_sos,24.075,23.895691407249295,0.032151571434237934,0.17930859275070432
2023,RB,early,DEN,plus_sos,17.924999999999997,19.63473059126712,2.923178694714631,1.7097305912671246
2023,RB,early,DET,plus_sos,23.525,24.719990638720382,1.428002626629351,1.194990638720384
2023,RB,early,GB,plus_sos,13.075,21.614765682594467,72.92759791361814,8.539765682594467
2023,RB,early,HOU,plus_sos,14.310000000000002,17.141831077355913,8.019267250678741,2.831831077355911
2023,RB,early,IND,plus_sos,14.425,19.087828562259126,21.741970201019505,4.662828562259126
2023,RB,early,JAX,plus_sos,16.925,19.601969525025428,7.166165837914861,2.6769695250254273
2023,RB,early,KC,plus_sos,23.825,22.53144969056283,1.6732724030449957,1.293550309437169
2023,RB,early,LA,plus_sos,23.15,16.750752252046166,40.9503717396922,6.399247747953833
2023,RB,early,LAC,plus_sos,14.925,23.375628728007456,71.4131258986249,8.450628728007455
2023,RB,early,LV,plus_sos,14.875,21.53476277547172,44.35244022555878,6.6597627754717195
2023,RB,early,MIA,plus_sos,43.099999999999994,18.437803665829666,608.2239280251644,24.66219633417033
2023,RB,early,MIN,plus_sos,13.624999999999998,18.779905538906682,26.57305111505081,5.154905538906684
2023,RB,early,NE,plus_sos,13.900000000000002,19.82546171033022,35.11109648058952,5.925461710330218
2023,RB,early,NO,plus_sos,13.075000000000001,16.823934865857936,14.054512628445252,3.748934865857935
2023,RB,early,NYG,plus_sos,15.575000000000001,19.782049200938086,17.699262979113783,4.207049200938085
2023,RB,early,NYJ,plus_sos,13.975000000000001,19.110219195215176,26.370476182906387,5.135219195215175
2023,RB,early,PHI,plus_sos,20.950000000000003,19.59174110442529,1.8448672274078421,1.3582588955747141
2023,RB,early,PIT,plus_sos,14.650000000000002,18.917049071034484,18.20770777461623,4.2670490710344815
2023,RB,early,SEA,plus_sos,21.950000000000003,19.284097569506518,7.107035768911072,2.6659024304934853
2023,RB,early,SF,plus_sos,30.450000000000003,21.90516694389422,73.0141719567181,8.544833056105784
2023,RB,early,TB,plus_sos,12.075000000000001,19.335118962867536,52.70932735498878,7.260118962867535
2023,RB,early,TEN,plus_sos,18.945000000000004,21.853929240618307,8.461869326924175,2.9089292406183027
2023,RB,early,WAS,plus_sos,18.25,19.543355286958064,1.6727678983023773,1.2933552869580645
2023,RB,middle,ARI,baseline,12.211111111111112,19.35453071584652,51.02844364931815,7.143419604735406
2023,RB,middle,ATL,baseline,20.233333333333334,20.666440331083862,0.18758167150047583,0.43310699775052797
2023,RB,middle,BAL,baseline,23.511111111111113,18.868118594688998,21.557379507551765,4.642992516422115
2023,RB,middle,BUF,baseline,18.455555555555552,19.58224408266245,1.2694270371143077,1.1266885271068965
2023,RB,middle,CAR,baseline,15.47777777777778,20.568222498927057,25.91262745907654,5.090444721149277
2023,RB,middle,CHI,baseline,17.044444444444444,18.940612708899977,3.595454087128306,1.8961682644555324
2023,RB,middle,CIN,baseline,18.87777777777778,20.891669020598208,4.055757937908807,2.013891242820428
2023,RB,middle,CLE,baseline,21.744444444444447,21.14583689280161,0.35833100088383024,0.5986075516428357
2023,RB,middle,DAL,baseline,17.144444444444446,22.41565315140033,27.78564123228754,5.2712087069558855
2023,RB,middle,DEN,baseline,21.77777777777778,19.81054207943169,3.8700162928472177,1.9672356983460872
2023,RB,middle,DET,baseline,27.72222222222222,22.89271119330482,23.324176778434822,4.829511028917402
2023,RB,middle,GB,baseline,16.011111111111113,21.028910902138747,25.178314742836974,5.017799791027635
2023,RB,middle,HOU,baseline,13.8,18.33493607726633,20.565645224891732,4.53493607726633
2023,RB,middle,IND,baseline,21.099999999999998,19.469118186696125,2.659775488965328,1.6308818133038727
2023,RB,middle,JAX,baseline,20.67777777777778,19.770787242606318,0.8226318308906171,0.9069905351714631
2023,RB,middle,KC,baseline,17.22222222222222,21.580801578067472,18.9972140012004,4.358579355845251
2023,RB,middle,LA,baseline,19.944444444444443,18.103422615753857,3.389361373715229,1.841021828690586
2023,RB,middle,LAC,baseline,15.52222222222222,22.10463001623711,43.32809236670796,6.582407794014889
2023,RB,middle,LV,baseline,15.044444444444444,20.982140505873602,35.25623451791133,5.937696061429158
2023,RB,middle,MIA,baseline,28.03333333333333,19.120678734520787,79.43541199773439,8.912654598812544
2023,RB,middle,MIN,baseline,14.633333333333333,19.321791438460913,21.9816394035365,4.68845810512758
2023,RB,middle,NE,baseline,19.433333333333334,19.98593106542599,0.3053642535139481,0.5525977320926572
2023,RB,middle,NO,baseline,21.3,18.16422413089855,9.833090301238961,3.135775869101451
2023,RB,middle,NYG,baseline,15.300000000000002,19.93214510972107,21.4567683175128,4.632145109721067
2023,RB,middle,NYJ,baseline,18.45555555555556,19.572013058479445,1.2464773558350393,1.1164575029238861
2023,RB,middle,PHI,baseline,15.877777777777778,19.859650995510094,15.855314322093907,3.981873217732316
2023,RB,middle,PIT,baseline,20.977777777777774,19.353595307921214,2.6379686953893557,1.6241824698565601
2023,RB,middle,SEA,baseline,14.666666666666666,19.635153093437395,24.68585737300497,4.968486426770729
2023,RB,middle,SF,baseline,24.233333333333334,21.1893333613282,9.265935829567265,3.0439999720051354
2023,RB,middle,TB,baseline,17.733333333333334,19.635153093437395,3.6169183999222687,1.9018197601040612
2023,RB,middle,TEN,baseline,21.87777777777778,21.16360964338237,0.510036124185822,0.7141681343954112
2023,RB,middle,WAS,baseline,20.5,19.766110202979803,0.5385942341703459,0.733889797020197
2023,RB,middle,ARI,plus_sos,12.211111111111112,19.62590399571716,54.97915352160447,7.414792884606047
2023,RB,middle,ATL,plus_sos,20.233333333333334,20.63588557732937,0.16204830914624255,0.40255224399603406
2023,RB,middle,BAL,plus_sos,23.511111111111113,19.005393104401733,20.301494755985146,4.50571800670938
2023,RB,middle,BUF,plus_sos,18.455555555555552,19.32287951037522,0.7522508426040289,0.8673239548196676
2023,RB,middle,CAR,plus_sos,15.47777777777778,20.591583220603628,26.15100610707527,5.113805442825848
2023,RB,middle,CHI,plus_sos,17.044444444444444,18.896416839085756,3.429801750513474,1.8519723946413116
2023,RB,middle,CIN,plus_sos,18.87777777777778,21.10936864131146,4.979997782206991,2.231590863533679
2023,RB,middle,CLE,plus_sos,21.744444444444447,21.216892362250466,0.27831119942720534,0.5275520821939814
2023,RB,middle,DAL,plus_sos,17.144444444444446,22.342044963354493,27.01505115417399,5.197600518910047
2023,RB,middle,DEN,plus_sos,21.77777777777778,20.148840667169047,2.653436110318323,1.6289371106087316
2023,RB,middle,DET,plus_sos,27.72222222222222,23.28814936327978,19.66100211841001,4.434072858942443
2023,RB,middle,GB,plus_sos,16.011111111111113,21.182078879559594,26.738907662333062,5.170967768448481
2023,RB,middle,HOU,plus_sos,13.8,18.260186061182644,19.893259700367942,4.460186061182643
2023,RB,middle,IND,plus_sos,21.099999999999998,19.04203078326064,4.23523729704681,2.057969216739359
2023,RB,middle,JAX,plus_sos,20.67777777777778,19.673903426206515,1.0077637137426299,1.003874351571266
2023,RB,middle,KC,plus_sos,17.22222222222222,21.80711490350692,21.021240898898004,4.5848926812847
2023,RB,middle,LA,plus_sos,19.944444444444443,18.369929775930014,2.4790964413671004,1.5745146685144285
2023,RB,middle,LAC,plus_sos,15.52222222222222,21.966803716313773,41.53263063398731,6.444581494091553
2023,RB,middle,LV,plus_sos,15.044444444444444,20.965526256896343,35.05920982974866,5.921081812451899
2023,RB,middle,MIA,plus_sos,28.03333333333333,18.83949112433302,84.52673456399575,9.193842209000312
2023,RB,middle,MIN,plus_sos,14.633333333333333,19.55454074012423,24.2182823406536,4.921207406790899
2023,RB,middle,NE,plus_sos,19.433333333333334,20.01341124379648,0.33649038220728955,0.5800779104631459
2023,RB,middle,NO,plus_sos,21.3,18.381444460750647,8.517966435683087,2.918555539249354
2023,RB,middle,NYG,plus_sos,15.300000000000002,19.59017272132359,18.405581978789037,4.290172721323588
2023,RB,middle,NYJ,plus_sos,18.45555555555556,19.926832654287274,2.1646563012524127,1.471277098731715
2023,RB,middle,PHI,plus_sos,15.877777777777778,19.279953912835293,11.574802453954886,3.4021761350575144
2023,RB,middle,PIT,plus_sos,20.977777777777774,19.289661878953066,2.849735287864754,1.6881158988247087
2023,RB,middle,SEA,plus_sos,14.666666666666666,19.21937417881885,20.727145691206925,4.552707512152184
2023,RB,middle,SF,plus_sos,24.233333333333334,21.2617585010353,8.830256983947097,2.9715748322980353
2023,RB,middle,TB,plus_sos,17.733333333333334,19.463564953108033,2.9937014580681787,1.730231619774699
2023,RB,middle,TEN,plus_sos,21.87777777777778,21.054029655768275,0.6785609685141861,0.8237481220095049
2023,RB,middle,WAS,plus_sos,20.5,19.772474181405833,0.5292938167211123,0.7275258185941667
2023,RB,playoffs,ARI,baseline,34.56666666666666,20.315193515801486,203.10448696983102,14.251473150865177
2023,RB,playoffs,ATL,baseline,24.23333333333333,20.555821705090608,13.524091775860441,3.6775116282427227
2023,RB,playoffs,BAL,baseline,30.200000000000003,20.22597664704545,99.48114184528279,9.974023352954553
2023,RB,playoffs,BUF,baseline,20.866666666666667,20.356960307124176,0.2598005729580594,0.5097063595424913
2023,RB,playoffs,CAR,baseline,13.6,20.53780676043795,48.13316264517851,6.937806760437949
2023,RB,playoffs,CHI,baseline,22.599999999999998,20.239273391908128,5.5730301181529445,2.36072660809187
2023,RB,playoffs,CIN,baseline,18.0,20.59713276120631,6.745098579331115,2.5971327612063106
2023,RB,playoffs,CLE,baseline,21.46666666666667,20.643751792085745,0.677188890806538,0.822914874580924
2023,RB,playoffs,DAL,baseline,7.7,20.876659290809442,173.6243500660748,13.176659290809443
2023,RB,playoffs,DEN,baseline,17.566666666666666,20.39883433026027,8.02117367470526,2.832167663593605
2023,RB,playoffs,DET,baseline,28.733333333333334,20.964160450550942,60.36004728256127,7.769172882782392
2023,RB,playoffs,GB,baseline,17.099999999999998,20.622305429404005,12.406635538008945,3.522305429404007
2023,RB,playoffs,HOU,baseline,14.733333333333334,20.128181233216715,29.104383862876123,5.394847899883381
2023,RB,playoffs,IND,baseline,21.633333333333336,20.336210951229592,1.6825264741544914,1.297122382103744
2023,RB,playoffs,JAX,baseline,13.666666666666666,20.39154256694848,45.22395587419114,6.724875900281814
2023,RB,playoffs,KC,baseline,24.55333333333333,20.723532261261816,14.667376251640125,3.8298010720715148
2023,RB,playoffs,LA,baseline,24.0,20.08571743510687,15.321607997826352,3.9142825648931314
2023,RB,playoffs,LAC,baseline,9.533333333333333,20.81961196607601,127.38008537590392,11.286278632742677
2023,RB,playoffs,LV,baseline,21.533333333333335,20.613726884331307,0.8456760210461202,0.9196064490020284
2023,RB,playoffs,MIA,baseline,24.0,20.272300790438006,13.895741396969115,3.727699209561994
2023,RB,playoffs,MIN,baseline,14.266666666666667,20.3091885342506,36.51207052023,6.042521867583931
2023,RB,playoffs,NE,baseline,17.7,20.431003874282883,7.458382161348121,2.7310038742828837
2023,RB,playoffs,NO,baseline,13.133333333333335,20.096869543701374,48.49083655310687,6.963536210368039
2023,RB,playoffs,NYG,baseline,12.4,20.42113854744928,64.33866359737677,8.021138547449281
2023,RB,playoffs,NYJ,baseline,25.833333333333332,20.35508375038952,30.01121849302403,5.4782495829438105
2023,RB,playoffs,PHI,baseline,15.760000000000003,20.407841802586603,21.60243342187145,4.6478418025865995
2023,RB,playoffs,PIT,baseline,24.76666666666667,20.31502194490003,19.817140728832765,4.4516447217666375
2023,RB,playoffs,SEA,baseline,16.1,20.366664786237664,18.204428398120474,4.266664786237662
2023,RB,playoffs,SF,baseline,29.566666666666666,20.65172983900335,79.47609864122765,8.914936827663315
2023,RB,playoffs,TB,baseline,18.7,20.366664786237664,2.777771509684639,1.6666647862376642
2023,RB,playoffs,TEN,baseline,15.826666666666668,20.647011639213368,23.23572565435624,4.8203449725467
2023,RB,playoffs,WAS,baseline,17.400000000000002,20.39068471244121,8.944195049229553,2.990684712441208
2023,RB,playoffs,ARI,plus_sos,34.56666666666666,20.165202834039594,207.40216052246555,14.40146383262707
2023,RB,playoffs,ATL,plus_sos,24.23333333333333,21.414048978600874,7.948364272839203,2.8192843547324564
2023,RB,playoffs,BAL,plus_sos,30.200000000000003,19.3707744397391,117.27212623500805,10.829225560260902
2023,RB,playoffs,BUF,plus_sos,20.866666666666667,19.818989091591746,1.097628301314867,1.0476775750749212
2023,RB,playoffs,CAR,plus_sos,13.6,20.705335246744735,50.48578896863307,7.105335246744735
2023,RB,playoffs,CHI,plus_sos,22.599999999999998,21.274133528214517,1.7579219010048805,1.3258664717854813
2023,RB,playoffs,CIN,plus_sos,18.0,20.374061138215694,5.636166287985997,2.374061138215694
2023,RB,playoffs,CLE,plus_sos,21.46666666666667,22.336439105782052,0.7565040958447233,0.8697724391153834
2023,RB,playoffs,DAL,plus_sos,7.7,20.088743770807998,153.480972218734,12.388743770807999
2023,RB,playoffs,DEN,plus_sos,17.566666666666666,20.050039200738908,6.167139142984388,2.4833725340722417
2023,RB,playoffs,DET,plus_sos,28.733333333333334,20.506233484699646,67.68517191938847,8.227099848633689
2023,RB,playoffs,GB,plus_sos,17.099999999999998,20.228621767878984,9.788274166446232,3.128621767878986
2023,RB,playoffs,HOU,plus_sos,14.733333333333334,19.462344035731146,22.363542223393043,4.729010702397812
2023,RB,playoffs,IND,plus_sos,21.633333333333336,20.6919532935368,0.8861963793273318,0.9413800397965382
2023,RB,playoffs,JAX,plus_sos,13.666666666666666,19.748048684348877,36.983207244988556,6.081382017682211
2023,RB,playoffs,KC,plus_sos,24.55333333333333,20.444344178926986,16.88379187102897,4.108989154406345
2023,RB,playoffs,LA,plus_sos,24.0,19.66303590664511,18.809257547049604,4.33696409335489
2023,RB,playoffs,LAC,plus_sos,9.533333333333333,21.15543144427442,135.07316450034037,11.622098110941087
2023,RB,playoffs,LV,plus_sos,21.533333333333335,21.18644471327266,0.1203317147275991,0.34688862006067467
2023,RB,playoffs,MIA,plus_sos,24.0,19.414817898833064,21.023894900861638,4.585182101166936
2023,RB,playoffs,MIN,plus_sos,14.266666666666667,20.047221212050054,33.414810852152534,5.780554545383387
2023,RB,playoffs,NE,plus_sos,17.7,20.224020170484724,6.370677821013741,2.524020170484725
2023,RB,playoffs,NO,plus_sos,13.133333333333335,19.979678422295375,46.872441077154654,6.846345088962041
2023,RB,playoffs,NYG,plus_sos,12.4,20.2519179868875,61.65261607280742,7.851917986887498
2023,RB,playoffs,NYJ,plus_sos,25.833333333333332,20.205673791927648,31.670551913974435,5.627659541405684
2023,RB,playoffs,PHI,plus_sos,15.760000000000003,21.693897485156402,35.211139364345435,5.933897485156399
2023,RB,playoffs,PIT,plus_sos,24.76666666666667,20.877260873840225,15.127477421271903,3.8894057928264445
2023,RB,playoffs,SEA,plus_sos,16.1,19.55709722473956,11.951521221301965,3.4570972247395595
2023,RB,playoffs,SF,plus_sos,29.566666666666666,20.54428340577396,81.4033997064369,9.022383260892706
2023,RB,playoffs,TB,plus_sos,18.7,20.52186463012343,3.3191907304947907,1.8218646301234322
2023,RB,playoffs,TEN,plus_sos,15.826666666666668,23.486162098137335,58.667870264720015,7.659495431470667
2023,RB,playoffs,WAS,plus_sos,17.400000000000002,19.473217253996697,4.298229782269598,2.0732172539966953
2023,RB,all,ARI,baseline,17.05,19.39231064854568,5.486419174290487,2.3423106485456806
2023,RB,all,ATL,baseline,21.8,20.729042565442523,1.1469498266339346,1.070957434557478
2023,RB,all,BAL,baseline,23.73125,18.896695249767525,23.37291963299538,4.834554750232474
2023,RB,all,BUF,baseline,20.387500000000003,19.624332520930402,0.5824246011094499,0.763167479069601
2023,RB,all,CAR,baseline,14.912500000000001,20.628966379150782,32.677987863961235,5.716466379150781
2023,RB,all,CHI,baseline,18.19375,18.970561006316196,0.6034353395339782,0.7768110063161942
2023,RB,all,CIN,baseline,16.91875,20.958532748590702,16.319844655811053,4.039782748590703
2023,RB,all,CLE,baseline,21.86875,21.217509665199838,0.4241139736706252,0.6512403348001605
2023,RB,all,DAL,baseline,17.106250000000003,22.51135178797165,29.21512533833428,5.405101787971645
2023,RB,all,DEN,baseline,20.025,19.8569500849002,0.02824077396505008,0.16804991509980027
2023,RB,all,DET,baseline,26.862500000000004,22.997436121388684,14.93871878574598,3.86506387861132
2023,RB,all,GB,baseline,15.481250000000001,21.098371348185857,31.552052240245292,5.617121348185856
2023,RB,all,HOU,baseline,14.102500000000001,18.353424524183783,18.070359310307115,4.250924524183782
2023,RB,all,IND,baseline,19.53125,19.509066199219376,0.0004921210170744183,0.022183800780624097
2023,RB,all,JAX,baseline,18.425,19.816443057115443,1.9361137811947668,1.391443057115442
2023,RB,all,KC,baseline,20.247500000000002,21.66070420449184,1.9971461235934063,1.4132042044918371
2023,RB,all,LA,baseline,21.50625,18.117530656496104,11.483418789037485,3.3887193435038974
2023,RB,all,LAC,baseline,14.25,22.194443864714465,63.11418831959931,7.944443864714465
2023,RB,all,LV,baseline,16.21875,21.050716021380268,23.347895631773454,4.831966021380268
2023,RB,all,MIA,baseline,31.04375,19.15403401451772,141.36534621543285,11.88971598548228
2023,RB,all,MIN,baseline,14.3125,19.358951919781763,25.466676978669042,5.046451919781763
2023,RB,all,NE,baseline,17.725,20.035657560421168,5.339138361531496,2.3106575604211663
2023,RB,all,NO,baseline,17.7125,18.179482581343372,0.21807273127812019,0.4669825813433732
2023,RB,all,NYG,baseline,14.825,19.980853934594734,26.582829794876005,5.1558539345947345
2023,RB,all,NYJ,baseline,18.71875,19.61390791819168,0.8013076985012597,0.8951579181916784
2023,RB,all,PHI,baseline,17.12375,19.90698817804607,7.746414755733204,2.7832381780460693
2023,RB,all,PIT,baseline,20.106250000000003,19.391357542009565,0.5110712264916093,0.7148924579904374
2023,RB,all,SEA,baseline,16.75625,19.67824260937923,8.538040809266827,2.9219926093792274
2023,RB,all,SF,baseline,26.7875,21.26182911912904,30.53303868370527,5.525670880870962
2023,RB,all,TB,baseline,16.5,19.67824260937923,10.101226084073689,3.178242609379229
2023,RB,all,TEN,baseline,20.01,21.235618689385962,1.5021411717721598,1.2256186893859606
2023,RB,all,WAS,baseline,19.356250000000003,19.811677524434884,0.20741423001288464,0.45542752443488155
2023,RB,all,ARI,plus_sos,17.05,19.333525795655714,5.2144900594250565,2.283525795655713
2023,RB,all,ATL,plus_sos,21.8,20.805739137199595,0.9885546632966076,0.9942608628004059
2023,RB,all,BAL,plus_sos,23.73125,19.11272523118571,21.330771040151085,4.618524768814289
2023,RB,all,BUF,plus_sos,20.387500000000003,19.34896893101115,1.0785467812551293,1.0385310689888527
2023,RB,all,CAR,plus_sos,14.912500000000001,20.71769161662033,33.70024970567893,5.805191616620327
2023,RB,all,CHI,plus_sos,18.19375,19.096389288013643,0.8147576842657746,0.902639288013642
2023,RB,all,CIN,plus_sos,16.91875,21.017183371097598,16.79715609732643,4.098433371097599
2023,RB,all,CLE,plus_sos,21.86875,21.316433294296417,0.3050537433992573,0.552316705703582
2023,RB,all,DAL,plus_sos,17.106250000000003,22.320219356295986,27.18547644839355,5.2139693562959835
2023,RB,all,DEN,plus_sos,20.025,20.156193355386634,0.017211696497604,0.13119335538663535
2023,RB,all,DET,plus_sos,26.862500000000004,23.26266239066748,12.958830813564907,3.599837609332525
2023,RB,all,GB,plus_sos,15.481250000000001,21.167479817733618,32.33320954008288,5.686229817733617
2023,RB,all,HOU,plus_sos,14.102500000000001,18.209569136207104,16.86801688958496,4.1070691362071035
2023,RB,all,IND,plus_sos,19.53125,19.405572678520965,0.01579478913414471,0.125677321479035
2023,RB,all,JAX,plus_sos,18.425,19.838565755376727,1.9981681447737758,1.4135657553767267
2023,RB,all,KC,plus_sos,20.247500000000002,21.80142492138311,2.4146826612954952,1.553924921383107
2023,RB,all,LA,plus_sos,21.50625,18.235408193484353,10.698406123250548,3.270841806515648
2023,RB,all,LAC,plus_sos,14.25,22.106795573131816,61.7292366779837,7.856795573131816
2023,RB,all,LV,plus_sos,16.21875,21.129856897863743,24.118970962244834,4.911106897863743
2023,RB,all,MIA,plus_sos,31.04375,18.819691862232624,149.4275973555168,12.224058137767376
2023,RB,all,MIN,plus_sos,14.3125,19.494950617884015,26.857794406806413,5.182450617884015
2023,RB,all,NE,plus_sos,17.725,19.906553924590273,4.759177525895218,2.181553924590272
2023,RB,all,NO,plus_sos,17.7125,18.24282182021932,0.28124123300073356,0.5303218202193207
2023,RB,all,NYG,plus_sos,14.825,19.69711152893608,23.73747075039188,4.872111528936081
2023,RB,all,NYJ,plus_sos,18.71875,19.661327100025943,0.8884515894933167,0.9425771000259431
2023,RB,all,PHI,plus_sos,17.12375,19.50084997873827,5.650604308917477,2.3770999787382685
2023,RB,all,PIT,plus_sos,20.106250000000003,19.62327154252809,0.23326819038194754,0.48297845747191204
2023,RB,all,SEA,plus_sos,16.75625,19.239000303620756,6.164049070128949,2.4827503036207546
2023,RB,all,SF,plus_sos,26.7875,21.36893819972198,29.36081198343218,5.41856180027802
2023,RB,all,TB,plus_sos,16.5,19.665170594612036,10.018304892996708,3.165170594612036
2023,RB,all,TEN,plus_sos,20.01,21.610234848643067,2.560751570811695,1.6002348486430655
2023,RB,all,WAS,plus_sos,19.356250000000003,19.753610393386158,0.1578952822319996,0.3973603933861547
2023,WR,early,ARI,baseline,29.500000000000004,29.15454033497321,0.11934238016042505,0.3454596650267945
2023,WR,early,ATL,baseline,12.475,24.193834773751238,137.33108845448123,11.718834773751238
2023,WR,early,BAL,baseline,20.225,22.46394770624819,5.012886831314032,2.23894770624819
2023,WR,early,BUF,baseline,36.97500000000001,33.525168379718096,11.901338208296927,3.4498316202819126
2023,WR,early,CAR,baseline,29.1,26.098618511681984,9.008290838418077,3.0013814883180174
2023,WR,early,CHI,baseline,23.450000000000003,22.93775868613414,0.26239116363102694,0.5122413138658644
2023,WR,early,CIN,baseline,24.625,34.16779439581005,91.06492488070367,9.542794395810049
2023,WR,early,CLE,baseline,19.700000000000003,26.775945617156523,50.06900637695657,7.0759456171565205
2023,WR,early,DAL,baseline,27.949999999999996,28.543991958207428,0.3528264464151002,0.5939919582074324
2023,WR,early,DEN,baseline,36.575,27.160718292097457,88.62870007574848,9.414281707902546
2023,WR,early,DET,baseline,30.875000000000007,30.178480841840823,0.48513893768277816,0.6965191581591839
2023,WR,early,GB,baseline,31.849999999999998,29.57111240453736,5.193328672753486,2.2788875954626384
2023,WR,early,HOU,baseline,39.975,25.513509650614775,209.13470312536202,14.461490349385226
2023,WR,early,IND,baseline,21.95,27.535951148651424,31.202850235120174,5.585951148651425
2023,WR,early,JAX,baseline,26.615000000000002,30.44559575667585,14.673463851063012,3.830595756675848
2023,WR,early,KC,baseline,23.375,28.92558469368604,30.80899044178176,5.550584693686041
2023,WR,early,LA,baseline,35.325,28.633030263152435,44.78245895888371,6.691969736847568
2023,WR,early,LAC,baseline,42.39,30.722250489897846,136.13637863048908,11.667749510102155
2023,WR,early,LV,baseline,32.325,29.98959243777891,5.454128481679468,2.335407562221093
2023,WR,early,MIA,baseline,44.175000000000004,33.83223128404854,106.97286471166431,10.342768715951465
2023,WR,early,MIN,baseline,38.125,34.0185757365406,16.862720231528094,4.106424263459402
2023,WR,early,NE,baseline,21.099999999999998,27.88892442896914,46.089494902253996,6.788924428969143
2023,WR,early,NO,baseline,26.65,27.644069090370365,0.9881733564297686,0.9940690903703668
2023,WR,early,NYG,baseline,18.475,27.128918897474236,74.89031228406166,8.653918897474234
2023,WR,early,NYJ,baseline,19.925,27.30953945893411,54.53142302055488,7.3845394589341105
2023,WR,early,PHI,baseline,34.1,31.940167303967087,4.664877274852809,2.1598326960329146
2023,WR,early,PIT,baseline,22.375000000000004,26.16984915563799,14.400880114046343,3.794849155637987
2023,WR,early,SEA,baseline,26.875,29.462994462818422,6.697715339578813,2.587994462818422
2023,WR,early,SF,baseline,32.125,28.33411595369419,14.370801852535903,3.790884046305809
2023,WR,early,TB,baseline,34.800000000000004,32.52527616503429,5.174368525361118,2.2747238349657124
2023,WR,early,TEN,baseline,22.800000000000004,22.540266253343916,0.06746161915200928,0.2597337466560887
2023,WR,early,WAS,baseline,27.25,30.114882052594382,8.207549175277398,2.864882052594382
2023,WR,early,ARI,plus_sos,29.500000000000004,30.226148133817972,0.5272911122473183,0.7261481338179685
2023,WR,early,ATL,plus_sos,12.475,25.211357878377857,162.2148120061177,12.736357878377857
2023,WR,early,BAL,plus_sos,20.225,20.431965515193596,0.04283472447935009,0.20696551519359474
2023,WR,early,BUF,plus_sos,36.97500000000001,32.422287470069264,20.727191380188398,4.552712529930744
2023,WR,early,CAR,plus_sos,29.1,26.024174789259447,9.460700727027174,3.075825210740554
2023,WR,early,CHI,plus_sos,23.450000000000003,22.0751403410149,1.8902390819046306,1.3748596589851019
2023,WR,early,CIN,plus_sos,24.625,35.33789761312682,114.76617526933832,10.71289761312682
2023,WR,early,CLE,plus_sos,19.700000000000003,27.806466087794902,65.71479243256874,8.1064660877949
2023,WR,early,DAL,plus_sos,27.949999999999996,26.95281460814016,0.9943787057386567,0.997185391859837
2023,WR,early,DEN,plus_sos,36.575,27.26804644388353,86.61938449570904,9.306953556116472
2023,WR,early,DET,plus_sos,30.875000000000007,29.541992752911987,1.7769083207891807,1.3330072470880197
2023,WR,early,GB,plus_sos,31.849999999999998,30.492723816880027,1.8421986372647179,1.3572761831199713
2023,WR,early,HOU,plus_sos,39.975,25.181918170309036,218.835270019933,14.793081829690966
2023,WR,early,IND,plus_sos,21.95,26.842283583469957,23.93443866108965,4.892283583469958
2023,WR,early,JAX,plus_sos,26.615000000000002,29.856075462021725,10.504570150519323,3.2410754620217226
2023,WR,early,KC,plus_sos,23.375,28.526622082851,26.53921008451806,5.151622082850999
2023,WR,early,LA,plus_sos,35.325,27.748558431093286,57.40246684705767,7.576441568906716
2023,WR,early,LAC,plus_sos,42.39,32.85655369455733,90.88659845875856,9.533446305442673
2023,WR,early,LV,plus_sos,32.325,29.12689251029687,10.227891515695278,3.1981074897031334
2023,WR,early,MIA,plus_sos,44.175000000000004,33.21278258924332,120.17021056069703,10.962217410756686
2023,WR,early,MIN,plus_sos,38.125,34.43885390573528,13.58767302826306,3.6861460942647213
2023,WR,early,NE,plus_sos,21.099999999999998,26.6838680888636,31.179582833829272,5.583868088863603
2023,WR,early,NO,plus_sos,26.65,29.50858254370863,8.171494159195714,2.858582543708632
2023,WR,early,NYG,plus_sos,18.475,26.860175164792448,70.31116254425203,8.385175164792447
2023,WR,early,NYJ,plus_sos,19.925,28.74614501938348,77.81259945299396,8.82114501938348
2023,WR,early,PHI,plus_sos,34.1,33.559152863958865,0.2925156245639,0.5408471360411369
2023,WR,early,PIT,plus_sos,22.375000000000004,25.43781935598324,9.38086240738557,3.062819355983237
2023,WR,early,SEA,plus_sos,26.875,31.164383164952255,18.398807935775828,4.289383164952255
2023,WR,early,SF,plus_sos,32.125,28.05231362281278,16.58677432692637,4.072686377187221
2023,WR,early,TB,plus_sos,34.800000000000004,33.02501888272037,3.1505579666992687,1.774981117279637
2023,WR,early,TEN,plus_sos,22.800000000000004,20.947528043709337,3.431652348843373,1.8524719562906675
2023,WR,early,WAS,plus_sos,27.25,28.77626837691269,2.3294951583636956,1.5262683769126895
2023,WR,middle,ARI,baseline,17.400000000000002,27.914586237775453,110.55652375161691,10.51458623777545
2023,WR,middle,ATL,baseline,17.986666666666665,24.260197120483177,39.357184354963216,6.273530453816512
2023,WR,middle,BAL,baseline,27.222222222222225,22.985846043683818,17.946883126087677,4.236376178538407
2023,WR,middle,BUF,baseline,29.100000000000005,31.13428459828725,4.138313826828691,2.0342845982872433
2023,WR,middle,CAR,baseline,22.54444444444444,25.66338883923835,9.727814137816353,3.1189443947939104
2023,WR,middle,CHI,baseline,22.38888888888889,23.33488705552776,0.8949125312841019,0.9459981666388693
2023,WR,middle,CIN,baseline,35.55777777777778,31.607686111582634,15.603224171344342,3.9500916661951457
2023,WR,middle,CLE,baseline,20.48888888888889,26.162353507176334,32.18820077495949,5.6734646182874435
2023,WR,middle,DAL,baseline,43.81111111111111,27.46481526949332,267.201387741691,16.34629584161779
2023,WR,middle,DEN,baseline,20.03333333333333,26.445802919479135,41.119766193244935,6.412469586145804
2023,WR,middle,DET,baseline,30.400000000000002,28.668889632498605,2.9967431044708235,1.7311103675013975
2023,WR,middle,GB,baseline,33.48444444444445,28.221461221342945,27.698992406647893,5.262983223101504
2023,WR,middle,HOU,baseline,33.2,25.23235832796798,63.483313813901255,7.967641672032023
2023,WR,middle,IND,baseline,29.133333333333333,26.722224660402524,5.813445032682164,2.4111086729308084
2023,WR,middle,JAX,baseline,26.611111111111114,28.86566443112203,5.0830106727722475,2.254553320010917
2023,WR,middle,KC,baseline,25.855555555555554,27.745922124669654,3.5734857656242136,1.8903665691141
2023,WR,middle,LA,baseline,32.51111111111111,27.53040686903447,24.80741474704028,4.980704242076644
2023,WR,middle,LAC,baseline,27.977777777777778,29.06946690112487,1.1917851420343408,1.0916891233470913
2023,WR,middle,LV,baseline,24.744444444444447,28.529741739186317,14.328475609580119,3.78529729474187
2023,WR,middle,MIA,baseline,38.97777777777779,31.36048777081195,58.02310705022162,7.617290006965838
2023,WR,middle,MIN,baseline,23.833333333333332,31.49776161842306,58.74346093728345,7.664428285089727
2023,WR,middle,NE,baseline,18.811111111111114,26.98224850144063,66.76748625164106,8.171137390329516
2023,WR,middle,NO,baseline,26.8,26.801871602702484,3.5028966759416256e-06,0.0018716027024829884
2023,WR,middle,NYG,baseline,20.15555555555555,26.42237734821444,39.273055380944356,6.266821792658888
2023,WR,middle,NYJ,baseline,17.38888888888889,26.555434592997898,84.02556014551932,9.166545704109009
2023,WR,middle,PHI,baseline,31.38888888888889,29.966666280562656,2.022717147634275,1.4222226083262335
2023,WR,middle,PIT,baseline,20.944444444444446,25.715862118871264,22.766426623832626,4.771417674426818
2023,WR,middle,SEA,baseline,34.07777777777778,28.141814279042983,35.23566265831189,5.9359634987348
2023,WR,middle,SF,baseline,30.71111111111111,27.310206499146346,11.56615217968319,3.400904611964762
2023,WR,middle,TB,baseline,28.17777777777778,30.397696791833024,4.928040428964003,2.219919014055243
2023,WR,middle,TEN,baseline,23.922222222222224,23.042067414719085,0.7746724851708879,0.8801548075031391
2023,WR,middle,WAS,baseline,30.0,28.622038489969214,1.8987779231263253,1.3779615100307865
2023,WR,middle,ARI,plus_sos,17.400000000000002,27.71098546081199,106.31642117307621,10.310985460811988
2023,WR,middle,ATL,plus_sos,17.986666666666665,24.269629818254952,39.47562596421622,6.282963151588287
2023,WR,middle,BAL,plus_sos,27.222222222222225,22.982083998510646,17.978772156179986,4.240138223711579
2023,WR,middle,BUF,plus_sos,29.100000000000005,30.834713853043674,3.009232151941611,1.7347138530436688
2023,WR,middle,CAR,plus_sos,22.54444444444444,25.868645844377266,11.050314947315353,3.324201399932825
2023,WR,middle,CHI,plus_sos,22.38888888888889,23.850496882529796,2.1362979270749984,1.4616079936409072
2023,WR,middle,CIN,plus_sos,35.55777777777778,31.41717217315235,17.144614773055533,4.140605604625431
2023,WR,middle,CLE,plus_sos,20.48888888888889,25.93757437356299,29.688173510898206,5.4486854846740975
2023,WR,middle,DAL,plus_sos,43.81111111111111,27.389422997060716,269.67184051514397,16.421688114050394
2023,WR,middle,DEN,plus_sos,20.03333333333333,26.28335692420531,39.062794886456274,6.2500235908719795
2023,WR,middle,DET,plus_sos,30.400000000000002,28.739300061584032,2.7579242854548065,1.66069993841597
2023,WR,middle,GB,plus_sos,33.48444444444445,28.34880484405408,26.374794105097756,5.13563960039037
2023,WR,middle,HOU,plus_sos,33.2,24.984718169139658,67.4908555604641,8.215281830860345
2023,WR,middle,IND,plus_sos,29.133333333333333,27.07166714051973,4.25046749059054,2.061666192813604
2023,WR,middle,JAX,plus_sos,26.611111111111114,28.882759440227385,5.160386131176746,2.271648329116271
2023,WR,middle,KC,plus_sos,25.855555555555554,27.523478068689354,2.781965509818569,1.6679225131337994
2023,WR,middle,LA,plus_sos,32.51111111111111,27.246952177653583,27.71136927670072,5.26415893345753
2023,WR,middle,LAC,plus_sos,27.977777777777778,29.014767743362768,1.0753481887239587,1.03698996558499
2023,WR,middle,LV,plus_sos,24.744444444444447,28.629024064995477,15.089958828400382,3.8845796205510297
2023,WR,middle,MIA,plus_sos,38.97777777777779,31.458899744400295,56.533526880806605,7.518878033377494
2023,WR,middle,MIN,plus_sos,23.833333333333332,31.474121308547108,58.38164088217143,7.640787975213776
2023,WR,middle,NE,plus_sos,18.811111111111114,26.91110130442378,65.60984113176139,8.099990193312667
2023,WR,middle,NO,plus_sos,26.8,27.065568253471596,0.07052649725195372,0.26556825347159574
2023,WR,middle,NYG,plus_sos,20.15555555555555,26.38994792023871,38.86764815681968,6.23439236468316
2023,WR,middle,NYJ,plus_sos,17.38888888888889,26.291118066217678,79.249684325684,8.902229177328788
2023,WR,middle,PHI,plus_sos,31.38888888888889,30.143757682858727,1.550351720230127,1.2451312060301625
2023,WR,middle,PIT,plus_sos,20.944444444444446,25.74787359397318,23.072931594542318,4.803429149528732
2023,WR,middle,SEA,plus_sos,34.07777777777778,28.276449079637285,33.65541466386853,5.801328698140498
2023,WR,middle,SF,plus_sos,30.71111111111111,27.172568407142748,12.521284467807718,3.5385427039683606
2023,WR,middle,TB,plus_sos,28.17777777777778,30.812082310961568,6.93956037355265,2.634304533183787
2023,WR,middle,TEN,plus_sos,23.922222222222224,23.16531681264073,0.5729057990537315,0.7569054095814955
2023,WR,middle,WAS,plus_sos,30.0,28.578034238120665,2.0219866279570775,1.4219657618793349
2023,WR,playoffs,ARI,baseline,17.0,26.55050392534752,91.21212522807839,9.55050392534752
2023,WR,playoffs,ATL,baseline,8.700000000000001,22.324762358852027,185.634149335191,13.624762358852026
2023,WR,playoffs,BAL,baseline,23.666666666666668,20.851170427971546,7.927019070106379,2.815496238695122
2023,WR,playoffs,BUF,baseline,18.099999999999998,30.273592178104025,148.19634651879554,12.173592178104027
2023,WR,playoffs,CAR,baseline,26.999999999999996,23.947338768038435,9.31874059712108,3.0526612319615616
2023,WR,playoffs,CHI,baseline,17.966666666666665,21.254782923745793,10.811708520068056,3.2881162570791282
2023,WR,playoffs,CIN,baseline,31.066666666666666,30.821008555552204,0.06034790755632547,0.24565811111446223
2023,WR,playoffs,CLE,baseline,34.96666666666667,24.524315020386858,109.04270790456268,10.44235164627981
2023,WR,playoffs,DAL,baseline,36.13333333333333,26.030412655624996,102.06900622006668,10.102920677708337
2023,WR,playoffs,DEN,baseline,27.366666666666664,24.852080872659904,6.323141715420604,2.5145857940067593
2023,WR,playoffs,DET,baseline,34.666666666666664,27.42274032561133,52.47446883463534,7.243926341055335
2023,WR,playoffs,GB,baseline,39.93333333333334,26.90535786458528,169.72814481430115,13.027975468748057
2023,WR,playoffs,HOU,baseline,23.900000000000002,23.448917967887684,0.203474999694578,0.4510820321123177
2023,WR,playoffs,IND,baseline,21.733333333333334,25.17172029884354,11.822504924590474,3.4383869655102046
2023,WR,playoffs,JAX,baseline,27.433333333333334,27.650280256114936,0.04706596730440652,0.21694692278160232
2023,WR,playoffs,KC,baseline,26.3,26.35546969920157,0.003076887529512652,0.055469699201569966
2023,WR,playoffs,LA,baseline,44.43333333333334,26.106259299126197,335.8816426553096,18.32707403420714
2023,WR,playoffs,LAC,baseline,27.133333333333336,27.885946612707954,0.5664267482910166,0.7526132793746179
2023,WR,playoffs,LV,baseline,35.160000000000004,27.261837089040927,62.38097736804955,7.898162910959076
2023,WR,playoffs,MIA,baseline,26.46666666666667,30.53516151785705,16.55265035416263,4.06849485119038
2023,WR,playoffs,MIN,baseline,33.36666666666667,30.693897707470278,7.143693909243751,2.6727689591963895
2023,WR,playoffs,NE,baseline,18.000000000000004,25.472398064151875,55.83673282914064,7.4723980641518715
2023,WR,playoffs,NO,baseline,25.333333333333332,25.26381979452357,0.004832132077856268,0.06951353880976185
2023,WR,playoffs,NYG,baseline,24.73333333333333,24.824992785695194,0.008401455207276717,0.09165945236186346
2023,WR,playoffs,NYJ,baseline,16.666666666666668,24.978853119654772,69.09244362923897,8.312186452988104
2023,WR,playoffs,PHI,baseline,24.666666666666668,28.923420343456527,18.11995186486399,4.2567536767898595
2023,WR,playoffs,PIT,baseline,33.13333333333333,24.008016082839397,83.27141492216221,9.125317250493936
2023,WR,playoffs,SEA,baseline,28.96666666666667,26.81325836890525,4.6371672968677355,2.1534082977614197
2023,WR,playoffs,SF,baseline,31.866666666666664,25.85163128165788,36.18065068290776,6.015035385008783
2023,WR,playoffs,TB,baseline,43.43333333333334,29.421841143607274,196.32191338275447,14.011492189726063
2023,WR,playoffs,TEN,baseline,15.4,20.91618183668686,30.42826205539402,5.51618183668686
2023,WR,playoffs,WAS,baseline,25.46666666666667,27.368564151681902,3.6172140435072695,1.9018974850152333
2023,WR,playoffs,ARI,plus_sos,17.0,26.62954435333293,92.72812445280609,9.629544353332928
2023,WR,playoffs,ATL,plus_sos,8.700000000000001,22.4781414992851,189.83718317432226,13.7781414992851
2023,WR,playoffs,BAL,plus_sos,23.666666666666668,20.9714111724964,7.264402178855019,2.6952554941702687
2023,WR,playoffs,BUF,plus_sos,18.099999999999998,30.337310189090022,149.75176066400653,12.237310189090024
2023,WR,playoffs,CAR,plus_sos,26.999999999999996,23.919330687917114,9.49052341040922,3.0806693120828825
2023,WR,playoffs,CHI,plus_sos,17.966666666666665,21.13423237391485,10.033472509734684,3.1675657072481833
2023,WR,playoffs,CIN,plus_sos,31.066666666666666,31.120323433777376,0.0028790486567728977,0.053656767110709325
2023,WR,playoffs,CLE,plus_sos,34.96666666666667,24.073099328528482,118.6698093505511,10.893567338138187
2023,WR,playoffs,DAL,plus_sos,36.13333333333333,26.315540112276636,96.38906373142683,9.817793221056696
2023,WR,playoffs,DEN,plus_sos,27.366666666666664,24.99927990186885,5.604520094139861,2.367386764797814
2023,WR,playoffs,DET,plus_sos,34.666666666666664,27.544481583576804,50.72552035778772,7.12218508308986
2023,WR,playoffs,GB,plus_sos,39.93333333333334,27.388032503781822,157.38457290394592,12.545300829551515
2023,WR,playoffs,HOU,plus_sos,23.900000000000002,23.893246266103446,4.5612921545486225e-05,0.006753733896555758
2023,WR,playoffs,IND,plus_sos,21.733333333333334,25.26935740695271,12.503466249215771,3.5360240736193767
2023,WR,playoffs,JAX,plus_sos,27.433333333333334,27.933683588952945,0.25035037829861084,0.5003502556196118
2023,WR,playoffs,KC,plus_sos,26.3,26.36474003705606,0.004191272398019794,0.06474003705605824
2023,WR,playoffs,LA,plus_sos,44.43333333333334,26.024974760462147,338.86766534740025,18.40835857287119
2023,WR,playoffs,LAC,plus_sos,27.133333333333336,27.770731115315265,0.40627593247548155,0.6373977819819281
2023,WR,playoffs,LV,plus_sos,35.160000000000004,27.15340596101974,64.1055481050343,8.006594038980264
2023,WR,playoffs,MIA,plus_sos,26.46666666666667,30.38465680587212,15.350646730911144,3.9179901392054504
2023,WR,playoffs,MIN,plus_sos,33.36666666666667,30.742621422398035,6.885613443968828,2.6240452442686326
2023,WR,playoffs,NE,plus_sos,18.000000000000004,25.42218108203185,55.08877201447146,7.422181082031848
2023,WR,playoffs,NO,plus_sos,25.333333333333332,25.37203545450236,0.001497854182982086,0.03870212116902749
2023,WR,playoffs,NYG,plus_sos,24.73333333333333,24.712471838306723,0.00043520197474519734,0.020861495026608168
2023,WR,playoffs,NYJ,plus_sos,16.666666666666668,24.881529695947847,67.48397458985076,8.21486302928118
2023,WR,playoffs,PHI,plus_sos,24.666666666666668,28.58618871040477,15.362653051348905,3.9195220437381018
2023,WR,playoffs,PIT,plus_sos,33.13333333333333,23.680160609249402,89.36247455136441,9.453172724083931
2023,WR,playoffs,SEA,plus_sos,28.96666666666667,27.00606762948745,3.843948584588077,1.9605990371792181
2023,WR,playoffs,SF,plus_sos,31.866666666666664,25.78897085722497,36.93838635210511,6.077695809441693
2023,WR,playoffs,TB,plus_sos,43.43333333333334,29.24213517961307,201.39010503815356,14.191198153720268
2023,WR,playoffs,TEN,plus_sos,15.4,20.329428242101176,24.299262794024692,4.929428242101176
2023,WR,playoffs,WAS,plus_sos,25.46666666666667,27.253849814001487,3.1940236021175883,1.7871831473348188
2023,WR,all,ARI,baseline,20.35,27.975197072387882,58.143630392752705,7.625197072387881
2023,WR,all,ATL,baseline,14.8675,23.883960832889056,81.2965659510224,9.016460832889056
2023,WR,all,BAL,baseline,24.806250000000002,22.45727332373049,5.517691425658163,2.348976676269512
2023,WR,all,BUF,baseline,29.00625,31.57977944990466,6.623053829526572,2.573529449904658
2023,WR,all,CAR,baseline,25.018749999999997,25.454890645363285,0.19021866253790545,0.4361406453632881
2023,WR,all,CHI,baseline,21.825000000000003,22.84803883634929,1.046608460678902,1.0230388363492864
2023,WR,all,CIN,baseline,31.9825,32.109771567564735,0.016198051910384485,0.12727156756473335
2023,WR,all,CLE,baseline,23.00625,26.013501747294853,9.04356307160794,3.007251747294852
2023,WR,all,DAL,baseline,38.40625,27.471660304449564,119.56525181003778,10.934589695550436
2023,WR,all,DEN,baseline,25.543750000000003,26.330834814589316,0.619502505357094,0.7870848145893135
2023,WR,all,DET,baseline,31.31875,28.819670193617767,6.245399878667464,2.499079806382234
2023,WR,all,GB,baseline,34.285000000000004,28.31875601301246,35.59606731226501,5.966243986987543
2023,WR,all,HOU,baseline,33.150000000000006,24.972334576089064,66.87421178542851,8.177665423910941
2023,WR,all,IND,baseline,25.950000000000003,26.64030011988474,0.47651425551288035,0.6903001198847356
2023,WR,all,JAX,baseline,26.766250000000003,29.039967529590783,5.169791404368398,2.2737175295907797
2023,WR,all,KC,baseline,25.31875,27.786370784411012,6.089152335657213,2.467620784411011
2023,WR,all,LA,baseline,35.45,27.545092749773904,62.48755863467715,7.904907250226099
2023,WR,all,LAC,baseline,31.4225,29.26813262756283,4.641298775421827,2.154367372437168
2023,WR,all,LV,baseline,28.5925,28.663888506036855,0.005096318794173937,0.07138850603685398
2023,WR,all,MIA,baseline,37.93125,31.833023039248637,37.18837206483479,6.0982269607513615
2023,WR,all,MIN,baseline,29.19375,31.986706656963143,7.800606887674729,2.792956656963142
2023,WR,all,NE,baseline,19.23125,26.93140731384908,59.29242265802346,7.700157313849079
2023,WR,all,NO,baseline,26.4875,26.729468089207153,0.058548556194560196,0.24196808920715185
2023,WR,all,NYG,baseline,20.59375,26.304608941259197,32.61390984696011,5.710858941259197
2023,WR,all,NYJ,baseline,17.887500000000003,26.453571901774282,73.37758782636682,8.56607190177428
2023,WR,all,PHI,baseline,30.80625,30.272583576106456,0.2847998519913224,0.5336664238935427
2023,WR,all,PIT,baseline,23.587500000000002,25.513636601622757,3.710002208110855,1.9261366016227548
2023,WR,all,SEA,baseline,31.31875,28.229588043690054,9.542921592312702,3.0891619563099475
2023,WR,all,SF,baseline,31.281250000000004,27.29856954047077,15.861743642715995,3.9826804595292344
2023,WR,all,TB,baseline,32.69375,30.755139645380673,3.7582101070372778,1.9386103546193283
2023,WR,all,TEN,baseline,22.043750000000003,22.52021541972278,0.22701929619160344,0.47646541972277845
2023,WR,all,WAS,baseline,28.462500000000002,28.76721844695753,0.09285333191620682,0.30471844695752637
2023,WR,all,ARI,plus_sos,20.35,27.940514203009155,57.61590586608368,7.590514203009153
2023,WR,all,ATL,plus_sos,14.8675,24.474271075169927,92.29005049072155,9.606771075169927
2023,WR,all,BAL,plus_sos,24.806250000000002,21.947460010873986,8.172680201927129,2.8587899891260165
2023,WR,all,BUF,plus_sos,29.00625,30.55048852597188,2.3846726250957975,1.5442385259718776
2023,WR,all,CAR,plus_sos,25.018749999999997,25.90491068778797,0.7852807645808558,0.8861606877879744
2023,WR,all,CHI,plus_sos,21.825000000000003,23.678145341710014,3.4341476575015135,1.853145341710011
2023,WR,all,CIN,plus_sos,31.9825,32.4509896390522,0.21948254189926186,0.4684896390522013
2023,WR,all,CLE,plus_sos,23.00625,25.15429255255237,4.614086807575695,2.1480425525523685
2023,WR,all,DAL,plus_sos,38.40625,27.160667926844802,126.46311616406956,11.245582073155198
2023,WR,all,DEN,plus_sos,25.543750000000003,26.175685379687668,0.399342324100993,0.6319353796876648
2023,WR,all,DET,plus_sos,31.31875,28.955571844538824,5.584610994448894,2.3631781554611777
2023,WR,all,GB,plus_sos,34.285000000000004,29.63701191274809,21.603793259235704,4.647988087251914
2023,WR,all,HOU,plus_sos,33.150000000000006,24.885989228135703,68.29387403748923,8.264010771864303
2023,WR,all,IND,plus_sos,25.950000000000003,27.420741934346836,2.1630818374462644,1.470741934346833
2023,WR,all,JAX,plus_sos,26.766250000000003,29.29037268907547,6.371195349505558,2.5241226890754653
2023,WR,all,KC,plus_sos,25.31875,27.11221979025857,3.216533888570118,1.7934697902585697
2023,WR,all,LA,plus_sos,35.45,26.42668489042708,81.42021556664702,9.023315109572923
2023,WR,all,LAC,plus_sos,31.4225,29.680041395273136,3.036161989186687,1.7424586047268633
2023,WR,all,LV,plus_sos,28.5925,28.465955076198085,0.016013617740032685,0.12654492380191584
2023,WR,all,MIA,plus_sos,37.93125,31.649682513703176,39.45809008490138,6.281567486296822
2023,WR,all,MIN,plus_sos,29.19375,32.13318589471038,8.640283379111802,2.9394358947103782
2023,WR,all,NE,plus_sos,19.23125,26.280019252133982,49.68514796982947,7.048769252133983
2023,WR,all,NO,plus_sos,26.4875,28.168376853900682,2.8253469979790524,1.6808768539006813
2023,WR,all,NYG,plus_sos,20.59375,25.974872349693452,28.95647774237038,5.381122349693452
2023,WR,all,NYJ,plus_sos,17.887500000000003,26.13898002946486,68.08692267665738,8.251480029464858
2023,WR,all,PHI,plus_sos,30.80625,30.76951101154758,0.0013497532725070555,0.036738988452420074
2023,WR,all,PIT,plus_sos,23.587500000000002,24.881428975442034,1.6742521934884673,1.2939289754420322
2023,WR,all,SEA,plus_sos,31.31875,29.411545813991143,3.6374278071297113,1.9072041860088582
2023,WR,all,SF,plus_sos,31.281250000000004,26.7724651803109,20.32914055025891,4.5087848196891045
2023,WR,all,TB,plus_sos,32.69375,31.693673116843357,1.000153772224309,1.0000768831566447
2023,WR,all,TEN,plus_sos,22.043750000000003,21.45970442371452,0.341109235178642,0.584045576285483
2023,WR,all,WAS,plus_sos,28.462500000000002,28.043654483236438,0.1754315669129374,0.4188455167635645
2023,TE,early,ARI,baseline,8.2,9.400336020804406,1.4408065628405582,1.2003360208044072
2023,TE,early,ATL,baseline,11.025,9.156848246595478,3.48999097374839,1.868151753404522
2023,TE,early,BAL,baseline,11.425,13.017449582245463,2.5358956719937487,1.5924495822454627
2023,TE,early,BUF,baseline,8.3,9.182700487682421,0.779160150954783,0.8827004876824205
2023,TE,early,CAR,baseline,5.725,7.930608612627626,4.864709352097164,2.2056086126276266
2023,TE,early,CHI,baseline,11.025000000000002,9.65849173321869,1.8673448431816635,1.3665082667813113
2023,TE,early,CIN,baseline,4.199999999999999,8.584248608903852,19.22163586467537,4.384248608903853
2023,TE,early,CLE,baseline,8.025,10.028123775993688,4.012504861951209,2.0031237759936875
2023,TE,early,DAL,baseline,9.15,10.702848933440116,2.411339810086104,1.5528489334401154
2023,TE,early,DEN,baseline,3.5,9.341664267982978,34.1250414198291,5.841664267982978
2023,TE,early,DET,baseline,10.975,10.591372603079401,0.1471699796680743,0.38362739692059833
2023,TE,early,GB,baseline,6.725,9.013102452182979,5.235412831685763,2.2881024521829794
2023,TE,early,HOU,baseline,8.375,10.679380232311544,5.3101682550682066,2.3043802323115443
2023,TE,early,IND,baseline,13.65,9.605687155679405,16.356466382736546,4.044312844320595
2023,TE,early,JAX,baseline,10.075,10.186537508611547,0.012440615827271092,0.11153750861154776
2023,TE,early,KC,baseline,16.349999999999998,15.525667015361524,0.6795248695629745,0.8243329846384739
2023,TE,early,LA,baseline,7.800000000000001,9.109910844338337,1.7158664201151737,1.3099108443383365
2023,TE,early,LAC,baseline,11.15,9.591019217474049,2.4304210802852286,1.5589807825259516
2023,TE,early,LV,baseline,2.4499999999999997,9.403269608445477,48.347958247731526,6.953269608445478
2023,TE,early,MIA,baseline,4.45,8.51732614084191,16.54314193597594,4.067326140841909
2023,TE,early,MIN,baseline,14.3,10.38015429292226,15.365190367295794,3.919845707077741
2023,TE,early,NE,baseline,16.775000000000002,8.728544450999053,64.74544690204817,8.04645554900095
2023,TE,early,NO,baseline,8.46,13.750846492513318,27.993056607340474,5.290846492513317
2023,TE,early,NYG,baseline,7.125000000000001,8.810684904949053,2.841533598773094,1.6856849049490519
2023,TE,early,NYJ,baseline,7.925,9.538214639934763,2.6024614744998473,1.613214639934763
2023,TE,early,PHI,baseline,4.1,9.321129154495479,27.260189647922676,5.221129154495479
2023,TE,early,PIT,baseline,5.7,9.24192228818655,12.54521349555265,3.5419222881865506
2023,TE,early,SEA,baseline,10.100000000000001,11.940822917972252,3.3886290153318703,1.8408229179722504
2023,TE,early,SF,baseline,5.45,10.908200068315114,29.791947985755115,5.458200068315114
2023,TE,early,TB,baseline,5.2250000000000005,8.886958183616908,13.409937738558842,3.6619581836169077
2023,TE,early,TEN,baseline,5.425,10.312681777177616,23.88943315495414,4.887681777177616
2023,TE,early,WAS,baseline,10.374999999999998,7.980479602525841,5.7337279339197975,2.3945203974741576
2023,TE,early,ARI,plus_sos,8.2,9.621937320184319,2.0219057425329647,1.4219373201843197
2023,TE,early,ATL,plus_sos,11.025,9.144835544659648,3.535018379125285,1.8801644553403527
2023,TE,early,BAL,plus_sos,11.425,13.072208398514373,2.713295508136284,1.6472083985143726
2023,TE,early,BUF,plus_sos,8.3,9.128493262258962,0.6864010856084958,0.8284932622589611
2023,TE,early,CAR,plus_sos,5.725,7.867143504980057,4.5887787959282464,2.1421435049800577
2023,TE,early,CHI,plus_sos,11.025000000000002,9.592801309606214,2.0511930887656815,1.432198690393788
2023,TE,early,CIN,plus_sos,4.199999999999999,8.67380531289306,20.014933977670182,4.473805312893061
2023,TE,early,CLE,plus_sos,8.025,10.011682894473571,3.9469089231938854,1.9866828944735708
2023,TE,early,DAL,plus_sos,9.15,10.459001327146453,1.713484474471174,1.3090013271464525
2023,TE,early,DEN,plus_sos,3.5,9.406804496243785,34.89033935684579,5.906804496243785
2023,TE,early,DET,plus_sos,10.975,10.405444877765676,0.32439303726335506,0.5695551222343234
2023,TE,early,GB,plus_sos,6.725,9.12646716703464,5.767044554345382,2.4014671670346406
2023,TE,early,HOU,plus_sos,8.375,10.665105018160792,5.2445809942052435,2.2901050181607925
2023,TE,early,IND,plus_sos,13.65,9.632033885867948,16.144051694313426,4.017966114132053
2023,TE,early,JAX,plus_sos,10.075,10.102755754901656,0.0007703819301608408,0.027755754901656715
2023,TE,early,KC,plus_sos,16.349999999999998,15.399015685816263,0.904371165823509,0.9509843141837351
2023,TE,early,LA,plus_sos,7.800000000000001,9.015614330240147,1.4777181998852005,1.2156143302401468
2023,TE,early,LAC,plus_sos,11.15,9.388762075876489,3.101959025370896,1.7612379241235114
2023,TE,early,LV,plus_sos,2.4499999999999997,9.499870523475378,49.70067439776701,7.049870523475379
2023,TE,early,MIA,plus_sos,4.45,8.594692078517554,17.178472425726156,4.144692078517553
2023,TE,early,MIN,plus_sos,14.3,10.444062831215359,14.868251449614922,3.855937168784642
2023,TE,early,NE,plus_sos,16.775000000000002,8.744109286447872,64.49520565301785,8.03089071355213
2023,TE,early,NO,plus_sos,8.46,13.700031649782249,27.457931690719665,5.240031649782248
2023,TE,early,NYG,plus_sos,7.125000000000001,8.677771584210245,2.41109959273079,1.5527715842102436
2023,TE,early,NYJ,plus_sos,7.925,9.729122502545009,3.254858004189265,1.8041225025450087
2023,TE,early,PHI,plus_sos,4.1,9.346218544694292,27.522809018694296,5.246218544694292
2023,TE,early,PIT,plus_sos,5.7,9.378799351110317,13.533564665729687,3.6787993511103165
2023,TE,early,SEA,plus_sos,10.100000000000001,11.90126592782823,3.2445589427548915,1.8012659278282293
2023,TE,early,SF,plus_sos,5.45,10.743490886168628,28.021045761950322,5.293490886168628
2023,TE,early,TB,plus_sos,5.2250000000000005,9.153215550750305,15.43087741315652,3.9282155507503047
2023,TE,early,TEN,plus_sos,5.425,10.566671566415302,26.436786496883585,5.141671566415302
2023,TE,early,WAS,plus_sos,10.374999999999998,7.932281796224945,5.966872223054021,2.442718203775053
2023,TE,middle,ARI,baseline,13.844444444444445,8.938033048663138,24.07287278465267,4.906411395781307
2023,TE,middle,ATL,baseline,15.366666666666667,8.651033519835929,45.09972856281173,6.715633146830738
2023,TE,middle,BAL,baseline,11.68888888888889,13.201532073289048,2.2880894033122505,1.512643184400158
2023,TE,middle,BUF,baseline,10.8,8.681505608363517,4.488018487395234,2.1184943916364833
2023,TE,middle,CAR,baseline,7.211111111111112,7.205662398754314,2.968846634712203e-05,0.005448712356797891
2023,TE,middle,CHI,baseline,9.444444444444445,9.242321705732952,0.04085360150423447,0.202122738711493
2023,TE,middle,CIN,baseline,9.38888888888889,7.976109176065313,1.9959465169658677,1.4127797128235766
2023,TE,middle,CLE,baseline,12.966666666666667,9.67800773744655,10.81527755273921,3.2886589292201176
2023,TE,middle,DAL,baseline,10.922222222222224,10.47330763660629,0.20152430517872633,0.44891458561593467
2023,TE,middle,DEN,baseline,4.811111111111112,8.868876535692728,16.46546024093002,4.057765424581616
2023,TE,middle,DET,baseline,13.477777777777778,10.341910261962505,9.833665076745447,3.1358675158152725
2023,TE,middle,GB,baseline,8.677777777777779,8.48160006305842,0.0384856957525105,0.19617771471935974
2023,TE,middle,HOU,baseline,10.355555555555556,10.445645031418124,0.008116113661192201,0.09008947586256788
2023,TE,middle,IND,baseline,7.411111111111111,9.180080844059582,3.129253916087782,1.7689697329484702
2023,TE,middle,JAX,baseline,12.966666666666667,9.864730322466663,9.622009083468885,3.101936344200004
2023,TE,middle,KC,baseline,16.366666666666667,16.15797300277417,0.043553045348874414,0.20869366389249677
2023,TE,middle,LA,baseline,5.911111111111111,8.5957083094596,7.207062117380551,2.684597198348488
2023,TE,middle,LAC,baseline,10.08888888888889,9.16279171581698,0.8576559739717851,0.926097173071911
2023,TE,middle,LV,baseline,6.722222222222223,8.94149087431166,4.925153350146863,2.2192686520894362
2023,TE,middle,MIA,baseline,1.7000000000000002,7.897227528458436,38.40562903948305,6.197227528458436
2023,TE,middle,MIN,baseline,14.988888888888887,10.092946815269022,23.97024878824119,4.8959420736198656
2023,TE,middle,NE,baseline,8.644444444444446,8.146190975151919,0.24825651966203882,0.4982534692925267
2023,TE,middle,NO,baseline,17.14888888888889,14.0659884854192,9.504274897713579,3.08290040346969
2023,TE,middle,NYG,baseline,7.51111111111111,8.243010093310497,0.5356761201444984,0.7318989821993869
2023,TE,middle,NYJ,baseline,8.68888888888889,9.100550854143608,0.16946557363737627,0.41166196525471754
2023,TE,middle,PHI,baseline,7.2555555555555555,8.844671756153083,2.525290299001522,1.5891162005975277
2023,TE,middle,PIT,baseline,3.8000000000000003,8.751310463643026,24.515475307380914,4.951310463643026
2023,TE,middle,SEA,baseline,5.98888888888889,11.932510060281984,35.326632629032225,5.943621171393095
2023,TE,middle,SF,baseline,13.988888888888887,10.715355432002733,10.716021293353016,3.2735334568861543
2023,TE,middle,TB,baseline,7.422222222222222,8.332913560172033,0.8293587130168172,0.9106913379498112
2023,TE,middle,TEN,baseline,6.366666666666667,10.013416825353048,13.298786719879141,3.6467501586863804
2023,TE,middle,WAS,baseline,8.633333333333333,7.264445434779165,1.873854078808046,1.368887898554168
2023,TE,middle,ARI,plus_sos,13.844444444444445,8.91446774150914,24.304670291484857,4.9299767029353045
2023,TE,middle,ATL,plus_sos,15.366666666666667,8.573658684222053,46.144957449556244,6.793007982444614
2023,TE,middle,BAL,plus_sos,11.68888888888889,13.03477366680639,1.811405835430036,1.3458847779174992
2023,TE,middle,BUF,plus_sos,10.8,8.52386402737581,5.180794965873872,2.276135972624191
2023,TE,middle,CAR,plus_sos,7.211111111111112,7.222241273865652,0.00012388052294255283,0.011130162754540152
2023,TE,middle,CHI,plus_sos,9.444444444444445,9.326698927419546,0.0138640067794607,0.11774551702489866
2023,TE,middle,CIN,plus_sos,9.38888888888889,7.894524461981739,2.2331250404055365,1.4943644269071505
2023,TE,middle,CLE,plus_sos,12.966666666666667,9.498765079842093,12.026341415900399,3.467901586824574
2023,TE,middle,DAL,plus_sos,10.922222222222224,10.548248251417991,0.13985653083908522,0.3739739708042329
2023,TE,middle,DEN,plus_sos,4.811111111111112,8.993710788791729,17.494140063734,4.182599677680617
2023,TE,middle,DET,plus_sos,13.477777777777778,10.604115615481053,8.257934223015889,2.873662162296725
2023,TE,middle,GB,plus_sos,8.677777777777779,8.379168138026996,0.08916771695209236,0.2986096397507829
2023,TE,middle,HOU,plus_sos,10.355555555555556,10.3076609294937,0.0022938952056050176,0.047894626061856016
2023,TE,middle,IND,plus_sos,7.411111111111111,9.165192914013732,3.0768029712741063,1.7540818029026202
2023,TE,middle,JAX,plus_sos,12.966666666666667,10.063530145275397,8.428201661835802,2.9031365213912697
2023,TE,middle,KC,plus_sos,16.366666666666667,16.180552930213928,0.03463832289639975,0.18611373645273943
2023,TE,middle,LA,plus_sos,5.911111111111111,8.514627370827478,6.778296914607499,2.6035162597163666
2023,TE,middle,LAC,plus_sos,10.08888888888889,9.216405806060283,0.7612267298221098,0.872483082828607
2023,TE,middle,LV,plus_sos,6.722222222222223,8.865113640067253,4.5919836286738835,2.1428914178450302
2023,TE,middle,MIA,plus_sos,1.7000000000000002,7.8593710132088095,37.937851278356916,6.159371013208809
2023,TE,middle,MIN,plus_sos,14.988888888888887,10.244909397430035,22.505341415382187,4.743979491458852
2023,TE,middle,NE,plus_sos,8.644444444444446,8.274324113793405,0.13698905916123574,0.3701203306510408
2023,TE,middle,NO,plus_sos,17.14888888888889,14.038428187633999,9.674965774051076,3.110460701254892
2023,TE,middle,NYG,plus_sos,7.51111111111111,8.397962406479408,0.7865052200964279,0.8868512953682979
2023,TE,middle,NYJ,plus_sos,8.68888888888889,9.038948463144218,0.12254170552782125,0.35005957425532763
2023,TE,middle,PHI,plus_sos,7.2555555555555555,9.041374085242296,3.189147820972512,1.7858185296867406
2023,TE,middle,PIT,plus_sos,3.8000000000000003,8.679545685723605,23.80996609906384,4.879545685723604
2023,TE,middle,SEA,plus_sos,5.98888888888889,12.130380191448342,37.7179154194134,6.141491302559452
2023,TE,middle,SF,plus_sos,13.988888888888887,10.58923858443092,11.557622192601151,3.3996503044579676
2023,TE,middle,TB,plus_sos,7.422222222222222,8.29547898890895,0.7625773805641599,0.8732567666867288
2023,TE,middle,TEN,plus_sos,6.366666666666667,9.913427838514869,12.579514810130027,3.5467611718482015
2023,TE,middle,WAS,plus_sos,8.633333333333333,7.139324563098265,2.2320622055392993,1.4940087702350677
2023,TE,playoffs,ARI,baseline,16.8,10.101780777721968,44.86614074969493,6.698219222278032
2023,TE,playoffs,ATL,baseline,11.4,9.967947590471008,2.0507741036377936,1.4320524095289926
2023,TE,playoffs,BAL,baseline,17.46666666666667,12.08992921001636,28.909305677746435,5.376737456650309
2023,TE,playoffs,BUF,baseline,5.166666666666667,9.982157288816179,23.188949932009894,4.815490622149512
2023,TE,playoffs,CAR,baseline,6.233333333333334,9.2939443100987,9.367339551096647,3.060610976765366
2023,TE,playoffs,CHI,baseline,12.5,10.243676205168772,5.090997067121595,2.2563237948312285
2023,TE,playoffs,CIN,baseline,9.833333333333334,9.653217888825866,0.03244157335012277,0.18011544450746797
2023,TE,playoffs,CLE,baseline,20.03333333333333,10.446844658103963,91.90076512030093,9.586488675229369
2023,TE,playoffs,DAL,baseline,7.400000000000001,10.81770770711265,11.680725971257196,3.4177077071126485
2023,TE,playoffs,DEN,baseline,6.6000000000000005,10.069531816938605,12.037651028749295,3.4695318169386047
2023,TE,playoffs,DET,baseline,14.066666666666668,10.756434681624258,10.957635794797815,3.3102319850424102
2023,TE,playoffs,GB,baseline,10.200000000000001,9.888937636551766,0.09675979395400172,0.3110623634482348
2023,TE,playoffs,HOU,baseline,12.0,10.804808122799304,1.4284836233265226,1.1951918772006955
2023,TE,playoffs,IND,baseline,10.866666666666665,10.214652140463743,0.42512294237962145,0.6520145262029224
2023,TE,playoffs,JAX,baseline,10.466666666666667,10.533916852219047,0.004522587456829561,0.06725018555238016
2023,TE,playoffs,KC,baseline,8.366666666666667,13.468572283505171,26.029440923128277,5.101905616838504
2023,TE,playoffs,LA,baseline,7.066666666666666,9.942148421844317,8.268395324359544,2.875481755177651
2023,TE,playoffs,LAC,baseline,9.700000000000001,10.206589900267902,0.25663332705344194,0.5065899002679011
2023,TE,playoffs,LV,baseline,6.533333333333334,10.103393225761138,12.745327635521624,3.570059892427804
2023,TE,playoffs,MIA,baseline,7.2,9.61643391793234,5.839152879733841,2.4164339179323404
2023,TE,playoffs,MIN,baseline,13.66666666666667,10.640338422804149,9.158662639600008,3.0263282438625208
2023,TE,playoffs,NE,baseline,11.566666666666668,9.732530176752451,3.3640566636348437,1.8341364899142167
2023,TE,playoffs,NO,baseline,22.88,12.49304121980841,107.88891270139915,10.38695878019159
2023,TE,playoffs,NYG,baseline,11.233333333333334,9.77767872184916,2.1189303479351427,1.4556546114841744
2023,TE,playoffs,NYJ,baseline,7.6000000000000005,10.177565835562874,6.643845636660932,2.577565835562873
2023,TE,playoffs,PHI,baseline,10.666666666666666,10.058244680664428,0.37017731305090745,0.608421986002238
2023,TE,playoffs,PIT,baseline,3.4333333333333336,10.014708583606886,43.314500184913264,6.5813752502735525
2023,TE,playoffs,SEA,baseline,9.866666666666667,11.49816077964163,2.6617730406719606,1.6314941129749627
2023,TE,playoffs,SF,baseline,8.966666666666667,10.930579069854424,3.856951927394713,1.9639124031877575
2023,TE,playoffs,TB,baseline,6.1000000000000005,9.819602370867534,13.835441797363375,3.719602370867533
2023,TE,playoffs,TEN,baseline,8.799999999999999,10.60325211790328,3.251718200722667,1.8032521179032805
2023,TE,playoffs,WAS,baseline,6.933333333333334,9.32135592676456,5.702651906738004,2.388022593431227
2023,TE,playoffs,ARI,plus_sos,16.8,10.442955957455572,40.41200895884961,6.357044042544429
2023,TE,playoffs,ATL,plus_sos,11.4,10.202124502481459,1.4349057075552938,1.1978754975185417
2023,TE,playoffs,BAL,plus_sos,17.46666666666667,11.938908815917133,30.55610685652313,5.527757850749536
2023,TE,playoffs,BUF,plus_sos,5.166666666666667,10.17698491019339,25.103288901416708,5.010318243526723
2023,TE,playoffs,CAR,plus_sos,6.233333333333334,9.098946429176136,8.211738415065767,2.865613095842802
2023,TE,playoffs,CHI,plus_sos,12.5,9.955616978916781,6.4738849579765665,2.5443830210832186
2023,TE,playoffs,CIN,plus_sos,9.833333333333334,9.60135561989989,0.05381365952980926,0.23197771343344442
2023,TE,playoffs,CLE,plus_sos,20.03333333333333,10.560982459048244,89.72543108556947,9.472350874285087
2023,TE,playoffs,DAL,plus_sos,7.400000000000001,10.769282053254727,11.352061554384383,3.369282053254726
2023,TE,playoffs,DEN,plus_sos,6.6000000000000005,9.954458925153629,11.252394680542837,3.3544589251536285
2023,TE,playoffs,DET,plus_sos,14.066666666666668,10.798206118446608,10.682834355270979,3.2684605482200606
2023,TE,playoffs,GB,plus_sos,10.200000000000001,9.870068101169833,0.1088550578656801,0.3299318988301678
2023,TE,playoffs,HOU,plus_sos,12.0,10.638350082573838,1.8540904976266728,1.3616499174261616
2023,TE,playoffs,IND,plus_sos,10.866666666666665,10.027391405781358,0.7043829635341,0.8392752608853069
2023,TE,playoffs,JAX,plus_sos,10.466666666666667,10.666642945197513,0.039990511975046446,0.19997627853084587
2023,TE,playoffs,KC,plus_sos,8.366666666666667,13.434807067840437,25.686047126009818,5.068140401173769
2023,TE,playoffs,LA,plus_sos,7.066666666666666,10.332733481276124,10.667192437493169,3.2660668146094576
2023,TE,playoffs,LAC,plus_sos,9.700000000000001,10.248723154232021,0.30109709999033707,0.5487231542320199
2023,TE,playoffs,LV,plus_sos,6.533333333333334,10.095430424513378,12.688535686993328,3.5620970911800436
2023,TE,playoffs,MIA,plus_sos,7.2,9.83205967361161,6.927738125452455,2.63205967361161
2023,TE,playoffs,MIN,plus_sos,13.66666666666667,10.624665111739581,9.253773460178822,3.0420015549270882
2023,TE,playoffs,NE,plus_sos,11.566666666666668,9.790067634999392,3.1563041193211028,1.776599031667276
2023,TE,playoffs,NO,plus_sos,22.88,12.416511426587649,109.48459312593083,10.46348857341235
2023,TE,playoffs,NYG,plus_sos,11.233333333333334,10.150126899564858,1.1733361781574196,1.083206433768476
2023,TE,playoffs,NYJ,plus_sos,7.6000000000000005,10.330794720077046,7.457239803200669,2.7307947200770455
2023,TE,playoffs,PHI,plus_sos,10.666666666666666,9.372776823390476,1.6741509265332843,1.2938898432761903
2023,TE,playoffs,PIT,plus_sos,3.4333333333333336,9.668519505290266,38.87754659896295,6.235186171956933
2023,TE,playoffs,SEA,plus_sos,9.866666666666667,11.428513142093138,2.4393644128020893,1.5618464754264707
2023,TE,playoffs,SF,plus_sos,8.966666666666667,10.930948103935327,3.8584015647982333,1.9642814372686601
2023,TE,playoffs,TB,plus_sos,6.1000000000000005,10.073227164393604,15.786534099875233,3.9732271643936032
2023,TE,playoffs,TEN,plus_sos,8.799999999999999,10.343716339242132,2.383060136043132,1.543716339242133
2023,TE,playoffs,WAS,plus_sos,6.933333333333334,9.379930507522507,5.985837732750451,2.446597174189174
2023,TE,all,ARI,baseline,12.9875,9.256450596960654,13.920729647920263,3.7310494030393464
2023,TE,all,ATL,baseline,13.5375,9.008563546208949,20.51126540247746,4.528936453791051
2023,TE,all,BAL,baseline,12.70625,12.938917266561276,0.054134056929095606,0.23266726656127545
2023,TE,all,BUF,baseline,9.11875,9.034882879157738,0.007033693958370596,0.08386712084226211
2023,TE,all,CAR,baseline,6.65625,7.760168519531689,1.218636097765036,1.103918519531689
2023,TE,all,CHI,baseline,10.4125,9.519270602576919,0.7978587564208003,0.8932293974230809
2023,TE,all,CIN,baseline,8.175,8.425618320683668,0.06280954266230156,0.2506183206836674
2023,TE,all,CLE,baseline,13.05625,9.895581065163842,9.989828115638334,3.160668934836158
2023,TE,all,DAL,baseline,9.818750000000001,10.582496988933627,0.5833094631051801,0.7637469889336259
2023,TE,all,DEN,baseline,4.81875,9.196718777502412,19.166610616785963,4.377968777502412
2023,TE,all,DET,baseline,12.9625,10.469006531962968,6.217509675143346,2.493493468037032
2023,TE,all,GB,baseline,8.475000000000001,8.862220588536255,0.14993978418636264,0.38722058853625363
2023,TE,all,HOU,baseline,10.16875,10.55860426115033,0.1519863449370707,0.3898542611503313
2023,TE,all,IND,baseline,9.61875,9.4655119650645,0.02348189535089346,0.1532380349354998
2023,TE,all,JAX,baseline,11.775,10.056856977701099,2.9520154450744047,1.7181430222989018
2023,TE,all,KC,baseline,14.8625,15.492452548401126,0.39684021323707147,0.6299525484011248
2023,TE,all,LA,baseline,6.6000000000000005,8.960778090642355,5.573273193256962,2.3607780906423548
2023,TE,all,LAC,baseline,10.28125,9.45057901019994,0.6900142932954116,0.8306709898000602
2023,TE,all,LV,baseline,5.61875,9.259437187933566,13.254603200383611,3.6406871879335654
2023,TE,all,MIA,baseline,3.41875,8.35748671411411,24.391120331338634,4.93873671411411
2023,TE,all,MIN,baseline,14.568750000000001,10.253971981913296,18.61730934536424,4.314778018086706
2023,TE,all,NE,baseline,11.225000000000001,8.572521264163782,7.035643444063306,2.652478735836219
2023,TE,all,NO,baseline,16.05125,13.685565009789304,5.596465472908179,2.3656849902106956
2023,TE,all,NYG,baseline,8.1125,8.65614581140532,0.29555076825854826,0.5436458114053195
2023,TE,all,NYJ,baseline,8.293750000000001,9.396820372687522,1.2167642471009856,1.1030703726875206
2023,TE,all,PHI,baseline,7.10625,9.175812640692026,4.283089523748152,2.069562640692026
2023,TE,all,PIT,baseline,4.20625,9.0951746844234,23.90158456996444,4.8889246844234
2023,TE,all,SEA,baseline,7.74375,11.842838379502535,16.802525542972713,4.099088379502534
2023,TE,all,SF,baseline,10.912500000000001,10.791558357037475,0.014626881002475133,0.12094164296252607
2023,TE,all,TB,baseline,6.625,8.733797176701035,4.4470255324622565,2.108797176701035
2023,TE,all,TEN,baseline,6.5875,10.185280389536317,12.944023731332088,3.5977803895363163
2023,TE,all,WAS,baseline,8.75,7.810940566071196,0.8818326204506863,0.9390594339288043
2023,TE,all,ARI,plus_sos,12.9875,9.373192013238938,13.063222223164804,3.6143079867610624
2023,TE,all,ATL,plus_sos,13.5375,9.000397941155589,20.585295092370195,4.537102058844411
2023,TE,all,BAL,plus_sos,12.70625,12.838802926563117,0.017570278340446943,0.13255292656311646
2023,TE,all,BUF,plus_sos,9.11875,8.961327754308565,0.02478176343853471,0.1574222456914356
2023,TE,all,CAR,plus_sos,6.65625,7.716512169726518,1.1241558685531836,1.060262169726518
2023,TE,all,CHI,plus_sos,10.4125,9.49739952338472,0.8374088823015117,0.9151004766152795
2023,TE,all,CIN,plus_sos,8.175,8.401170992191163,0.05115331770873501,0.22617099219116277
2023,TE,all,CLE,plus_sos,13.05625,9.80899436413063,10.54466916468539,3.2472556358693705
2023,TE,all,DAL,plus_sos,9.818750000000001,10.536310590031635,0.5148932003665454,0.7175605900316331
2023,TE,all,DEN,plus_sos,4.81875,9.269330833577488,19.80766975620729,4.450580833577488
2023,TE,all,DET,plus_sos,12.9625,10.56174812216325,5.763609578936684,2.4007518778367505
2023,TE,all,GB,plus_sos,8.475000000000001,8.839414029683345,0.13279758503005298,0.3644140296833438
2023,TE,all,HOU,plus_sos,10.16875,10.449308322755694,0.0787129724674888,0.28055832275569514
2023,TE,all,IND,plus_sos,9.61875,9.435112128781125,0.0337228677458004,0.18363787121887576
2023,TE,all,JAX,plus_sos,11.775,10.16285768313981,2.5990028498113413,1.61214231686019
2023,TE,all,KC,plus_sos,14.8625,15.457962043408507,0.3545750451402341,0.5954620434085065
2023,TE,all,LA,plus_sos,6.6000000000000005,8.949335754570347,5.51937848770262,2.3493357545703466
2023,TE,all,LAC,plus_sos,10.28125,9.42119137071589,0.7397008458060617,0.8600586292841097
2023,TE,all,LV,plus_sos,5.61875,9.247497606722236,13.167809193292353,3.6287476067222357
2023,TE,all,MIA,plus_sos,3.41875,8.397857368876515,24.791510190800413,4.979107368876515
2023,TE,all,MIN,plus_sos,14.568750000000001,10.357838039309236,17.731779540688546,4.2109119606907655
2023,TE,all,NE,plus_sos,11.225000000000001,8.659258326748233,6.583030333860783,2.565741673251768
2023,TE,all,NO,plus_sos,16.05125,13.640933158043847,5.809627278617481,2.4103168419561527
2023,TE,all,NYG,plus_sos,8.1125,8.761150590830464,0.42074758898470954,0.6486505908304636
2023,TE,all,NYJ,plus_sos,8.293750000000001,9.450976486177309,1.339173140310279,1.1572264861773078
2023,TE,all,PHI,plus_sos,7.10625,9.18089715188202,4.3041608048121756,2.0746471518820195
2023,TE,all,PIT,plus_sos,4.20625,9.043025073085902,23.394393107625135,4.836775073085902
2023,TE,all,SEA,plus_sos,7.74375,11.9293282607938,17.519065377229655,4.1855782607938
2023,TE,all,SF,plus_sos,10.912500000000001,10.666958425484998,0.06029066481530716,0.2455415745150038
2023,TE,all,TB,plus_sos,6.625,8.84298769779374,4.919469427564375,2.21798769779374
2023,TE,all,TEN,plus_sos,6.5875,10.17029696263983,12.836434075501186,3.5827969626398293
2023,TE,all,WAS,plus_sos,8.75,7.735003727571937,1.030217433042863,1.0149962724280632
2024,RB,early,ARI,baseline,19.900000000000002,18.487490460618634,1.9951831988433644,1.412509539381368
2024,RB,early,ATL,baseline,17.675,21.18474853842087,12.318334802947426,3.509748538420869
2024,RB,early,BAL,baseline,32.175000000000004,21.477222305893402,114.44244759252476,10.697777694106602
2024,RB,early,BUF,baseline,25.250000000000004,19.68627182853074,30.955071166000728,5.563728171469265
2024,RB,early,CAR,baseline,19.875,16.595437940179046,10.755527304217058,3.279562059820954
2024,RB,early,CHI,baseline,17.45,18.292507948970275,0.7098196440781013,0.842507948970276
2024,RB,early,CIN,baseline,22.325,18.375556055783466,15.598107468508646,3.949443944216533
2024,RB,early,CLE,baseline,13.899999999999999,20.58174706721207,44.64574387019712,6.681747067212072
2024,RB,early,DAL,baseline,16.875,18.38638841754171,2.284294948679234,1.5113884175417098
2024,RB,early,DEN,baseline,12.775000000000002,19.892086701937334,50.652923122893206,7.117086701937332
2024,RB,early,DET,baseline,33.2,23.73035355160772,89.67420385754856,9.469646448392282
2024,RB,early,GB,baseline,16.775,17.06845107028894,0.08611353065372553,0.2934510702889419
2024,RB,early,HOU,baseline,18.675,16.141923061233985,6.416478777708208,2.5330769387660155
2024,RB,early,IND,baseline,19.975,19.877643552926347,0.009478277786805211,0.0973564470736541
2024,RB,early,JAX,baseline,15.55,18.62831116347578,9.475999619179598,3.078311163475778
2024,RB,early,KC,baseline,15.200000000000001,19.72454617340986,20.47151807531779,4.524546173409858
2024,RB,early,LA,baseline,20.875,20.22066834193734,0.4281499187430291,0.6543316580626595
2024,RB,early,LAC,baseline,17.175,16.06465221402519,1.2328722058191617,1.1103477859748097
2024,RB,early,LV,baseline,14.250000000000002,17.3934219230362,9.881101386224593,3.1434219230361986
2024,RB,early,MIA,baseline,17.9,26.077365265893466,66.86930269184094,8.177365265893467
2024,RB,early,MIN,baseline,20.275,16.274077874684536,16.007377852838793,4.000922125315462
2024,RB,early,NE,baseline,18.0,18.1950166931461,0.03803151060564062,0.19501669314610126
2024,RB,early,NO,baseline,29.5,18.671640610508742,117.25336706798349,10.828359389491258
2024,RB,early,NYG,baseline,13.350000000000001,17.02873241050872,13.533072148127287,3.6787324105087187
2024,RB,early,NYJ,baseline,22.65,19.372133337541722,10.74440985685536,3.277866662458276
2024,RB,early,PHI,baseline,24.35,17.717670618332907,43.98779302692463,6.632329381667095
2024,RB,early,PIT,baseline,15.625,20.12678787336591,20.266094056784357,4.50178787336591
2024,RB,early,SEA,baseline,27.3,17.768943797321917,90.84103233860837,9.531056202678084
2024,RB,early,SF,baseline,18.325,23.687024104574753,28.751302498040694,5.362024104574754
2024,RB,early,TB,baseline,16.775,17.570350498420815,0.6325824153382414,0.7953504984208166
2024,RB,early,TEN,baseline,20.025,20.58030275231097,0.3083611467241406,0.5553027523109719
2024,RB,early,WAS,baseline,27.6,19.28186365622304,69.19139223366312,8.31813634377696
2024,RB,early,ARI,plus_sos,19.900000000000002,18.438283470321004,2.1366152131368144,1.4617165296789985
2024,RB,early,ATL,plus_sos,17.675,21.131318758742005,11.946139362031866,3.456318758742004
2024,RB,early,BAL,plus_sos,32.175000000000004,21.438149088449194,115.27996749686947,10.73685091155081
2024,RB,early,BUF,plus_sos,25.250000000000004,19.706349441973845,30.732061509503733,5.543650558026158
2024,RB,early,CAR,plus_sos,19.875,16.616401659007636,10.618463147918188,3.2585983409923642
2024,RB,early,CHI,plus_sos,17.45,18.26884392907209,0.6705053801782204,0.8188439290720915
2024,RB,early,CIN,plus_sos,22.325,18.43717868491117,15.115154578059029,3.8878213150888286
2024,RB,early,CLE,plus_sos,13.899999999999999,20.585856352868,44.7006751711854,6.685856352868001
2024,RB,early,DAL,plus_sos,16.875,18.366264292695902,2.22386919066981,1.4912642926959023
2024,RB,early,DEN,plus_sos,12.775000000000002,19.936919380060967,51.29308920649284,7.161919380060965
2024,RB,early,DET,plus_sos,33.2,23.738349067543986,89.52283836764582,9.461650932456017
2024,RB,early,GB,plus_sos,16.775,17.066630037083073,0.08504807852907512,0.291630037083074
2024,RB,early,HOU,plus_sos,18.675,16.19414545044281,6.154639296058607,2.48085454955719
2024,RB,early,IND,plus_sos,19.975,19.89486058767583,0.006422325407663667,0.0801394123241721
2024,RB,early,JAX,plus_sos,15.55,18.59167729525349,9.251800768460582,3.041677295253489
2024,RB,early,KC,plus_sos,15.200000000000001,19.69488334941527,20.203976324850636,4.49488334941527
2024,RB,early,LA,plus_sos,20.875,20.21407716569,0.4368189929123637,0.66092283431
2024,RB,early,LAC,plus_sos,17.175,16.121876318834506,1.109069487831563,1.053123681165495
2024,RB,early,LV,plus_sos,14.250000000000002,17.42128122134961,10.057024584884658,3.1712812213496075
2024,RB,early,MIA,plus_sos,17.9,26.068537885106892,66.72501118042659,8.168537885106893
2024,RB,early,MIN,plus_sos,20.275,16.278195490928375,15.974446283735258,3.996804509071623
2024,RB,early,NE,plus_sos,18.0,18.252246647270812,0.06362837105936568,0.2522466472708125
2024,RB,early,NO,plus_sos,29.5,18.65232637783288,117.67202301306037,10.847673622167122
2024,RB,early,NYG,plus_sos,13.350000000000001,17.029052693108223,13.53542871866686,3.679052693108222
2024,RB,early,NYJ,plus_sos,22.65,19.366387191036637,10.78211307918826,3.283612808963362
2024,RB,early,PHI,plus_sos,24.35,17.65671602095159,44.80005042418616,6.693283979048413
2024,RB,early,PIT,plus_sos,15.625,20.19653655455416,20.898946469624928,4.571536554554161
2024,RB,early,SEA,plus_sos,27.3,17.756371105454978,91.08085247679466,9.543628894545023
2024,RB,early,SF,plus_sos,18.325,23.633140989400196,28.176360763350505,5.308140989400197
2024,RB,early,TB,plus_sos,16.775,17.60234704594615,0.6845031344358231,0.8273470459461514
2024,RB,early,TEN,plus_sos,20.025,20.6116763814098,0.34418917650409964,0.5866763814098022
2024,RB,early,WAS,plus_sos,27.6,19.325063364927733,68.47457631446116,8.274936635072269
2024,RB,middle,ARI,baseline,20.633333333333333,19.069463793519507,2.445687937557508,1.563869539813826
2024,RB,middle,ATL,baseline,26.088888888888892,20.680911054572515,29.246224256457246,5.407977834316377
2024,RB,middle,BAL,baseline,23.84444444444445,20.855646299746937,8.93291434974729,2.988798144697512
2024,RB,middle,BUF,baseline,24.08888888888889,19.78566257620973,18.51775669813426,4.303226312679158
2024,RB,middle,CAR,baseline,16.67777777777778,17.939077763008424,1.5908776527428203,1.261299985230643
2024,RB,middle,CHI,baseline,18.06666666666667,18.95297363006989,0.7855400333770394,0.8863069634032215
2024,RB,middle,CIN,baseline,18.200000000000003,19.00258981079843,0.6441504043974546,0.8025898107984268
2024,RB,middle,CLE,baseline,13.333333333333334,20.320654437978337,48.822656219417475,6.9873211046450034
2024,RB,middle,DAL,baseline,14.899999999999999,19.009061486545633,16.88438630021262,4.1090614865456345
2024,RB,middle,DEN,baseline,16.855555555555554,19.90862441540655,9.321229462991857,3.0530688598509954
2024,RB,middle,DET,baseline,32.65777777777778,22.201754855164715,109.32841535820988,10.456022922613066
2024,RB,middle,GB,baseline,24.977777777777778,18.221674270636196,45.64493459921078,6.756103507141582
2024,RB,middle,HOU,baseline,23.6,17.668130271725616,35.18707847321803,5.9318697282743855
2024,RB,middle,IND,baseline,14.366666666666667,19.899995514410282,30.61772813727168,5.533328847743615
2024,RB,middle,JAX,baseline,15.433333333333334,19.153595578233116,13.840351170826766,3.720262244899782
2024,RB,middle,KC,baseline,18.17777777777778,19.80852916384984,2.659350083175944,1.6307513860720597
2024,RB,middle,LA,baseline,17.133333333333333,20.104931913071642,8.830398119102735,2.971598579738309
2024,RB,middle,LAC,baseline,16.977777777777778,17.621965651395584,0.4149780165162306,0.6441878736178062
2024,RB,middle,LV,baseline,15.43333333333333,18.41582454305222,8.895253816050452,2.9824912097188907
2024,RB,middle,MIA,baseline,23.3,23.60395126705823,0.092386372746302,0.3039512670582276
2024,RB,middle,MIN,baseline,15.966666666666669,17.747084715841467,3.1698884298273953,1.7804180491747985
2024,RB,middle,NE,baseline,17.45555555555556,18.894728548345082,2.0712189031747514,1.4391729927895227
2024,RB,middle,NO,baseline,16.711111111111112,19.17948228122192,6.092856233434193,2.4683711701108066
2024,RB,middle,NYG,baseline,17.200000000000003,18.197944792896457,0.9958938096691478,0.9979447928964547
2024,RB,middle,NYJ,baseline,19.077777777777783,19.597983979540906,0.27061449235281554,0.5202062017631235
2024,RB,middle,PHI,baseline,26.022222222222226,18.609543370418432,54.947807759979206,7.412678851803793
2024,RB,middle,PIT,baseline,21.81111111111111,20.0488440565959,3.105585171429713,1.7622670545152097
2024,RB,middle,SEA,baseline,19.87777777777778,18.640175968955184,1.531658237200962,1.2376018088225962
2024,RB,middle,SF,baseline,17.37777777777778,22.175868152175912,23.021671240892008,4.798090374398132
2024,RB,middle,TB,baseline,32.66666666666667,18.5215285802565,200.0849314836116,14.14513808641017
2024,RB,middle,TEN,baseline,14.488888888888889,20.319791547878708,33.99942581861454,5.830902658989819
2024,RB,middle,WAS,baseline,22.255555555555556,19.544053348314236,7.352244219874552,2.7115022072413204
2024,RB,middle,ARI,plus_sos,20.633333333333333,19.393071561069533,1.5382492637389418,1.2402617722637999
2024,RB,middle,ATL,plus_sos,26.088888888888892,20.7204513036746,28.82012210634145,5.368437585214291
2024,RB,middle,BAL,plus_sos,23.84444444444445,20.981762851742666,8.194945901193616,2.862681592701783
2024,RB,middle,BUF,plus_sos,24.08888888888889,19.72270027381842,19.06360302237099,4.36618861507047
2024,RB,middle,CAR,plus_sos,16.67777777777778,17.9611711535572,1.6470985569944916,1.2833933757794185
2024,RB,middle,CHI,plus_sos,18.06666666666667,19.06633917833667,0.9993451305886046,0.9996725116699992
2024,RB,middle,CIN,plus_sos,18.200000000000003,18.840565858965622,0.41032461967236145,0.6405658589656191
2024,RB,middle,CLE,plus_sos,13.333333333333334,20.503445090292587,51.4105026072853,7.170111756959253
2024,RB,middle,DAL,plus_sos,14.899999999999999,18.779919978534515,15.053779039831284,3.8799199785345166
2024,RB,middle,DEN,plus_sos,16.855555555555554,19.857123179238975,9.00940819954454,3.001567623683421
2024,RB,middle,DET,plus_sos,32.65777777777778,22.191040641591165,109.552586278028,10.466737136186616
2024,RB,middle,GB,plus_sos,24.977777777777778,17.764869518475617,52.02604555710933,7.212908259302161
2024,RB,middle,HOU,plus_sos,23.6,17.527597116577756,36.874076778594805,6.072402883422246
2024,RB,middle,IND,plus_sos,14.366666666666667,19.551291030559057,26.880329794666565,5.1846243638923895
2024,RB,middle,JAX,plus_sos,15.433333333333334,18.942170714723936,12.31193976904406,3.5088373813906024
2024,RB,middle,KC,plus_sos,18.17777777777778,19.915823844488525,3.0208041300086887,1.7380460667107442
2024,RB,middle,LA,plus_sos,17.133333333333333,20.05878689249045,8.558278526785038,2.9254535591571162
2024,RB,middle,LAC,plus_sos,16.977777777777778,17.591288008317235,0.37639480297657835,0.6135102305394575
2024,RB,middle,LV,plus_sos,15.43333333333333,18.298999469293957,8.212042402791509,2.865666135960627
2024,RB,middle,MIA,plus_sos,23.3,23.917070656012974,0.38077619451228173,0.6170706560129737
2024,RB,middle,MIN,plus_sos,15.966666666666669,17.739820523490486,3.1440745999691804,1.7731538568238179
2024,RB,middle,NE,plus_sos,17.45555555555556,18.80624094782283,1.8243510288841882,1.3506853922672697
2024,RB,middle,NO,plus_sos,16.711111111111112,19.10549776471618,5.733087446962075,2.3943866536050677
2024,RB,middle,NYG,plus_sos,17.200000000000003,18.315183429917884,1.243634082363409,1.1151834299178809
2024,RB,middle,NYJ,plus_sos,19.077777777777783,19.927025410917196,0.7212215423928949,0.849247633139413
2024,RB,middle,PHI,plus_sos,26.022222222222226,18.598487199610233,55.11184168595589,7.423735022611993
2024,RB,middle,PIT,plus_sos,21.81111111111111,20.180861430192678,2.657714022134649,1.630249680918432
2024,RB,middle,SEA,plus_sos,19.87777777777778,18.7332075546592,1.3100409956497188,1.1445702231185813
2024,RB,middle,SF,plus_sos,17.37777777777778,22.515542090863853,26.39662213682081,5.137764313086073
2024,RB,middle,TB,plus_sos,32.66666666666667,18.31283511364136,206.03248025262505,14.353831553025312
2024,RB,middle,TEN,plus_sos,14.488888888888889,20.307468288117647,33.8558662251293,5.818579399228758
2024,RB,middle,WAS,plus_sos,22.255555555555556,19.495185247570443,7.6196442372058275,2.760370307985113
2024,RB,playoffs,ARI,baseline,27.46666666666667,20.232039371721157,52.33983209677061,7.234627294945511
2024,RB,playoffs,ATL,baseline,23.46666666666667,20.374474664089302,9.561651380803426,3.0921920025773666
2024,RB,playoffs,BAL,baseline,25.599999999999998,20.389919454828018,27.144939287179557,5.21008054517198
2024,RB,playoffs,BUF,baseline,33.13333333333333,20.295343946107,164.81397150653595,12.837989387226333
2024,RB,playoffs,CAR,baseline,14.433333333333335,20.132124922991697,32.47622558236087,5.698791589658361
2024,RB,playoffs,CHI,baseline,9.266666666666667,20.221742844562016,120.01369406349015,10.955076177895348
2024,RB,playoffs,CIN,baseline,17.0,20.226128402426095,10.40790446894035,3.226128402426095
2024,RB,playoffs,CLE,baseline,18.166666666666668,20.342631700467507,4.734823828323887,2.175965033800839
2024,RB,playoffs,DAL,baseline,14.100000000000001,20.226700431712715,37.536458179948745,6.126700431712713
2024,RB,playoffs,DEN,baseline,15.566666666666668,20.30621250255276,22.4632947304652,4.7395458358860925
2024,RB,playoffs,DET,baseline,32.06666666666667,20.50890154644478,133.58193457421774,11.557765120221891
2024,RB,playoffs,GB,baseline,27.366666666666664,20.157103535174063,51.9778005469774,7.209563131492601
2024,RB,playoffs,HOU,baseline,9.366666666666667,20.108175963525248,115.38002197449933,10.741509296858581
2024,RB,playoffs,IND,baseline,28.233333333333334,20.30544979683727,62.85133736824535,7.927883536496065
2024,RB,playoffs,JAX,baseline,14.566666666666668,20.239475752447206,32.18076292371421,5.672809085780537
2024,RB,playoffs,KC,baseline,17.533333333333335,20.297365116253054,7.639871696990363,2.7640317829197194
2024,RB,playoffs,LA,baseline,16.766666666666666,20.323564057580207,12.651519049487554,3.556897390913541
2024,RB,playoffs,LAC,baseline,20.033333333333335,20.104095487947365,0.005007282525619921,0.07076215461403024
2024,RB,playoffs,LV,baseline,24.233333333333334,20.174264413772633,16.476040493743678,4.059068919560701
2024,RB,playoffs,MIA,baseline,19.333333333333332,20.63284122521224,1.6887207610555608,1.299507891878907
2024,RB,playoffs,MIN,baseline,19.400000000000002,20.115154720821998,0.511446274713987,0.7151547208219959
2024,RB,playoffs,NE,baseline,13.066666666666668,20.216594580982445,51.121469179911955,7.149927914315777
2024,RB,playoffs,NO,baseline,13.166666666666666,20.241763869593683,50.0570004308657,7.075097202927017
2024,RB,playoffs,NYG,baseline,14.733333333333334,20.15500609445646,29.394535528704466,5.421672761123126
2024,RB,playoffs,NYJ,baseline,14.366666666666665,20.27875509679505,34.95278960565789,5.912088430128383
2024,RB,playoffs,PHI,baseline,21.566666666666666,20.19138715708543,1.8913937294740069,1.3752795095812367
2024,RB,playoffs,PIT,baseline,17.5,20.318606470429508,7.9445424351470875,2.8186064704295077
2024,RB,playoffs,SEA,baseline,14.766666666666667,20.19409476237543,29.456975734088825,5.427428095708761
2024,RB,playoffs,SF,baseline,8.133333333333333,20.5066134292983,153.09806033320285,12.373280095964969
2024,RB,playoffs,TB,baseline,27.033333333333335,20.18360755878741,46.91874318647876,6.849725774545924
2024,RB,playoffs,TEN,baseline,24.433333333333337,20.34255542989596,16.734463855251505,4.0907779034373775
2024,RB,playoffs,WAS,baseline,12.633333333333333,20.273988186073222,58.37960657869761,7.640654852739889
2024,RB,playoffs,ARI,plus_sos,27.46666666666667,20.190121855521966,52.9481043885969,7.276544811144703
2024,RB,playoffs,ATL,plus_sos,23.46666666666667,20.989492816254604,6.136390285165335,2.477173850412065
2024,RB,playoffs,BAL,plus_sos,25.599999999999998,20.48240848599532,26.189742904212675,5.117591514004676
2024,RB,playoffs,BUF,plus_sos,33.13333333333333,20.08030556292569,170.38153397503308,13.053027770407642
2024,RB,playoffs,CAR,plus_sos,14.433333333333335,20.196777816077585,33.21729230567513,5.76344448274425
2024,RB,playoffs,CHI,plus_sos,9.266666666666667,20.134081930254435,118.10071451126039,10.867415263587768
2024,RB,playoffs,CIN,plus_sos,17.0,20.40609374624254,11.601474608192541,3.40609374624254
2024,RB,playoffs,CLE,plus_sos,18.166666666666668,20.05302406815678,3.5583442461565298,1.8863574014901126
2024,RB,playoffs,DAL,plus_sos,14.100000000000001,20.13680477976463,36.44301194898908,6.03680477976463
2024,RB,playoffs,DEN,plus_sos,15.566666666666668,20.737687620597992,26.739457705996816,5.171020953931324
2024,RB,playoffs,DET,plus_sos,32.06666666666667,20.230303058113844,140.09950347387368,11.836363608552826
2024,RB,playoffs,GB,plus_sos,27.366666666666664,20.372292857824036,48.92126497782373,6.994373808842628
2024,RB,playoffs,HOU,plus_sos,9.366666666666667,19.78559800228292,108.5541301762863,10.418931335616254
2024,RB,playoffs,IND,plus_sos,28.233333333333334,20.727310667543307,56.340376259353626,7.506022665790027
2024,RB,playoffs,JAX,plus_sos,14.566666666666668,20.482870768431447,35.001470973738385,5.916204101764778
2024,RB,playoffs,KC,plus_sos,17.533333333333335,20.15547086492858,6.875605234600412,2.6221375315952464
2024,RB,playoffs,LA,plus_sos,16.766666666666666,20.800255373875522,16.269837858922816,4.033588707208857
2024,RB,playoffs,LAC,plus_sos,20.033333333333335,20.259435058790753,0.051121990254821836,0.22610172545741847
2024,RB,playoffs,LV,plus_sos,24.233333333333334,19.865853797077893,19.074877499610043,4.367479536255441
2024,RB,playoffs,MIA,plus_sos,19.333333333333332,20.004686042361854,0.45071445991993514,0.6713527090285218
2024,RB,playoffs,MIN,plus_sos,19.400000000000002,20.849757002496986,2.1017953662890396,1.449757002496984
2024,RB,playoffs,NE,plus_sos,13.066666666666668,20.77623151188933,59.4373901026931,7.70956484522266
2024,RB,playoffs,NO,plus_sos,13.166666666666666,20.803149306130322,58.31586710282981,7.636482639463656
2024,RB,playoffs,NYG,plus_sos,14.733333333333334,20.237680676939945,30.297839679069153,5.504347343606611
2024,RB,playoffs,NYJ,plus_sos,14.366666666666665,19.84291726863293,29.989320655535884,5.476250601966266
2024,RB,playoffs,PHI,plus_sos,21.566666666666666,20.441987253059114,1.2649037833926275,1.1246794136075522
2024,RB,playoffs,PIT,plus_sos,17.5,19.858696192924818,5.563447730518028,2.3586961929248176
2024,RB,playoffs,SEA,plus_sos,14.766666666666667,20.303849066419186,30.660388928129063,5.537182399752519
2024,RB,playoffs,SF,plus_sos,8.133333333333333,19.46659390081094,128.44279509034283,11.333260567477605
2024,RB,playoffs,TB,plus_sos,27.033333333333335,20.458718534549185,43.225559752391554,6.57461479878415
2024,RB,playoffs,TEN,plus_sos,24.433333333333337,20.654375759665896,14.28052034357851,3.778957573667441
2024,RB,playoffs,WAS,plus_sos,12.633333333333333,19.784823870510063,51.14381690332832,7.1514905371767306
2024,RB,all,ARI,baseline,21.731250000000003,19.132835513772633,6.751757842236245,2.5984144862273695
2024,RB,all,ATL,baseline,23.49375,20.750861842665365,7.523435443646579,2.742888157334633
2024,RB,all,BAL,baseline,26.25625,20.926310480738074,28.408255278990065,5.329939519261927
2024,RB,all,BUF,baseline,26.075000000000003,19.851958326613847,38.72624766870077,6.223041673386156
2024,RB,all,CAR,baseline,17.05625,17.997834447722038,0.8865812721920184,0.9415844477220396
2024,RB,all,CHI,baseline,16.2625,19.015869755057494,7.581045008065369,2.753369755057495
2024,RB,all,CIN,baseline,19.00625,19.065688504139867,0.0035329357743848623,0.059438504139865955
2024,RB,all,CLE,baseline,14.381250000000001,20.38913440367596,36.094675007932835,6.007884403675959
2024,RB,all,DAL,baseline,15.24375,19.072186601846266,14.65692681435618,3.828436601846265
2024,RB,all,DEN,baseline,15.59375,19.975422183035384,19.19905111958607,4.381672183035384
2024,RB,all,DET,baseline,32.682500000000005,22.27791480366855,108.25539310771963,10.404585196331453
2024,RB,all,GB,baseline,23.375,18.281584714234686,25.942879273267753,5.093415285765314
2024,RB,all,HOU,baseline,19.700000000000003,17.725780757080905,3.897541619112056,1.974219242919098
2024,RB,all,IND,baseline,18.36875,19.966758052760188,2.553629736686412,1.5980080527601892
2024,RB,all,JAX,baseline,15.3,19.21731078395579,15.34532377809631,3.917310783955788
2024,RB,all,KC,baseline,17.3125,19.874918271843114,6.5659873998754525,2.5624182718431143
2024,RB,all,LA,baseline,18.0,20.172531146796075,4.719891583799069,2.172531146796075
2024,RB,all,LAC,baseline,17.6,17.679427660108608,0.006308753190328368,0.0794276601086068
2024,RB,all,LV,baseline,16.7875,18.476527645426582,2.85281438701526,1.689027645426581
2024,RB,all,MIA,baseline,21.206250000000004,23.685835973387796,6.148346599421483,2.479585973387792
2024,RB,all,MIN,baseline,17.6875,17.80505754909894,0.013819777350149743,0.11755754909894023
2024,RB,all,NE,baseline,16.76875,18.957386875699925,4.790131373673525,2.188636875699924
2024,RB,all,NO,baseline,19.24375,19.24330317478137,1.99652776001801e-07,0.0004468252186278221
2024,RB,all,NYG,baseline,15.775000000000002,18.2577583559779,6.164089054178067,2.4827583559778965
2024,RB,all,NYJ,baseline,19.0875,19.66351349312835,0.331791544265924,0.5760134931283503
2024,RB,all,PHI,baseline,24.76875,18.67103737010472,37.18209931678442,6.09771262989528
2024,RB,all,PIT,baseline,19.45625,20.116214300007307,0.4355528772841341,0.6599643000073065
2024,RB,all,SEA,baseline,20.775,18.70179503258166,4.298178836928072,2.073204967418338
2024,RB,all,SF,baseline,15.881250000000001,22.251922412842966,40.585466991758395,6.370672412842964
2024,RB,all,TB,baseline,27.6375,18.582663241297723,81.99006872674595,9.054836758702276
2024,RB,all,TEN,baseline,17.7375,20.38826799064844,7.026570940246367,2.65076799064844
2024,RB,all,WAS,baseline,21.7875,19.60936267890838,4.744282189532188,2.178137321091622
2024,RB,all,ARI,plus_sos,21.731250000000003,19.229946105034266,6.256521174970767,2.501303894965737
2024,RB,all,ATL,plus_sos,23.49375,20.823218645791904,7.131737713808518,2.6705313542080944
2024,RB,all,BAL,plus_sos,26.25625,20.943520584433386,28.225093843026787,5.312729415566615
2024,RB,all,BUF,plus_sos,26.075000000000003,19.79335207568064,39.45910064510575,6.281647924319362
2024,RB,all,CAR,plus_sos,17.05625,18.090413176384438,1.0694934753895522,1.034163176384439
2024,RB,all,CHI,plus_sos,16.2625,19.010207146504396,7.549894562951332,2.7477071465043963
2024,RB,all,CIN,plus_sos,19.00625,19.164974166103868,0.02519336090536767,0.15872416610386608
2024,RB,all,CLE,plus_sos,14.381250000000001,20.449247324711873,36.82059153271043,6.067997324711872
2024,RB,all,DAL,plus_sos,15.24375,18.818296127538822,12.777380017902788,3.574546127538822
2024,RB,all,DEN,plus_sos,15.59375,20.188885970721767,21.115274589421077,4.595135970721767
2024,RB,all,DET,plus_sos,32.682500000000005,22.206729062635223,109.7417767321366,10.475770937364782
2024,RB,all,GB,plus_sos,23.375,17.99894722256928,28.901943465720542,5.3760527774307185
2024,RB,all,HOU,plus_sos,19.700000000000003,17.662899732620378,4.149777499358139,2.037100267379625
2024,RB,all,IND,plus_sos,18.36875,19.87963127343781,2.28276222242506,1.5108812734378105
2024,RB,all,JAX,plus_sos,15.3,19.033511612712406,13.939108962258386,3.7335116127124053
2024,RB,all,KC,plus_sos,17.3125,19.832061537590544,6.348190341705626,2.519561537590544
2024,RB,all,LA,plus_sos,18.0,20.264930476135095,5.129910061725551,2.2649304761350955
2024,RB,all,LAC,plus_sos,17.6,17.857858580983688,0.06649104778692048,0.25785858098368664
2024,RB,all,LV,plus_sos,16.7875,18.37001680489269,2.5043594377677607,1.5825168048926876
2024,RB,all,MIA,plus_sos,21.206250000000004,23.706100032913586,6.249250187058035,2.4998500329135815
2024,RB,all,MIN,plus_sos,17.6875,18.033845837678033,0.11995543927689843,0.34634583767803306
2024,RB,all,NE,plus_sos,16.76875,19.215472634942792,5.986451652341395,2.446722634942791
2024,RB,all,NO,plus_sos,19.24375,19.306149887871292,0.0038937460063500533,0.06239988787129391
2024,RB,all,NYG,plus_sos,15.775000000000002,18.371517810127596,6.741904738309795,2.596517810127594
2024,RB,all,NYJ,plus_sos,19.0875,19.762284900919575,0.45533466250904214,0.6747849009195761
2024,RB,all,PHI,plus_sos,24.76875,18.574137926687303,38.37321873883143,6.1946120733126975
2024,RB,all,PIT,plus_sos,19.45625,20.263635495882212,0.6518713389609649,0.8073854958822118
2024,RB,all,SEA,plus_sos,20.775,18.770834193281907,4.0166805808179795,2.004165806718092
2024,RB,all,SF,plus_sos,15.881250000000001,22.045119599983416,37.993288445599696,6.163869599983414
2024,RB,all,TB,plus_sos,27.6375,18.59582805081326,81.75183163671032,9.041671949186739
2024,RB,all,TEN,plus_sos,17.7375,20.55843733708092,7.957687459737194,2.8209373370809203
2024,RB,all,WAS,plus_sos,21.7875,19.5403855852439,5.049523193004656,2.2471144147561013
2024,WR,early,ARI,baseline,25.4,24.700934765117218,0.48869220262171753,0.6990652348827808
2024,WR,early,ATL,baseline,26.025000000000002,21.502161763375284,20.45606571467459,4.522838236624718
2024,WR,early,BAL,baseline,16.975,26.813332030418493,96.79277714075845,9.838332030418492
2024,WR,early,BUF,baseline,23.125000000000004,30.08772122326645,48.479486832924984,6.9627212232664455
2024,WR,early,CAR,baseline,26.825000000000003,26.854955621853,0.0008973392805998475,0.029955621852998604
2024,WR,early,CHI,baseline,21.175000000000004,25.238572821146278,16.512624072758683,4.063572821146273
2024,WR,early,CIN,baseline,28.775,31.659705526443034,8.321525974290989,2.8847055264430352
2024,WR,early,CLE,baseline,23.25,26.386690218214788,9.838825525044335,3.136690218214788
2024,WR,early,DAL,baseline,31.049999999999997,35.78321598455495,22.40333355644651,4.733215984554953
2024,WR,early,DEN,baseline,20.75,27.88167087723753,50.8607295012379,7.131670877237529
2024,WR,early,DET,baseline,30.244999999999997,31.475174271083375,1.51332873723552,1.2301742710833778
2024,WR,early,GB,baseline,36.825,33.346848432588416,12.097538325887676,3.4781515674115866
2024,WR,early,HOU,baseline,38.905,32.207055753806806,44.86245712511253,6.697944246193195
2024,WR,early,IND,baseline,27.450000000000003,27.55561941100055,0.01115545998010234,0.10561941100054639
2024,WR,early,JAX,baseline,25.5,28.59482174381543,9.57792162599278,3.09482174381543
2024,WR,early,KC,baseline,28.775,27.29894059715442,2.1787513607288456,1.4760594028455785
2024,WR,early,LA,baseline,29.725,33.28580049848447,12.679300190007238,3.5608004984844683
2024,WR,early,LAC,baseline,22.400000000000002,30.8459643138984,71.33431319164522,8.445964313898397
2024,WR,early,LV,baseline,30.450000000000003,30.14252561865522,0.0945404951833567,0.30747438134478244
2024,WR,early,MIA,baseline,19.325000000000003,34.63509858748643,234.39911875855395,15.31009858748643
2024,WR,early,MIN,baseline,35.349999999999994,30.50395713761153,23.484131424106188,4.846042862388465
2024,WR,early,NE,baseline,11.0,23.67768814235223,160.72377663473836,12.677688142352231
2024,WR,early,NO,baseline,23.925,29.015913743827866,25.917402747095455,5.0909137438278655
2024,WR,early,NYG,baseline,32.775000000000006,25.3634435954498,54.93116833782915,7.411556404550204
2024,WR,early,NYJ,baseline,25.199999999999996,22.83827904842299,5.577725853117797,2.3617209515770057
2024,WR,early,PHI,baseline,21.799999999999997,30.79879091027263,80.97823784680534,8.998790910272632
2024,WR,early,PIT,baseline,16.9,26.410970646551583,90.45856263956586,9.510970646551584
2024,WR,early,SEA,baseline,33.575,30.836945869087593,7.496940423806512,2.73805413091241
2024,WR,early,SF,baseline,32.4,31.02772066316242,1.8831505783113855,1.372279336837579
2024,WR,early,TB,baseline,36.15,31.398864353453448,22.573289931885313,4.751135646546551
2024,WR,early,TEN,baseline,18.875,25.66174600073044,46.05992127843061,6.786746000730439
2024,WR,early,WAS,baseline,22.799999999999997,29.073493045312276,39.356714989581526,6.273493045312279
2024,WR,early,ARI,plus_sos,25.4,26.436844859770083,1.0750472632316468,1.0368448597700848
2024,WR,early,ATL,plus_sos,26.025000000000002,21.57488175355543,19.803552407338906,4.450118246444571
2024,WR,early,BAL,plus_sos,16.975,25.072045399403518,65.56214420000164,8.097045399403516
2024,WR,early,BUF,plus_sos,23.125000000000004,29.99556726391845,47.204694528027794,6.870567263918446
2024,WR,early,CAR,plus_sos,26.825000000000003,27.243396739270448,0.17505583143214098,0.4183967392704453
2024,WR,early,CHI,plus_sos,21.175000000000004,25.594200769674668,19.52933544269314,4.419200769674664
2024,WR,early,CIN,plus_sos,28.775,31.38454596696391,6.80973015369761,2.6095459669639105
2024,WR,early,CLE,plus_sos,23.25,26.465691087505427,10.340669170261833,3.2156910875054265
2024,WR,early,DAL,plus_sos,31.049999999999997,35.070067833503536,16.16094538596984,4.020067833503539
2024,WR,early,DEN,plus_sos,20.75,26.843189175444348,37.126954327752166,6.093189175444348
2024,WR,early,DET,plus_sos,30.244999999999997,32.12698222788064,3.541857106058582,1.8819822278806413
2024,WR,early,GB,plus_sos,36.825,35.28566517756876,2.3695516955494274,1.5393348224312433
2024,WR,early,HOU,plus_sos,38.905,32.624866937166566,39.44007128689367,6.2801330628334355
2024,WR,early,IND,plus_sos,27.450000000000003,26.978690844128764,0.22213232040806008,0.4713091558712392
2024,WR,early,JAX,plus_sos,25.5,27.52120677001931,4.085276807171899,2.0212067700193117
2024,WR,early,KC,plus_sos,28.775,27.386611642307717,1.9276222317754719,1.388388357692282
2024,WR,early,LA,plus_sos,29.725,33.88020252201776,17.26570799898275,4.15520252201776
2024,WR,early,LAC,plus_sos,22.400000000000002,29.300863110482467,47.621911669617724,6.900863110482465
2024,WR,early,LV,plus_sos,30.450000000000003,29.14287483629717,1.708576193585155,1.3071251637028318
2024,WR,early,MIA,plus_sos,19.325000000000003,34.956749996298356,244.35160794677356,15.631749996298353
2024,WR,early,MIN,plus_sos,35.349999999999994,30.723706511959858,21.402591437482574,4.626293488040137
2024,WR,early,NE,plus_sos,11.0,22.782107750060728,138.81806303404107,11.782107750060728
2024,WR,early,NO,plus_sos,23.925,28.633750661908717,22.172332796025774,4.7087506619087165
2024,WR,early,NYG,plus_sos,32.775000000000006,25.918041238916157,47.017883451204554,6.856958761083849
2024,WR,early,NYJ,plus_sos,25.199999999999996,23.017432096119734,4.76360265504828,2.182567903880262
2024,WR,early,PHI,plus_sos,21.799999999999997,30.12423894395572,69.2929539960691,8.324238943955724
2024,WR,early,PIT,plus_sos,16.9,26.237586848521833,87.19052815368792,9.337586848521834
2024,WR,early,SEA,plus_sos,33.575,31.449037135381687,4.519718101736116,2.125962864618316
2024,WR,early,SF,plus_sos,32.4,30.439535754414337,3.843420058219759,1.960464245585662
2024,WR,early,TB,plus_sos,36.15,34.324897526656244,3.3309990382054906,1.8251024733437546
2024,WR,early,TEN,plus_sos,18.875,24.122971641827153,27.541206353421984,5.247971641827153
2024,WR,early,WAS,plus_sos,22.799999999999997,30.074778911596,52.92240821260191,7.274778911596002
2024,WR,middle,ARI,baseline,17.288888888888888,24.645928640334624,54.12603390435274,7.357039751445736
2024,WR,middle,ATL,baseline,35.03333333333333,22.371224200556675,160.329007690346,12.662109132776656
2024,WR,middle,BAL,baseline,27.84444444444445,26.14809194962195,2.8776117866905153,1.6963524948224986
2024,WR,middle,BUF,baseline,28.277777777777782,28.476568409338263,0.03951771519621492,0.19879063156048105
2024,WR,middle,CAR,baseline,24.622222222222224,26.177691226652243,2.419483823742516,1.5554690044300195
2024,WR,middle,CHI,baseline,30.26666666666667,25.028252635309233,27.440981563922467,5.238414031357436
2024,WR,middle,CIN,baseline,40.333333333333336,29.59443443851563,115.32394947311693,10.738898894817705
2024,WR,middle,CLE,baseline,30.466666666666672,25.844699360061455,21.36258178332749,4.621967306605217
2024,WR,middle,DAL,baseline,29.28888888888889,32.526736149649906,10.483654884017607,3.237847260761015
2024,WR,middle,DEN,baseline,33.25555555555555,26.90780672673278,40.29391519382089,6.347748828822773
2024,WR,middle,DET,baseline,32.12222222222223,29.46321097701467,7.070340802140252,2.6590112452075587
2024,WR,middle,GB,baseline,27.822222222222223,30.79419180081014,8.83260317605204,2.9719695785879168
2024,WR,middle,HOU,baseline,24.700000000000003,29.98366493146397,27.91711510798213,5.283664931463967
2024,WR,middle,IND,baseline,28.49555555555556,26.675945723328823,3.310979941536208,1.8196098322267353
2024,WR,middle,JAX,baseline,23.366666666666664,27.414941006518454,16.38852513070245,4.04827433985179
2024,WR,middle,KC,baseline,24.0,26.49341684830869,6.217127579429644,2.4934168483086907
2024,WR,middle,LA,baseline,42.12222222222223,30.75077952783238,129.30970895179226,11.371442694389849
2024,WR,middle,LAC,baseline,28.34444444444445,29.015768572573418,0.4506760850081204,0.671324128128969
2024,WR,middle,LV,baseline,19.833333333333332,28.515540790761484,75.38072633382102,8.682207457428152
2024,WR,middle,MIA,baseline,24.266666666666666,31.710289424897677,55.407519766854655,7.443622758231012
2024,WR,middle,MIN,baseline,32.30888888888889,28.772561179641187,12.505613667193089,3.5363277092477006
2024,WR,middle,NE,baseline,19.755555555555553,23.918279746673278,17.32827269131672,4.162724191117725
2024,WR,middle,NO,baseline,19.57777777777778,27.714387025808243,66.20441005513487,8.136609248030464
2024,WR,middle,NYG,baseline,21.477777777777778,25.11705046640011,13.244305702152408,3.6392726886223308
2024,WR,middle,NYJ,baseline,29.877777777777776,23.321360993229053,42.98660105271222,6.556416784548723
2024,WR,middle,PHI,baseline,22.488888888888894,28.982222725272422,42.16338431072322,6.493333836383528
2024,WR,middle,PIT,baseline,23.1,25.861965604995795,7.628454003179782,2.761965604995794
2024,WR,middle,SEA,baseline,28.744444444444444,29.009355395883524,0.07017781219235904,0.26491095143908083
2024,WR,middle,SF,baseline,22.044444444444444,29.14501874893903,50.41815545364877,7.100574304494586
2024,WR,middle,TB,baseline,28.255555555555556,29.408945635792467,1.3303086771889066,1.1533900802369104
2024,WR,middle,TEN,baseline,26.68888888888889,25.329178618450534,1.8488120195355469,1.359710270438356
2024,WR,middle,WAS,baseline,28.111111111111118,27.755332692366814,0.12657828324419737,0.35577841874430405
2024,WR,middle,ARI,plus_sos,17.288888888888888,24.615180168773456,53.67454391771267,7.326291279884568
2024,WR,middle,ATL,plus_sos,35.03333333333333,22.41484037457008,159.22636455035777,12.618492958763252
2024,WR,middle,BAL,plus_sos,27.84444444444445,26.965335967746224,0.7728317138026727,0.8791084766982245
2024,WR,middle,BUF,plus_sos,28.277777777777782,28.105230837267204,0.02977244667956108,0.1725469405105784
2024,WR,middle,CAR,plus_sos,24.622222222222224,26.57931703932878,3.830220123145352,1.957094817106558
2024,WR,middle,CHI,plus_sos,30.26666666666667,25.483906519804002,22.874794622417806,4.7827601468626675
2024,WR,middle,CIN,plus_sos,40.333333333333336,29.67652156338778,113.56763710005012,10.656811769945556
2024,WR,middle,CLE,plus_sos,30.466666666666672,26.461390151486253,16.042239963055806,4.0052765151804195
2024,WR,middle,DAL,plus_sos,29.28888888888889,33.426871971807415,17.12290399451989,4.137983082918524
2024,WR,middle,DEN,plus_sos,33.25555555555555,26.154487710907702,50.425164534291675,7.101067844647851
2024,WR,middle,DET,plus_sos,32.12222222222223,29.40312733767298,7.393476991181879,2.7190948845492464
2024,WR,middle,GB,plus_sos,27.822222222222223,31.29239725934702,12.042114788284085,3.470175037124797
2024,WR,middle,HOU,plus_sos,24.700000000000003,29.595376714190316,23.964713173836746,4.895376714190313
2024,WR,middle,IND,plus_sos,28.49555555555556,26.66068147293215,3.3667628990830925,1.8348740826234078
2024,WR,middle,JAX,plus_sos,23.366666666666664,27.996392547847922,21.434361734879577,4.629725881181258
2024,WR,middle,KC,plus_sos,24.0,26.232055489497338,4.9820717081952,2.2320554894973377
2024,WR,middle,LA,plus_sos,42.12222222222223,30.965397153078534,124.47474562347317,11.156825069143693
2024,WR,middle,LAC,plus_sos,28.34444444444445,28.49521777607944,0.022732597532314866,0.15077333163499063
2024,WR,middle,LV,plus_sos,19.833333333333332,28.316947103089703,71.9717025943999,8.48361376975637
2024,WR,middle,MIA,plus_sos,24.266666666666666,31.090023343395536,46.55819633786046,6.823356676728871
2024,WR,middle,MIN,plus_sos,32.30888888888889,28.6405875949335,13.456434383234772,3.6683012939553876
2024,WR,middle,NE,plus_sos,19.755555555555553,23.739524904625537,15.87201177432911,3.9839693490699837
2024,WR,middle,NO,plus_sos,19.57777777777778,27.498618951642943,62.73972490159766,7.920841173865163
2024,WR,middle,NYG,plus_sos,21.477777777777778,25.52035179090386,16.342404651602312,4.042574013126082
2024,WR,middle,NYJ,plus_sos,29.877777777777776,23.247244171008813,43.96397591049264,6.630533606768964
2024,WR,middle,PHI,plus_sos,22.488888888888894,29.0914603513521,43.593949916933525,6.602571462463207
2024,WR,middle,PIT,plus_sos,23.1,25.433058389506257,5.443161448845525,2.333058389506256
2024,WR,middle,SEA,plus_sos,28.744444444444444,28.623292571686413,0.014677776272778017,0.12115187275803052
2024,WR,middle,SF,plus_sos,22.044444444444444,28.742420350270944,44.86288123503232,6.6979759058265
2024,WR,middle,TB,plus_sos,28.255555555555556,28.735427906031944,0.23027747275173313,0.47987235047638777
2024,WR,middle,TEN,plus_sos,26.68888888888889,25.9698053701317,0.517081106948224,0.7190835187571913
2024,WR,middle,WAS,plus_sos,28.111111111111118,27.706439072399412,0.1637594589150881,0.40467203871170554
2024,WR,playoffs,ARI,baseline,17.566666666666666,23.268091046332394,32.50623995704672,5.701424379665728
2024,WR,playoffs,ATL,baseline,21.200000000000003,20.69756797645514,0.2524379382833855,0.5024320235448627
2024,WR,playoffs,BAL,baseline,24.033333333333335,24.965606281156994,0.8691328492438146,0.9322729478236589
2024,WR,playoffs,BUF,baseline,25.666666666666668,27.596894264202028,3.7257785782871284,1.9302275975353602
2024,WR,playoffs,CAR,baseline,33.13333333333333,24.999054857212656,66.16648632708012,8.134278476120677
2024,WR,playoffs,CHI,baseline,31.033333333333335,23.700135153717966,53.775795541514164,7.333198179615369
2024,WR,playoffs,CIN,baseline,45.63333333333333,28.86013548657068,281.3401660066433,16.773197846762653
2024,WR,playoffs,CLE,baseline,13.933333333333335,24.62275837658651,114.26380775532814,10.689425043253175
2024,WR,playoffs,DAL,baseline,36.166666666666664,32.173774421151116,15.9431884842982,3.9928922455155487
2024,WR,playoffs,DEN,baseline,29.666666666666668,25.824119733252196,14.765166935492958,3.8425469334144715
2024,WR,playoffs,DET,baseline,44.86666666666667,28.711846799390596,260.97820494413764,16.15481986727607
2024,WR,playoffs,GB,baseline,29.833333333333332,30.215917769359983,0.14637085068983047,0.3825844360266508
2024,WR,playoffs,HOU,baseline,27.133333333333336,29.29998426170257,4.694376245403259,2.166650928369233
2024,WR,playoffs,IND,baseline,27.133333333333336,25.562105887482883,2.468755686593741,1.5712274458504538
2024,WR,playoffs,JAX,baseline,35.5,26.397205336339123,82.86087068877293,9.102794663660877
2024,WR,playoffs,KC,baseline,34.199999999999996,25.355839668472996,78.21917196975578,8.844160331527
2024,WR,playoffs,LA,baseline,17.666666666666668,30.166859857811687,156.2548298159483,12.50019319114502
2024,WR,playoffs,LAC,baseline,37.56666666666667,28.20621582468258,87.61803996520065,9.36045084198409
2024,WR,playoffs,LV,baseline,16.533333333333335,27.640934889341978,123.37881232704562,11.107601556008643
2024,WR,playoffs,MIA,baseline,17.633333333333333,31.25115119828257,185.44496340293063,13.617817864949238
2024,WR,playoffs,MIN,baseline,40.166666666666664,27.931380024758596,149.702239209654,12.235286641908068
2024,WR,playoffs,NE,baseline,21.566666666666666,22.445813551630824,0.7728992453421816,0.8791468849641575
2024,WR,playoffs,NO,baseline,11.88,26.73559343076885,220.68865618030264,14.85559343076885
2024,WR,playoffs,NYG,baseline,36.53333333333333,23.800480881884937,162.1255315503554,12.732852451448395
2024,WR,playoffs,NYJ,baseline,33.93333333333333,21.771267267841736,147.91585098138216,12.162066065491594
2024,WR,playoffs,PHI,baseline,36.46666666666667,28.168307438486174,68.86276587992838,8.298359228180495
2024,WR,playoffs,PIT,baseline,14.966666666666667,24.642270045952312,93.6173007532438,9.675603379285645
2024,WR,playoffs,SEA,baseline,24.233333333333334,28.198968633203854,15.726263331579151,3.96563529987052
2024,WR,playoffs,SF,baseline,29.76666666666667,28.352274606792285,2.000504899035703,1.414392059874384
2024,WR,playoffs,TB,baseline,48.333333333333336,28.650524409955228,387.41296711421285,19.682808923378108
2024,WR,playoffs,TEN,baseline,21.5,24.040195676950482,6.452594077197918,2.540195676950482
2024,WR,playoffs,WAS,baseline,39.76666666666667,26.78186396097918,168.60510130562923,12.984802705687493
2024,WR,playoffs,ARI,plus_sos,17.566666666666666,23.14697276826936,31.139816187584263,5.5803061016026945
2024,WR,playoffs,ATL,plus_sos,21.200000000000003,21.235334901763128,0.0012485552826097125,0.03533490176312526
2024,WR,playoffs,BAL,plus_sos,24.033333333333335,25.0647543334129,1.0638292794051294,1.0314210000795647
2024,WR,playoffs,BUF,plus_sos,25.666666666666668,27.360641808662788,2.8695517817007743,1.6939751419961198
2024,WR,playoffs,CAR,plus_sos,33.13333333333333,24.91145148459387,67.59934113463147,8.221881848739464
2024,WR,playoffs,CHI,plus_sos,31.033333333333335,24.172744117824458,47.06768438395672,6.8605892155088775
2024,WR,playoffs,CIN,plus_sos,45.63333333333333,28.740876536565537,285.3550966306665,16.892456796767796
2024,WR,playoffs,CLE,plus_sos,13.933333333333335,24.54843685347078,112.68042274323435,10.615103520137444
2024,WR,playoffs,DAL,plus_sos,36.166666666666664,32.40274144299201,14.167133089414296,3.7639252236746543
2024,WR,playoffs,DEN,plus_sos,29.666666666666668,26.054790125415696,13.045652149239082,3.6118765412509717
2024,WR,playoffs,DET,plus_sos,44.86666666666667,28.530056802167817,266.8848218648412,16.33660986449885
2024,WR,playoffs,GB,plus_sos,29.833333333333332,30.300339044900152,0.2180943346360319,0.46700571156682
2024,WR,playoffs,HOU,plus_sos,27.133333333333336,28.989562957339004,3.445588417036222,1.8562296240056675
2024,WR,playoffs,IND,plus_sos,27.133333333333336,25.830380213244197,1.6976868331500226,1.302953120089139
2024,WR,playoffs,JAX,plus_sos,35.5,26.04785159574233,89.34310945611082,9.45214840425767
2024,WR,playoffs,KC,plus_sos,34.199999999999996,25.085426993174497,83.075441096752,9.114573006825498
2024,WR,playoffs,LA,plus_sos,17.666666666666668,29.700715119558435,144.81832216654672,12.034048452891767
2024,WR,playoffs,LAC,plus_sos,37.56666666666667,28.203967482163087,87.66013601950407,9.362699184503583
2024,WR,playoffs,LV,plus_sos,16.533333333333335,27.45363932554347,119.25308296350059,10.920305992210135
2024,WR,playoffs,MIA,plus_sos,17.633333333333333,30.988368288365006,178.35695865011783,13.355034955031673
2024,WR,playoffs,MIN,plus_sos,40.166666666666664,27.864704658340205,151.33826925430756,12.30196200832646
2024,WR,playoffs,NE,plus_sos,21.566666666666666,22.501616875362767,0.8741318927408829,0.934950208696101
2024,WR,playoffs,NO,plus_sos,11.88,27.002068316715174,228.6769501754009,15.122068316715174
2024,WR,playoffs,NYG,plus_sos,36.53333333333333,23.504184050326042,169.75873103888935,13.029149283007289
2024,WR,playoffs,NYJ,plus_sos,33.93333333333333,21.831580691138683,146.4524170128651,12.101752642194647
2024,WR,playoffs,PHI,plus_sos,36.46666666666667,28.340616025006863,66.03269903081974,8.126050641659806
2024,WR,playoffs,PIT,plus_sos,14.966666666666667,24.713908336297013,95.00872016617818,9.747241669630347
2024,WR,playoffs,SEA,plus_sos,24.233333333333334,28.25811885704355,16.198898511867306,4.024785523710214
2024,WR,playoffs,SF,plus_sos,29.76666666666667,28.726108350592003,1.0827616091521441,1.0405583160746659
2024,WR,playoffs,TB,plus_sos,48.333333333333336,28.454602780824427,395.16392837925116,19.87873055250891
2024,WR,playoffs,TEN,plus_sos,21.5,24.155630003336036,7.0523707146185535,2.655630003336036
2024,WR,playoffs,WAS,plus_sos,39.76666666666667,26.925345311743918,164.8995341403952,12.841321354922755
2024,WR,all,ARI,baseline,19.368750000000002,24.403805886967152,25.351787784882557,5.03505588696715
2024,WR,all,ATL,baseline,30.1875,21.8408713753235,69.66620939826915,8.346628624676502
2024,WR,all,BAL,baseline,24.4125,26.0963098097507,2.8352154754126837,1.6838098097506986
2024,WR,all,BUF,baseline,26.5,28.719829847694324,4.927644552714607,2.2198298476943243
2024,WR,all,CAR,baseline,26.76875,26.129659640741508,0.4084364872971492,0.6390903592584927
2024,WR,all,CHI,baseline,28.1375,24.8345745372651,10.909316612382538,3.3029254627348976
2024,WR,all,CIN,baseline,38.4375,29.97934179811387,71.54044016813359,8.458158201886128
2024,WR,all,CLE,baseline,25.5625,25.75447404209491,0.03685403283825789,0.19197404209490898
2024,WR,all,DAL,baseline,31.018750000000004,33.283198388269994,5.127726503138557,2.26444838826999
2024,WR,all,DEN,baseline,29.45625,26.95228880518146,6.2698216651570915,2.5039611948185403
2024,WR,all,DET,baseline,34.042500000000004,29.831490880721283,17.73259780264855,4.211009119278721
2024,WR,all,GB,baseline,30.45,31.331121614274654,0.776375299141973,0.8811216142746545
2024,WR,all,HOU,baseline,28.7075,30.417892075643003,2.925441052422382,1.7103920756430036
2024,WR,all,IND,baseline,27.97875,26.69104846242012,1.6581752498855904,1.2877015375798813
2024,WR,all,JAX,baseline,26.175,27.523682576157317,1.818944691230334,1.3486825761573158
2024,WR,all,KC,baseline,27.10625,26.485391171310134,0.3854656851621515,0.6208588286898653
2024,WR,all,LA,baseline,34.4375,31.282208528821467,9.95586426809199,3.1552914711785327
2024,WR,all,LAC,baseline,28.587500000000002,29.327352602243558,0.5473818730465606,0.7398526022435554
2024,WR,all,LV,baseline,21.868750000000002,28.763740458498887,47.54089342279067,6.894990458498885
2024,WR,all,MIA,baseline,21.7875,32.36329888344018,111.84752202297453,10.575798883440179
2024,WR,all,MIN,baseline,34.542500000000004,29.05332815760241,30.13100751537058,5.489171842397592
2024,WR,all,NE,baseline,17.90625,23.583955875109773,32.23634400425603,5.677705875109773
2024,WR,all,NO,baseline,19.22125,27.861071699681,74.64651900227864,8.639821699680997
2024,WR,all,NYG,baseline,27.125,24.934624030237526,4.7977468889129,2.1903759697624743
2024,WR,all,NYJ,baseline,29.46875,22.91140095012846,42.99882656185119,6.55734904987154
2024,WR,all,PHI,baseline,24.9375,29.289556127120644,18.94039253360834,4.352056127120644
2024,WR,all,PIT,baseline,20.025000000000002,25.773928110172882,33.05017441593592,5.74892811017288
2024,WR,all,SEA,baseline,29.106250000000003,29.320126805528883,0.045743287943238356,0.21387680552888
2024,WR,all,SF,baseline,26.081250000000004,29.472980197570088,11.503833733108799,3.3917301975700838
2024,WR,all,TB,baseline,33.993750000000006,29.7703495239048,17.837111581481196,4.223400476095204
2024,WR,all,TEN,baseline,23.762500000000003,25.173631152338324,1.991291129099677,1.4111311523383208
2024,WR,all,WAS,baseline,28.96875,27.907205632551616,1.12687644406139,1.0615443674483842
2024,WR,all,ARI,plus_sos,19.368750000000002,24.94231398776368,31.064615525696144,5.573563987763677
2024,WR,all,ATL,plus_sos,30.1875,22.638851121713532,56.982099887655544,7.548648878286468
2024,WR,all,BAL,plus_sos,24.4125,26.729788385020083,5.369825459348976,2.317288385020081
2024,WR,all,BUF,plus_sos,26.5,27.808786602652592,1.7129223712829145,1.3087866026525923
2024,WR,all,CAR,plus_sos,26.76875,26.79506476956971,0.0006924670975068603,0.026314769569708574
2024,WR,all,CHI,plus_sos,28.1375,26.293743938937904,3.3994364127032113,1.8437560610620949
2024,WR,all,CIN,plus_sos,38.4375,29.83124360912484,74.06764906547953,8.60625639087516
2024,WR,all,CLE,plus_sos,25.5625,26.63327017437093,1.146548766322355,1.0707701743709315
2024,WR,all,DAL,plus_sos,31.018750000000004,34.64209710970988,13.12864427744291,3.6233471097098757
2024,WR,all,DEN,plus_sos,29.45625,25.661823804496912,14.397670153120046,3.794426195503089
2024,WR,all,DET,plus_sos,34.042500000000004,29.7806692121571,18.163201664205666,4.261830787842904
2024,WR,all,GB,plus_sos,30.45,33.02139292721308,6.612061586121447,2.571392927213079
2024,WR,all,HOU,plus_sos,28.7075,29.600708441533545,0.7978213200267847,0.8932084415335453
2024,WR,all,IND,plus_sos,27.97875,26.770138339723598,1.460742145356085,1.2086116602764037
2024,WR,all,JAX,plus_sos,26.175,27.501058189180377,1.7584303210923378,1.326058189180376
2024,WR,all,KC,plus_sos,27.10625,25.776206956734445,1.7690144969390977,1.3300430432655546
2024,WR,all,LA,plus_sos,34.4375,31.256480906753144,10.118882471601053,3.1810190932468565
2024,WR,all,LAC,plus_sos,28.587500000000002,27.872592628201826,0.511092550251376,0.7149073717981764
2024,WR,all,LV,plus_sos,21.868750000000002,27.792820394522334,35.094610039255976,5.924070394522332
2024,WR,all,MIA,plus_sos,21.7875,31.211706580874882,88.81566967900541,9.42420658087488
2024,WR,all,MIN,plus_sos,34.542500000000004,28.858610923513197,32.30659503380605,5.683889076486807
2024,WR,all,NE,plus_sos,17.90625,23.006399114213053,26.011520987208193,5.100149114213053
2024,WR,all,NO,plus_sos,19.22125,27.714288675186296,72.13170593821017,8.493038675186295
2024,WR,all,NYG,plus_sos,27.125,25.404534676080704,2.9600009308087274,1.7204653239192957
2024,WR,all,NYJ,plus_sos,29.46875,22.957108303646073,42.40147758169504,6.5116416963539265
2024,WR,all,PHI,plus_sos,24.9375,29.39038853045427,19.828216264651193,4.4528885304542705
2024,WR,all,PIT,plus_sos,20.025000000000002,25.14127181965865,26.17623733263323,5.11627181965865
2024,WR,all,SEA,plus_sos,29.106250000000003,29.067807146015934,0.0014778530224404578,0.0384428539840691
2024,WR,all,SF,plus_sos,26.081250000000004,29.091303099382284,9.060419661100866,3.0100530993822794
2024,WR,all,TB,plus_sos,33.993750000000006,29.73489513037208,18.137844800553488,4.258854869627925
2024,WR,all,TEN,plus_sos,23.762500000000003,25.646139083296625,3.548096196122537,1.8836390832966217
2024,WR,all,WAS,plus_sos,28.96875,28.444411985665134,0.27493035327663007,0.5243380143348659
2024,TE,early,ARI,baseline,8.375,11.339834260713845,8.790242193502612,2.964834260713845
2024,TE,early,ATL,baseline,5.35,11.683927973609432,40.11864357487209,6.333927973609432
2024,TE,early,BAL,baseline,10.775,11.172198862123688,0.1577669360723521,0.3971988621236875
2024,TE,early,BUF,baseline,7.550000000000001,9.69583096576827,4.604590533649982,2.145830965768269
2024,TE,early,CAR,baseline,3.3750000000000004,8.007713092246338,21.462030595070622,4.6327130922463375
2024,TE,early,CHI,baseline,8.175,9.848761504832975,2.801477575060743,1.6737615048329744
2024,TE,early,CIN,baseline,10.5,8.742956068518957,3.08720337715436,1.7570439314810429
2024,TE,early,CLE,baseline,6.825,11.042796098299707,17.78980392683223,4.217796098299707
2024,TE,early,DAL,baseline,8.05,9.781119151015893,2.9967735150139854,1.7311191510158928
2024,TE,early,DEN,baseline,2.1750000000000003,7.128362492624286,24.535799983337085,4.9533624926242865
2024,TE,early,DET,baseline,7.275,11.30454259785276,16.237213547909974,4.02954259785276
2024,TE,early,GB,baseline,7.425,8.954706045685471,2.3400005862066817,1.5297060456854714
2024,TE,early,HOU,baseline,5.100000000000001,9.795824010541345,22.050763137976592,4.695824010541344
2024,TE,early,IND,baseline,4.575,9.534077510988293,24.592449759989844,4.959077510988293
2024,TE,early,JAX,baseline,6.199999999999999,10.88104264351973,21.912160230450194,4.681042643519731
2024,TE,early,KC,baseline,9.4,11.80156684981305,5.767523334120972,2.401566849813049
2024,TE,early,LA,baseline,4.325,8.190053350361946,14.938637401144105,3.865053350361946
2024,TE,early,LAC,baseline,5.475,10.06051148199949,21.026915551549155,4.5855114819994895
2024,TE,early,LV,baseline,10.0,7.601858969343853,5.751080402916526,2.398141030656147
2024,TE,early,MIA,baseline,5.5,6.546050055416373,1.094220718436597,1.046050055416373
2024,TE,early,MIN,baseline,6.4,12.083900152701737,32.30672094588283,5.683900152701737
2024,TE,early,NE,baseline,9.4,10.110508004386027,0.5048216242966139,0.7105080043860266
2024,TE,early,NO,baseline,11.45,12.813849379545191,1.8600851300858046,1.3638493795451918
2024,TE,early,NYG,baseline,2.05,8.807657450430948,45.66593421736491,6.757657450430949
2024,TE,early,NYJ,baseline,5.65,8.76354287185459,9.694149214876523,3.1135428718545892
2024,TE,early,PHI,baseline,12.649999999999999,8.284164451324843,19.060520038075698,4.365835548675156
2024,TE,early,PIT,baseline,10.9,6.854852105450872,16.363221488775245,4.045147894549128
2024,TE,early,SEA,baseline,7.824999999999999,8.851772029007304,1.0542607995517768,1.0267720290073044
2024,TE,early,SF,baseline,11.075000000000001,9.99286912818241,1.1710072237407012,1.0821308718175917
2024,TE,early,TB,baseline,4.075,8.0194769798667,15.558898644698328,3.9444769798667005
2024,TE,early,TEN,baseline,8.675,8.0194769798667,0.42971042992468284,0.6555230201333
2024,TE,early,WAS,baseline,6.725,8.942942158065108,4.91926741652251,2.2179421580651084
2024,TE,early,ARI,plus_sos,8.375,11.347625467638162,8.836502170851,2.972625467638162
2024,TE,early,ATL,plus_sos,5.35,11.69094616679909,40.207598290244086,6.340946166799091
2024,TE,early,BAL,plus_sos,10.775,11.067396784142122,0.08549587937665469,0.292396784142122
2024,TE,early,BUF,plus_sos,7.550000000000001,9.68976292995286,4.5785853964004435,2.139762929952859
2024,TE,early,CAR,plus_sos,3.3750000000000004,8.03070075539696,21.675549523803827,4.6557007553969605
2024,TE,early,CHI,plus_sos,8.175,9.88600411640695,2.927535086361524,1.711004116406949
2024,TE,early,CIN,plus_sos,10.5,8.608082882486642,3.5793503795400547,1.8919171175133584
2024,TE,early,CLE,plus_sos,6.825,10.97892752678561,17.255113897787208,4.153927526785609
2024,TE,early,DAL,plus_sos,8.05,9.684545294642714,2.671738320238634,1.634545294642713
2024,TE,early,DEN,plus_sos,2.1750000000000003,7.1986706072982365,25.237266370632224,5.023670607298236
2024,TE,early,DET,plus_sos,7.275,11.390171359503874,16.93463531808096,4.115171359503874
2024,TE,early,GB,plus_sos,7.425,8.923755461002049,2.2462679318834646,1.498755461002049
2024,TE,early,HOU,plus_sos,5.100000000000001,9.839696246349027,22.464720507655038,4.739696246349025
2024,TE,early,IND,plus_sos,4.575,9.608455577503435,25.335675050700434,5.033455577503434
2024,TE,early,JAX,plus_sos,6.199999999999999,10.860372919341646,21.719075747332987,4.660372919341647
2024,TE,early,KC,plus_sos,9.4,11.837523577266552,5.941521189730326,2.4375235772665516
2024,TE,early,LA,plus_sos,4.325,8.214913772062278,15.13142915407978,3.889913772062278
2024,TE,early,LAC,plus_sos,5.475,9.993309090254385,20.415117035075415,4.518309090254386
2024,TE,early,LV,plus_sos,10.0,7.479881721977992,6.350996135220612,2.520118278022008
2024,TE,early,MIA,plus_sos,5.5,6.480815490922701,0.9619990272339397,0.9808154909227014
2024,TE,early,MIN,plus_sos,6.4,12.06954278230439,32.1437153603798,5.66954278230439
2024,TE,early,NE,plus_sos,9.4,10.142707170272523,0.5516139407742178,0.7427071702725225
2024,TE,early,NO,plus_sos,11.45,12.800271944689648,1.8232343246159652,1.3502719446896485
2024,TE,early,NYG,plus_sos,2.05,8.695129142667769,44.15774132273248,6.645129142667769
2024,TE,early,NYJ,plus_sos,5.65,8.714243896224415,9.389590655548583,3.064243896224415
2024,TE,early,PHI,plus_sos,12.649999999999999,8.374167185741747,18.282746255487638,4.275832814258251
2024,TE,early,PIT,plus_sos,10.9,6.959295514083464,15.529151845322714,3.9407044859165365
2024,TE,early,SEA,plus_sos,7.824999999999999,8.925717362126695,1.2115787112871523,1.1007173621266961
2024,TE,early,SF,plus_sos,11.075000000000001,9.971273021207754,1.2182132437138617,1.1037269787922472
2024,TE,early,TB,plus_sos,4.075,8.100030703723974,16.200872165920703,4.025030703723973
2024,TE,early,TEN,plus_sos,8.675,8.081129488282977,0.35268218468703916,0.5938705117170233
2024,TE,early,WAS,plus_sos,6.725,8.997761832708226,5.165446348215258,2.272761832708227
2024,TE,middle,ARI,baseline,15.288888888888888,11.699854814918442,12.881165584120893,3.5890340739704456
2024,TE,middle,ATL,baseline,7.966666666666667,12.112950842398948,17.191672465927926,4.146284175732282
2024,TE,middle,BAL,baseline,18.944444444444443,11.498602904094605,55.44055624399924,7.4458415403498375
2024,TE,middle,BUF,baseline,9.200000000000001,9.726173794733807,0.2768588622645733,0.5261737947338059
2024,TE,middle,CAR,baseline,7.455555555555557,7.699531745385002,0.05952438120369361,0.24397618982944547
2024,TE,middle,CHI,baseline,6.7,9.909772029169586,10.30263647923944,3.209772029169586
2024,TE,middle,CIN,baseline,11.844444444444447,8.58221556478779,10.642137263265928,3.262228879656657
2024,TE,middle,CLE,baseline,14.922222222222224,11.343250551879716,12.80903821711424,3.578971670342508
2024,TE,middle,DAL,baseline,9.07777777777778,9.82856511778453,0.5636816299144122,0.7507873400067506
2024,TE,middle,DEN,baseline,6.877777777777778,6.643841897379265,0.054725996137827373,0.23393588039851299
2024,TE,middle,DET,baseline,10.511111111111113,11.65748599158711,1.314175366586358,1.1463748804759977
2024,TE,middle,GB,baseline,10.655555555555557,8.836428504775794,3.309223226878677,1.8191270507797626
2024,TE,middle,HOU,baseline,8.488888888888889,9.846218794172586,1.8423444717774495,1.357329905283697
2024,TE,middle,IND,baseline,4.777777777777777,9.531983354465192,22.602470665405715,4.754205576687415
2024,TE,middle,JAX,baseline,11.366666666666667,11.149060111611103,0.04735261280315027,0.21760655505556414
2024,TE,middle,KC,baseline,18.711111111111112,12.254180253503394,41.69195609992674,6.456930857607718
2024,TE,middle,LA,baseline,4.7333333333333325,7.918437332596893,10.144887486124727,3.1851039992635606
2024,TE,middle,LAC,baseline,8.38888888888889,10.163984969157589,3.150966094185302,1.7750960802686997
2024,TE,middle,LV,baseline,17.22222222222222,7.212290277074661,100.19873754648562,10.00993194514756
2024,TE,middle,MIA,baseline,14.911111111111113,5.944756312412256,80.39551837615002,8.966354798698857
2024,TE,middle,MIN,baseline,11.61111111111111,12.593130840154068,0.9643627482296024,0.9820197290429569
2024,TE,middle,NE,baseline,13.8,10.22400746887698,12.787722582647627,3.5759925311230205
2024,TE,middle,NO,baseline,19.182222222222222,13.469459336057154,32.63565979354504,5.712762886165068
2024,TE,middle,NYG,baseline,7.077777777777778,8.659891740895237,2.50308459229123,1.5821139631174583
2024,TE,middle,NYJ,baseline,7.1000000000000005,8.606930711731069,2.2708401699583045,1.5069307117310684
2024,TE,middle,PHI,baseline,7.300000000000001,8.03142086148045,0.5349764766088031,0.7314208614804496
2024,TE,middle,PIT,baseline,10.666666666666666,6.315483516561428,18.932794805759745,4.351183150105238
2024,TE,middle,SEA,baseline,7.533333333333333,8.712852770059405,1.3912661016145884,1.1795194367260713
2024,TE,middle,SF,baseline,13.611111111111112,10.082778057772533,12.449134135281545,3.5283330533385797
2024,TE,middle,TB,baseline,10.644444444444444,7.713654686495446,8.589528605298744,2.9307897579489977
2024,TE,middle,TEN,baseline,8.344444444444443,7.713654686495446,0.39789571873335416,0.6307897579489969
2024,TE,middle,WAS,baseline,10.522222222222224,8.82230556366535,2.8897166460391706,1.6999166585568748
2024,TE,middle,ARI,plus_sos,15.288888888888888,11.684592014330308,12.990955959952748,3.60429687455858
2024,TE,middle,ATL,plus_sos,7.966666666666667,12.05719136312628,16.732392292346017,4.090524696459614
2024,TE,middle,BAL,plus_sos,18.944444444444443,11.425676455018447,56.53187207881703,7.518767989425996
2024,TE,middle,BUF,plus_sos,9.200000000000001,9.712989733797249,0.26315846698137135,0.512989733797248
2024,TE,middle,CAR,plus_sos,7.455555555555557,7.629121265517907,0.030125055674734676,0.1735657099623502
2024,TE,middle,CHI,plus_sos,6.7,9.966830867939844,10.672183919724596,3.266830867939844
2024,TE,middle,CIN,plus_sos,11.844444444444447,8.675373324029275,10.043011766249473,3.169071120415172
2024,TE,middle,CLE,plus_sos,14.922222222222224,11.299271206862574,13.12577405969552,3.62295101535965
2024,TE,middle,DAL,plus_sos,9.07777777777778,9.78971682023318,0.5068572001723121,0.7119390424554002
2024,TE,middle,DEN,plus_sos,6.877777777777778,6.712414716120954,0.02734494216051851,0.1653630616568238
2024,TE,middle,DET,plus_sos,10.511111111111113,11.655840018951812,1.3104042724461602,1.1447289078406993
2024,TE,middle,GB,plus_sos,10.655555555555557,8.749843493397165,3.6317384638559895,1.9057120621583916
2024,TE,middle,HOU,plus_sos,8.488888888888889,9.89089000071137,1.9656071175514713,1.4020011118224804
2024,TE,middle,IND,plus_sos,4.777777777777777,9.547361500997102,22.74892889279872,4.769583723219325
2024,TE,middle,JAX,plus_sos,11.366666666666667,11.143837132214948,0.049653001423969945,0.22282953445171927
2024,TE,middle,KC,plus_sos,18.711111111111112,12.262767925346092,41.58112984140217,6.448343185765021
2024,TE,middle,LA,plus_sos,4.7333333333333325,7.945450384137811,10.317695948068858,3.212117050804478
2024,TE,middle,LAC,plus_sos,8.38888888888889,10.165546615864619,3.156512678822566,1.7766577269757295
2024,TE,middle,LV,plus_sos,17.22222222222222,7.074133422140945,102.98370629433502,10.148088800081275
2024,TE,middle,MIA,plus_sos,14.911111111111113,5.9871484012211935,79.63711044750586,8.92396270988992
2024,TE,middle,MIN,plus_sos,11.61111111111111,12.542140033952778,0.8668148551677156,0.9310289228416675
2024,TE,middle,NE,plus_sos,13.8,10.15284936162236,13.30170777901843,3.6471506383776404
2024,TE,middle,NO,plus_sos,19.182222222222222,13.457718255740916,32.769945662260206,5.724503966481306
2024,TE,middle,NYG,plus_sos,7.077777777777778,8.631639913258965,2.414487536082154,1.5538621354811868
2024,TE,middle,NYJ,plus_sos,7.1000000000000005,8.607645556709873,2.27299512466702,1.507645556709872
2024,TE,middle,PHI,plus_sos,7.300000000000001,8.086658006578904,0.6188308193146945,0.7866580065789037
2024,TE,middle,PIT,plus_sos,10.666666666666666,6.40167069001822,18.190190680827435,4.264995976648446
2024,TE,middle,SEA,plus_sos,7.533333333333333,8.739746337141671,1.4554323357578571,1.206413003808338
2024,TE,middle,SF,plus_sos,13.611111111111112,10.081110465026434,12.460904561358248,3.5300006460846785
2024,TE,middle,TB,plus_sos,10.644444444444444,7.759771724756973,8.321336699709109,2.8846727196874706
2024,TE,middle,TEN,plus_sos,8.344444444444443,7.726657815053486,0.38166031945423945,0.6177866293909569
2024,TE,middle,WAS,plus_sos,10.522222222222224,8.906476725986492,2.610633508606052,1.615745496235732
2024,TE,playoffs,ARI,baseline,15.700000000000001,11.54250634679801,17.284753476414835,4.157493653201991
2024,TE,playoffs,ATL,baseline,7.066666666666667,11.775648565802518,22.174510526389085,4.708981899135851
2024,TE,playoffs,BAL,baseline,18.500000000000004,11.428924240103505,50.00011240219584,7.071075759896498
2024,TE,playoffs,BUF,baseline,7.833333333333333,10.42860463377647,6.7354331229038085,2.5952713004431365
2024,TE,playoffs,CAR,baseline,2.733333333333333,9.28481289267743,42.921884416503524,6.551479559344097
2024,TE,playoffs,CHI,baseline,3.6333333333333333,10.532223397778473,47.59468412129988,6.8988900644451405
2024,TE,playoffs,CIN,baseline,9.933333333333334,9.782980027302447,0.022606116634417504,0.1503533060308868
2024,TE,playoffs,CLE,baseline,8.533333333333333,11.341246824409502,7.88437817336756,2.807913491076169
2024,TE,playoffs,DAL,baseline,4.366666666666667,10.486392021392973,37.45103841728001,6.119725354726306
2024,TE,playoffs,DEN,baseline,9.733333333333334,8.689004999665908,1.0906216685005832,1.0443283336674263
2024,TE,playoffs,DET,baseline,14.100000000000001,11.518594324336007,6.663655262350283,2.5814056756639943
2024,TE,playoffs,GB,baseline,6.533333333333334,9.926452162074453,11.513255385957502,3.3931188287411187
2024,TE,playoffs,HOU,baseline,6.333333333333333,10.496355364085472,17.330752428527667,4.163022030752139
2024,TE,playoffs,IND,baseline,4.366666666666666,10.319007864158966,35.43036573136406,5.9523411974922995
2024,TE,playoffs,JAX,baseline,5.566666666666667,11.231650054791999,32.09203678773596,5.664983388125331
2024,TE,playoffs,KC,baseline,13.433333333333332,11.85535530734252,2.490014650509857,1.5779780259908112
2024,TE,playoffs,LA,baseline,5.1000000000000005,9.408358342064433,18.56195160363619,4.308358342064433
2024,TE,playoffs,LAC,baseline,7.466666666666666,10.675695532550478,10.297866262075543,3.2090288658838118
2024,TE,playoffs,LV,baseline,11.666666666666666,9.00982463436442,7.058809584607926,2.6568420323022455
2024,TE,playoffs,MIA,baseline,12.299999999999999,8.294456629042894,16.044377696618405,4.005543370957104
2024,TE,playoffs,MIN,baseline,7.3,12.046651487038528,22.530700339405065,4.746651487038528
2024,TE,playoffs,NE,baseline,10.866666666666667,10.70957089770498,0.024679080625663805,0.1570957689616872
2024,TE,playoffs,NO,baseline,14.633333333333335,12.541231818294243,4.376888749228863,2.092101515039092
2024,TE,playoffs,NYG,baseline,2.566666666666667,9.826818735149448,52.70980805749482,7.260152068482782
2024,TE,playoffs,NYJ,baseline,10.0,9.796928707071949,0.041237950011470355,0.20307129292805115
2024,TE,playoffs,PHI,baseline,2.2,9.472123735296437,52.8837836214618,7.272123735296437
2024,TE,playoffs,PIT,baseline,9.4,8.503686825585403,0.8033773066291728,0.8963131744145976
2024,TE,playoffs,SEA,baseline,8.733333333333333,9.856708763226951,1.2619723564886727,1.1233754298936187
2024,TE,playoffs,SF,baseline,14.866666666666669,10.629864156164977,17.950495512993434,4.2368025105016915
2024,TE,playoffs,TB,baseline,8.700000000000001,9.29278356683143,0.35139235710539096,0.5927835668314287
2024,TE,playoffs,TEN,baseline,18.233333333333334,9.29278356683143,79.93343012729726,8.940549766501904
2024,TE,playoffs,WAS,baseline,10.533333333333333,9.918481487920452,0.3780427918076251,0.6148518454128808
2024,TE,playoffs,ARI,plus_sos,15.700000000000001,11.742820495265448,15.6592696326912,3.957179504734553
2024,TE,playoffs,ATL,plus_sos,7.066666666666667,12.059393247608702,24.927318712045135,4.992726580942034
2024,TE,playoffs,BAL,plus_sos,18.500000000000004,11.403041650776272,50.36681781061643,7.096958349223732
2024,TE,playoffs,BUF,plus_sos,7.833333333333333,10.45799141794588,6.888830061122006,2.6246580846125473
2024,TE,playoffs,CAR,plus_sos,2.733333333333333,9.193073822352433,41.72824718547273,6.459740489019101
2024,TE,playoffs,CHI,plus_sos,3.6333333333333333,10.437664628427019,46.298924373391316,6.804331295093686
2024,TE,playoffs,CIN,plus_sos,9.933333333333334,9.820722017316104,0.012681308495132331,0.11261131601722951
2024,TE,playoffs,CLE,plus_sos,8.533333333333333,11.23444671938985,7.296013524333697,2.701113386056516
2024,TE,playoffs,DAL,plus_sos,4.366666666666667,10.394608938895214,36.336088037319854,6.027942272228547
2024,TE,playoffs,DEN,plus_sos,9.733333333333334,8.458891542047926,1.6242018793747601,1.2744417912854082
2024,TE,playoffs,DET,plus_sos,14.100000000000001,11.646845514446037,6.017966929993537,2.4531544855539646
2024,TE,playoffs,GB,plus_sos,6.533333333333334,9.87964224283124,11.197783317785065,3.346308909497906
2024,TE,playoffs,HOU,plus_sos,6.333333333333333,10.625111989383592,18.41936403252857,4.291778656050259
2024,TE,playoffs,IND,plus_sos,4.366666666666666,10.306692487081243,35.283906747191864,5.940025820414577
2024,TE,playoffs,JAX,plus_sos,5.566666666666667,11.429799860036129,34.37633084319078,5.863133193369461
2024,TE,playoffs,KC,plus_sos,13.433333333333332,11.905377822254293,2.3346480438368076,1.527955511079039
2024,TE,playoffs,LA,plus_sos,5.1000000000000005,9.454330202324776,18.96019151087772,4.354330202324776
2024,TE,playoffs,LAC,plus_sos,7.466666666666666,10.435790093662103,8.815693924733129,2.969123426995437
2024,TE,playoffs,LV,plus_sos,11.666666666666666,8.793378802733912,8.25578314902325,2.873287863932754
2024,TE,playoffs,MIA,plus_sos,12.299999999999999,8.377753663443047,15.384016324634434,3.9222463365569524
2024,TE,playoffs,MIN,plus_sos,7.3,11.947385781397404,21.598194601134765,4.647385781397404
2024,TE,playoffs,NE,plus_sos,10.866666666666667,10.861908820901672,2.2637096323485558e-05,0.004757845764995494
2024,TE,playoffs,NO,plus_sos,14.633333333333335,12.738405789025544,3.590750398176355,1.8949275443077909
2024,TE,playoffs,NYG,plus_sos,2.566666666666667,9.76531347227979,51.820515831964016,7.198646805613123
2024,TE,playoffs,NYJ,plus_sos,10.0,9.755350164928462,0.05985354180053076,0.24464983507153804
2024,TE,playoffs,PHI,plus_sos,2.2,9.585131957858946,54.54017403498951,7.385131957858946
2024,TE,playoffs,PIT,plus_sos,9.4,8.637284469129046,0.5817349810317617,0.7627155308709543
2024,TE,playoffs,SEA,plus_sos,8.733333333333333,9.765260450931681,1.0648735760348356,1.0319271175983484
2024,TE,playoffs,SF,plus_sos,14.866666666666669,10.339343017236782,20.49665942668715,4.527323649429887
2024,TE,playoffs,TB,plus_sos,8.700000000000001,9.477099538972832,0.6038836934717858,0.7770995389728306
2024,TE,playoffs,TEN,plus_sos,18.233333333333334,9.029238998342395,84.7153525274123,9.20409433499094
2024,TE,playoffs,WAS,plus_sos,10.533333333333333,9.732535384606615,0.641277354684919,0.8007979487267178
2024,TE,all,ARI,baseline,13.6375,11.572033450969556,4.266152065163728,2.065466549030443
2024,TE,all,ATL,baseline,7.14375,11.934576161826664,22.952015312842807,4.790826161826664
2024,TE,all,BAL,baseline,16.81875,11.39541007901353,29.412615898565548,5.423339920986471
2024,TE,all,BUF,baseline,8.53125,9.839884943541158,1.7125254154569691,1.3086349435411577
2024,TE,all,CAR,baseline,5.55,8.061256601387486,6.306409718012227,2.511256601387486
2024,TE,all,CHI,baseline,6.49375,10.001015037255428,12.300908041554315,3.5072650372554275
2024,TE,all,CIN,baseline,11.15,8.835920513475322,5.354963869954317,2.314079486524678
2024,TE,all,CLE,baseline,11.7,11.259069230486071,0.19441994350414465,0.44093076951392796
2024,TE,all,DAL,baseline,7.9375,9.929745957343346,3.969043954550907,1.9922459573433464
2024,TE,all,DEN,baseline,6.237500000000001,7.134758562530434,0.8050729280341802,0.8972585625304337
2024,TE,all,DET,baseline,10.375,11.534849583189342,1.3452510556244894,1.1598495831893416
2024,TE,all,GB,baseline,9.075000000000001,9.059023720156619,0.0002552415176340686,0.015976279843382457
2024,TE,all,HOU,baseline,7.2375,9.945239235585102,7.331851767926996,2.7077392355851027
2024,TE,all,IND,baseline,4.65,9.669458882881834,25.194967476941343,5.019458882881834
2024,TE,all,JAX,baseline,8.9875,11.088643169826748,4.414802620109589,2.101143169826747
2024,TE,all,KC,baseline,15.39375,12.058522387760718,11.123743225443349,3.335227612239283
2024,TE,all,LA,baseline,4.7,8.25337325158527,12.626461465081672,3.5533732515852696
2024,TE,all,LAC,baseline,7.4875,10.224118243936722,7.48907941304731,2.7366182439367224
2024,TE,all,LV,baseline,14.375,7.633642121915001,45.445906040418684,6.741357878084999
2024,TE,all,MIA,baseline,12.068750000000001,6.521224744156869,30.775036464217415,5.547525255843133
2024,TE,all,MIN,baseline,9.5,12.355993330002448,8.156697901018473,2.8559933300024483
2024,TE,all,NE,baseline,12.15,10.276795389958696,3.5088955110799938,1.873204610041304
2024,TE,all,NO,baseline,16.396250000000002,13.125079661923248,10.700555380713183,3.271170338076754
2024,TE,all,NYG,baseline,4.975,8.904090937739051,15.437755597023138,3.9290909377390513
2024,TE,all,NYJ,baseline,7.28125,8.857611103013781,2.484914327094824,1.576361103013781
2024,TE,all,PHI,baseline,7.6812499999999995,8.352530232332512,0.4506171503203922,0.6712802323325127
2024,TE,all,PIT,baseline,10.4875,6.84658358723376,13.25627232475059,3.6409164127662406
2024,TE,all,SEA,baseline,7.831250000000001,8.95057077246432,1.2528789916701224,1.1193207724643202
2024,TE,all,SF,baseline,13.2125,10.152849164024643,9.361463238084706,3.059650835975358
2024,TE,all,TB,baseline,8.637500000000001,8.073651223980892,0.317925442218247,0.5638487760191087
2024,TE,all,TEN,baseline,10.28125,8.073651223980892,4.873492355881062,2.2075987760191076
2024,TE,all,WAS,baseline,9.575,9.046629097563212,0.279175810541865,0.5283709024367873
2024,TE,all,ARI,plus_sos,13.6375,11.586681759620454,4.205855455073454,2.050818240379545
2024,TE,all,ATL,plus_sos,7.14375,11.916810690744407,22.78210835752948,4.7730606907444075
2024,TE,all,BAL,plus_sos,16.81875,11.37142462733301,29.67335371570158,5.447325372666992
2024,TE,all,BUF,plus_sos,8.53125,9.833798386411242,1.696632298942531,1.3025483864112424
2024,TE,all,CAR,plus_sos,5.55,7.944601298864493,5.734115380523517,2.394601298864493
2024,TE,all,CHI,plus_sos,6.49375,10.0277196352691,12.488941383004018,3.5339696352691004
2024,TE,all,CIN,plus_sos,11.15,9.043149623102197,4.438818510634416,2.1068503768978033
2024,TE,all,CLE,plus_sos,11.7,11.227920756349187,0.22285881228592302,0.47207924365081233
2024,TE,all,DAL,plus_sos,7.9375,9.928916795154137,3.965740852021975,1.9914167951541373
2024,TE,all,DEN,plus_sos,6.237500000000001,7.128172242466207,0.793297043499781,0.8906722424662066
2024,TE,all,DET,plus_sos,10.375,11.50153438030446,1.2690797100079523,1.1265343803044594
2024,TE,all,GB,plus_sos,9.075000000000001,8.966557406357168,0.011759796115984565,0.10844259364283282
2024,TE,all,HOU,plus_sos,7.2375,9.994899247583595,7.603250610574575,2.757399247583595
2024,TE,all,IND,plus_sos,4.65,9.637402696015677,24.87418565222444,4.9874026960156765
2024,TE,all,JAX,plus_sos,8.9875,11.133496842884815,4.6053024496715915,2.1459968428848146
2024,TE,all,KC,plus_sos,15.39375,12.055102273492443,11.146568641714087,3.338647726507558
2024,TE,all,LA,plus_sos,4.7,8.278578101549193,12.806221228887429,3.5785781015491933
2024,TE,all,LAC,plus_sos,7.4875,10.224745931079807,7.492515287212963,2.7372459310798076
2024,TE,all,LV,plus_sos,14.375,7.506493253073709,47.17638493257198,6.868506746926291
2024,TE,all,MIA,plus_sos,12.068750000000001,6.630675832021444,29.57265065643568,5.438074167978558
2024,TE,all,MIN,plus_sos,9.5,12.285572960636093,7.759416719026931,2.7855729606360935
2024,TE,all,NE,plus_sos,12.15,10.199312149067765,3.805183091774622,1.9506878509322352
2024,TE,all,NO,plus_sos,16.396250000000002,13.157285735140709,10.4908895090355,3.238964264859293
2024,TE,all,NYG,plus_sos,4.975,8.932113736230187,15.658749121461634,3.9571137362301876
2024,TE,all,NYJ,plus_sos,7.28125,8.883004720016519,2.565618183095197,1.601754720016519
2024,TE,all,PHI,plus_sos,7.6812499999999995,8.381860717160906,0.4908553770007202,0.7006107171609068
2024,TE,all,PIT,plus_sos,10.4875,6.907592425080871,12.815738244963363,3.5799075749191296
2024,TE,all,SEA,plus_sos,7.831250000000001,8.917698002518817,1.1803692621771256,1.0864480025188161
2024,TE,all,SF,plus_sos,13.2125,10.110320902917007,9.623515150378658,3.1021790970829937
2024,TE,all,TB,plus_sos,8.637500000000001,8.111643010867391,0.2765255730196136,0.5258569891326097
2024,TE,all,TEN,plus_sos,10.28125,7.999607255951698,5.205893611468264,2.281642744048302
2024,TE,all,WAS,plus_sos,9.575,9.077212420210913,0.24779247459227638,0.4977875797890867
2025,RB,early,ARI,baseline,16.85,21.14031574959347,18.40680923120976,4.290315749593468
2025,RB,early,ATL,baseline,27.725,22.336149424519114,29.03971052486069,5.3888505754808875
2025,RB,early,BAL,baseline,21.025,23.53831026174595,6.316728471797496,2.51331026174595
2025,RB,early,BUF,baseline,23.475,23.20929782208387,0.07059764734937618,0.2657021779161326
2025,RB,early,CAR,baseline,18.2,18.878355226916653,0.4601658138851454,0.6783552269166542
2025,RB,early,CHI,baseline,13.425,18.002043248201304,20.949324895905132,4.577043248201303
2025,RB,early,CIN,baseline,9.0,19.229512734632916,104.642930788017,10.229512734632916
2025,RB,early,CLE,baseline,21.450000000000003,16.78090092407088,21.800486180842178,4.669099075929122
2025,RB,early,DAL,baseline,22.975,17.603432023226084,28.853742529103037,5.3715679767739175
2025,RB,early,DEN,baseline,23.300000000000004,17.903972232532794,29.11711566727716,5.39602776746721
2025,RB,early,DET,baseline,29.875,27.278295897981657,6.742872193438889,2.596704102018343
2025,RB,early,GB,baseline,21.4,22.035609215212403,0.4039990744629292,0.6356092152124049
2025,RB,early,HOU,baseline,17.725,20.162769174059015,5.942718545992366,2.4377691740590137
2025,RB,early,IND,baseline,22.175000000000004,19.371873886409773,7.857516008691474,2.8031261135902312
2025,RB,early,JAX,baseline,24.15,17.65404932163564,42.197375215742376,6.495950678364359
2025,RB,early,KC,baseline,13.625,18.176040211484136,20.711967006545564,4.5510402114841355
2025,RB,early,LA,baseline,17.475,18.79926569815173,1.7536796393012812,1.3242656981517271
2025,RB,early,LAC,baseline,16.775,18.723339750537406,3.796027783524166,1.9483397505374072
2025,RB,early,LV,baseline,18.075,17.916626557135185,0.025082147404854583,0.15837344286481425
2025,RB,early,MIA,baseline,19.950000000000003,20.51709026292587,0.32159136630532814,0.5670902629258663
2025,RB,early,MIN,baseline,20.6,18.754975562043377,3.4041151766571573,1.8450244379566243
2025,RB,early,NE,baseline,18.525000000000002,18.04316980315906,0.2321603385877811,0.4818301968409422
2025,RB,early,NO,baseline,15.725000000000001,19.330747331452017,13.00141381827333,3.605747331452015
2025,RB,early,NYG,baseline,17.35,17.57812337402131,0.052040273774865684,0.22812337402130822
2025,RB,early,NYJ,baseline,15.5,19.659759771114096,17.3036013533792,4.159759771114096
2025,RB,early,PHI,baseline,15.725,22.15266171778449,41.31483515827226,6.42766171778449
2025,RB,early,PIT,baseline,21.85,19.583833823499774,5.135509139513662,2.266166176500228
2025,RB,early,SEA,baseline,19.875,20.19440498556498,0.10201954480376471,0.3194049855649794
2025,RB,early,SF,baseline,22.85,17.688848714292206,26.63748259396323,5.1611512857077955
2025,RB,early,TB,baseline,21.725,23.762924523438336,4.153136363231364,2.0379245234383347
2025,RB,early,TEN,baseline,10.350000000000001,18.451271771586068,65.63060431709725,8.101271771586067
2025,RB,early,WAS,baseline,17.425,20.463309383365722,9.23132390904819,3.0383093833657213
2025,RB,early,ARI,plus_sos,16.85,21.181737268570892,18.763947763925998,4.33173726857089
2025,RB,early,ATL,plus_sos,27.725,22.346467058242755,28.928616605567857,5.378532941757246
2025,RB,early,BAL,plus_sos,21.025,23.506499799889554,6.157841256851901,2.481499799889555
2025,RB,early,BUF,plus_sos,23.475,23.19748497926679,0.07701458673255496,0.27751502073321177
2025,RB,early,CAR,plus_sos,18.2,18.904065181778808,0.49570778019322714,0.7040651817788088
2025,RB,early,CHI,plus_sos,13.425,17.991774151681625,20.85542615246742,4.566774151681624
2025,RB,early,CIN,plus_sos,9.0,19.226248133114023,104.57615088001803,10.226248133114023
2025,RB,early,CLE,plus_sos,21.450000000000003,16.766751813761136,21.932813573909637,4.683248186238867
2025,RB,early,DAL,plus_sos,22.975,17.608588966550755,28.798367379925807,5.366411033449246
2025,RB,early,DEN,plus_sos,23.300000000000004,17.910712799970515,29.044416524401694,5.389287200029489
2025,RB,early,DET,plus_sos,29.875,27.261433581786804,6.830729422411755,2.613566418213196
2025,RB,early,GB,plus_sos,21.4,22.02263970175126,0.3876801981968993,0.622639701751261
2025,RB,early,HOU,plus_sos,17.725,20.17544522730231,6.004681812008655,2.450445227302307
2025,RB,early,IND,plus_sos,22.175000000000004,19.375548663038174,7.8369277880173795,2.7994513369618303
2025,RB,early,JAX,plus_sos,24.15,17.686367149324113,41.77854962833648,6.463632850675886
2025,RB,early,KC,plus_sos,13.625,18.149434442781388,20.470507027026528,4.524434442781388
2025,RB,early,LA,plus_sos,17.475,18.78866771259868,1.7257228591242464,1.3136677125986793
2025,RB,early,LAC,plus_sos,16.775,18.713398180468545,3.7573875060437705,1.9383981804685462
2025,RB,early,LV,plus_sos,18.075,17.930258000784857,0.020950246336796288,0.14474199921514241
2025,RB,early,MIA,plus_sos,19.950000000000003,20.532347327298606,0.33912840961182605,0.5823473272986028
2025,RB,early,MIN,plus_sos,20.6,18.759421948430873,3.387727563918009,1.8405780515691283
2025,RB,early,NE,plus_sos,18.525000000000002,18.065829707698672,0.21083735733208894,0.4591702923013301
2025,RB,early,NO,plus_sos,15.725000000000001,19.35212073373151,13.156004817065,3.627120733731509
2025,RB,early,NYG,plus_sos,17.35,17.55988125298339,0.044050140353877755,0.20988125298339
2025,RB,early,NYJ,plus_sos,15.5,19.653975746690598,17.255514504093714,4.153975746690598
2025,RB,early,PHI,plus_sos,15.725,22.12668517867371,40.98157312685066,6.401685178673711
2025,RB,early,PIT,plus_sos,21.85,19.575538426978763,5.1731754471502445,2.274461573021238
2025,RB,early,SEA,plus_sos,19.875,20.213317829616763,0.11445895383659696,0.3383178296167628
2025,RB,early,SF,plus_sos,22.85,17.71672932915658,26.350467780141287,5.133270670843423
2025,RB,early,TB,plus_sos,21.725,23.720306918513543,3.981249699068006,1.995306918513542
2025,RB,early,TEN,plus_sos,10.350000000000001,18.444647126841232,65.523312108079,8.094647126841231
2025,RB,early,WAS,plus_sos,17.425,20.467400994347717,9.256203810407971,3.042400994347716
2025,RB,middle,ARI,baseline,18.366666666666667,20.66642503820498,5.288888567460556,2.2997583715383136
2025,RB,middle,ATL,baseline,25.677777777777774,21.42755224064158,18.06441711652463,4.250225537136192
2025,RB,middle,BAL,baseline,21.822222222222223,22.192706571133407,0.13725865278814375,0.37048434891118376
2025,RB,middle,BUF,baseline,22.07777777777778,21.983295912261962,0.008926822911348982,0.09448186551581728
2025,RB,middle,CAR,baseline,22.93333333333333,19.226726758463784,13.738932300866152,3.7066065748695465
2025,RB,middle,CHI,baseline,24.977777777777774,18.668969522815797,39.8010615978764,6.308808254961978
2025,RB,middle,CIN,baseline,18.45555555555556,19.450232365528503,0.989381956297952,0.9946768099729439
2025,RB,middle,CLE,baseline,17.62222222222222,17.89173380815831,0.07263649495378663,0.26951158593609037
2025,RB,middle,DAL,baseline,18.41111111111111,18.415260455336927,1.7217057504311e-05,0.00414934422581581
2025,RB,middle,DEN,baseline,20.644444444444442,18.606549037959883,4.153017687770864,2.0378954064845587
2025,RB,middle,DET,baseline,32.70222222222222,24.573141964574027,66.08194583528558,8.12908025764819
2025,RB,middle,GB,baseline,21.444444444444446,21.23626365801863,0.043339239836871796,0.2081807864258174
2025,RB,middle,HOU,baseline,15.288888888888891,20.04423375367347,22.613304783033065,4.755344864784579
2025,RB,middle,IND,baseline,25.533333333333335,19.540842746770952,35.90994343003877,5.992490586562383
2025,RB,middle,JAX,baseline,18.255555555555556,18.44747747977869,0.036834024997510484,0.19192192422313425
2025,RB,middle,KC,baseline,18.95555555555556,18.77971554433435,0.03091970954627454,0.17584001122120796
2025,RB,middle,LA,baseline,23.044444444444444,19.17638765777353,14.961863304910906,3.8680567866709126
2025,RB,middle,LAC,baseline,16.87777777777778,19.128062121110894,5.063779625850143,2.2502843433331137
2025,RB,middle,LV,baseline,13.28888888888889,18.614603294070324,28.363233925557044,5.325714405181435
2025,RB,middle,MIA,baseline,26.37777777777778,20.269752924765797,37.30796760501206,6.108024853011983
2025,RB,middle,MIN,baseline,14.853333333333333,19.148197761386992,18.44586045536068,4.294864428053659
2025,RB,middle,NE,baseline,18.633333333333333,18.69514585517473,0.0038207878563931213,0.06181252184139652
2025,RB,middle,NO,baseline,10.88888888888889,19.514666414412023,74.40403791982,8.625777525523134
2025,RB,middle,NYG,baseline,21.57777777777778,18.399151943116046,10.103662196779004,3.1786258346617338
2025,RB,middle,NYJ,baseline,16.362222222222222,19.724077073283468,11.30206803960403,3.3618548510612456
2025,RB,middle,PHI,baseline,15.822222222222223,21.310765527040203,30.124107608862282,5.488543304817981
2025,RB,middle,PIT,baseline,21.011111111111113,19.67575153662083,1.7831851931828704,1.3353595744902833
2025,RB,middle,SEA,baseline,19.5,20.06436939394957,0.3185128128270039,0.5643693939495691
2025,RB,middle,SF,baseline,27.200000000000003,18.4696266840824,76.21941823528613,8.730373315917603
2025,RB,middle,TB,baseline,20.733333333333334,22.335669617093725,2.5674815662550587,1.6023362837603905
2025,RB,middle,TEN,baseline,16.022222222222226,18.954895614736426,8.600573227160748,2.9326733925142
2025,RB,middle,WAS,baseline,15.633333333333333,20.235522336296427,21.180143618994435,4.602189002963094
2025,RB,middle,ARI,plus_sos,18.366666666666667,20.83688953894025,6.102001038703558,2.4702228722735846
2025,RB,middle,ATL,plus_sos,25.677777777777774,21.757867438778685,15.365697065791947,3.919910338999088
2025,RB,middle,BAL,plus_sos,21.822222222222223,22.027095707123088,0.04197314481542509,0.20487348490086532
2025,RB,middle,BUF,plus_sos,22.07777777777778,21.927384137143058,0.02261824714336575,0.1503936406347215
2025,RB,middle,CAR,plus_sos,22.93333333333333,19.338760573638062,12.920953324743254,3.594572759695268
2025,RB,middle,CHI,plus_sos,24.977777777777774,18.56629940439945,41.10705493229794,6.411478373378323
2025,RB,middle,CIN,plus_sos,18.45555555555556,19.395384297205254,0.8832780636308489,0.9398287416496949
2025,RB,middle,CLE,plus_sos,17.62222222222222,17.89107622674114,0.0722824757458602,0.2688540045189214
2025,RB,middle,DAL,plus_sos,18.41111111111111,18.296919414212585,0.013039743640564918,0.11419169689852637
2025,RB,middle,DEN,plus_sos,20.644444444444442,18.409752027755484,4.993850197207135,2.234692416688958
2025,RB,middle,DET,plus_sos,32.70222222222222,24.36354621404067,69.53351756942254,8.338676008181547
2025,RB,middle,GB,plus_sos,21.444444444444446,21.297623110238508,0.021556504178011908,0.14682133420593857
2025,RB,middle,HOU,plus_sos,15.288888888888891,20.12864904418263,23.423278360768876,4.839760155293739
2025,RB,middle,IND,plus_sos,25.533333333333335,19.426304142201815,37.29580554133251,6.10702919113152
2025,RB,middle,JAX,plus_sos,18.255555555555556,18.30986573756119,0.002949595869484968,0.05431018200563287
2025,RB,middle,KC,plus_sos,18.95555555555556,18.855420420696795,0.010027045233182857,0.10013513485876402
2025,RB,middle,LA,plus_sos,23.044444444444444,19.499250643315293,12.568399087564563,3.5451938011291517
2025,RB,middle,LAC,plus_sos,16.87777777777778,19.129529797831385,5.07038715981549,2.2517520200536048
2025,RB,middle,LV,plus_sos,13.28888888888889,18.55999523243871,27.784562085011146,5.271106343549819
2025,RB,middle,MIA,plus_sos,26.37777777777778,20.314293573928143,36.76584069033406,6.063484203849637
2025,RB,middle,MIN,plus_sos,14.853333333333333,18.88373318296851,16.244122947939246,4.030399849635176
2025,RB,middle,NE,plus_sos,18.633333333333333,18.758270307718053,0.015609247568408282,0.1249369743847204
2025,RB,middle,NO,plus_sos,10.88888888888889,19.70507284140777,77.72509948465142,8.81618395251888
2025,RB,middle,NYG,plus_sos,21.57777777777778,18.346178244859406,10.44323554115825,3.2315995329183735
2025,RB,middle,NYJ,plus_sos,16.362222222222222,19.818523857743624,11.946020995707922,3.4563016355214025
2025,RB,middle,PHI,plus_sos,15.822222222222223,21.310173177708222,30.117605689819694,5.487950955485999
2025,RB,middle,PIT,plus_sos,21.011111111111113,19.661306449229798,1.8219726252365307,1.3498046618813149
2025,RB,middle,SEA,plus_sos,19.5,20.065085467017006,0.31932158503382807,0.5650854670170062
2025,RB,middle,SF,plus_sos,27.200000000000003,18.520132369435284,75.34010208412518,8.679867630564718
2025,RB,middle,TB,plus_sos,20.733333333333334,22.530762161234502,3.230750391370167,1.797428827901168
2025,RB,middle,TEN,plus_sos,16.022222222222226,18.963317382038543,8.650040739094969,2.9410951598163173
2025,RB,middle,WAS,plus_sos,15.633333333333333,20.01257811970849,19.177784898993995,4.379244786375157
2025,RB,playoffs,ARI,baseline,11.533333333333333,20.256652775126277,76.09630208356275,8.723319441792944
2025,RB,playoffs,ATL,baseline,33.699999999999996,20.48990315994665,174.5066585235874,13.210096840053346
2025,RB,playoffs,BAL,baseline,34.76666666666667,20.72438767378724,197.18559931386298,14.042278992879432
2025,RB,playoffs,BUF,baseline,30.233333333333338,20.660212964736132,91.6446335916507,9.573120368597205
2025,RB,playoffs,CAR,baseline,11.833333333333336,19.815451650399904,63.714212827649625,7.982118317066568
2025,RB,playoffs,CHI,baseline,23.766666666666666,19.644524781100316,16.992053724740504,4.12214188556635
2025,RB,playoffs,CIN,baseline,32.6,19.88394581102176,161.69803413703107,12.71605418897824
2025,RB,playoffs,CLE,baseline,11.300000000000002,19.406337880199086,65.71271382795057,8.106337880199083
2025,RB,playoffs,DAL,baseline,21.96666666666667,19.566774652826858,5.759481678092102,2.3998920138398105
2025,RB,playoffs,DEN,baseline,18.7,19.625395781287004,0.856357352023786,0.9253957812870048
2025,RB,playoffs,DET,baseline,15.533333333333333,21.453881337635515,35.05288867124655,5.920548004302182
2025,RB,playoffs,GB,baseline,14.1,20.431282031486504,40.08513216222387,6.331282031486504
2025,RB,playoffs,HOU,baseline,16.099999999999998,20.06597984150327,15.728996103210328,3.965979841503273
2025,RB,playoffs,IND,baseline,17.599999999999998,19.911713713976567,5.344020295387345,2.3117137139765696
2025,RB,playoffs,JAX,baseline,23.03333333333333,19.57664768498857,11.948675671472655,3.456685648344763
2025,RB,playoffs,KC,baseline,10.433333333333332,19.67846332915619,85.47242863966358,9.24512999582286
2025,RB,playoffs,LA,baseline,24.600000000000005,19.800025037647234,23.039759639213482,4.7999749623527705
2025,RB,playoffs,LAC,baseline,15.633333333333335,19.78521548940467,17.238125437903566,4.151882156071336
2025,RB,playoffs,LV,baseline,16.166666666666668,19.627864039327434,11.979887252513793,3.4611973726607665
2025,RB,playoffs,MIA,baseline,21.266666666666666,20.135091066635233,1.280463338586496,1.1315756000314323
2025,RB,playoffs,MIN,baseline,13.566666666666668,19.79138613450574,38.747132453294725,6.224719467839071
2025,RB,playoffs,NE,baseline,30.066666666666663,19.652546619731705,108.45389635197256,10.414120046934958
2025,RB,playoffs,NO,baseline,13.133333333333335,19.903691875345178,45.83775478739273,6.770358542011843
2025,RB,playoffs,NYG,baseline,20.066666666666666,19.561838136746005,0.25485184462185656,0.5048285299206619
2025,RB,playoffs,NYJ,baseline,19.833333333333332,19.967866584396287,0.01809919564156799,0.13453325106295466
2025,RB,playoffs,PHI,baseline,20.666666666666668,20.454113418360457,0.045178883365521755,0.21255324830621092
2025,RB,playoffs,PIT,baseline,27.96666666666667,19.953057036153723,64.21793931024983,8.013609630512946
2025,RB,playoffs,SEA,baseline,25.566666666666663,20.07215048660434,30.189708052966665,5.494516180062323
2025,RB,playoffs,SF,baseline,26.100000000000005,19.583435394599743,42.46561425635547,6.516564605400262
2025,RB,playoffs,TB,baseline,15.699999999999998,20.768199254004823,25.686643678295074,5.068199254004826
2025,RB,playoffs,TEN,baseline,21.133333333333333,19.732147941535484,1.963320502187692,1.4011853917978492
2025,RB,playoffs,WAS,baseline,22.46666666666667,20.124600969963417,5.485271727674086,2.3420656967032514
2025,RB,playoffs,ARI,plus_sos,11.533333333333333,19.819031671066284,68.65279694391059,8.285698337732951
2025,RB,playoffs,ATL,plus_sos,33.699999999999996,20.253848732366876,180.79898391207175,13.44615126763312
2025,RB,playoffs,BAL,plus_sos,34.76666666666667,20.949515923135937,190.91365466945194,13.817150743530735
2025,RB,playoffs,BUF,plus_sos,30.233333333333338,20.012781252370882,104.45968483966598,10.220552080962456
2025,RB,playoffs,CAR,plus_sos,11.833333333333336,19.756998446125454,62.784468819678935,7.9236651127921185
2025,RB,playoffs,CHI,plus_sos,23.766666666666666,19.781822451636245,15.878983418061411,3.984844215030421
2025,RB,playoffs,CIN,plus_sos,32.6,19.734157445387275,165.5299046400837,12.865842554612726
2025,RB,playoffs,CLE,plus_sos,11.300000000000002,19.944347648926744,74.72474627550528,8.644347648926741
2025,RB,playoffs,DAL,plus_sos,21.96666666666667,19.05138924871268,8.49884242363247,2.9152774179539875
2025,RB,playoffs,DEN,plus_sos,18.7,19.536685487148898,0.7000426044055892,0.8366854871488982
2025,RB,playoffs,DET,plus_sos,15.533333333333333,20.770436680004646,27.42725146371587,5.237103346671313
2025,RB,playoffs,GB,plus_sos,14.1,20.33672955159227,38.89679549970433,6.236729551592271
2025,RB,playoffs,HOU,plus_sos,16.099999999999998,19.807292806180214,13.744019950755586,3.7072928061802166
2025,RB,playoffs,IND,plus_sos,17.599999999999998,20.678755385859514,9.478734725958978,3.078755385859516
2025,RB,playoffs,JAX,plus_sos,23.03333333333333,19.48429526129033,12.595671236810697,3.5490380720430004
2025,RB,playoffs,KC,plus_sos,10.433333333333332,19.498995071180364,82.18622274506366,9.065661737847032
2025,RB,playoffs,LA,plus_sos,24.600000000000005,19.24683541997991,28.656371020781727,5.3531645800200955
2025,RB,playoffs,LAC,plus_sos,15.633333333333335,19.051557718608045,11.684257948086671,3.4182243852747103
2025,RB,playoffs,LV,plus_sos,16.166666666666668,19.061445445836984,8.379744180334788,2.8947787791703163
2025,RB,playoffs,MIA,plus_sos,21.266666666666666,19.678465235651558,2.522383785478436,1.5882014310151078
2025,RB,playoffs,MIN,plus_sos,13.566666666666668,19.95926812779071,40.86535344076525,6.392601461124043
2025,RB,playoffs,NE,plus_sos,30.066666666666663,19.438421247718516,112.95960068539227,10.628245418948147
2025,RB,playoffs,NO,plus_sos,13.133333333333335,20.912466852256465,60.51491830523336,7.77913351892313
2025,RB,playoffs,NYG,plus_sos,20.066666666666666,19.445529295709512,0.38581163359956505,0.6211373709571539
2025,RB,playoffs,NYJ,plus_sos,19.833333333333332,21.08163640531014,1.5582605595067327,1.2483030719768067
2025,RB,playoffs,PHI,plus_sos,20.666666666666668,20.776511476765716,0.012065882305695944,0.10984481009904812
2025,RB,playoffs,PIT,plus_sos,27.96666666666667,19.335708817403457,74.49343339575823,8.630957849263211
2025,RB,playoffs,SEA,plus_sos,25.566666666666663,21.118777189210373,19.783720803666384,4.44788947745629
2025,RB,playoffs,SF,plus_sos,26.100000000000005,20.52486390084768,31.082142524071394,5.575136099152324
2025,RB,playoffs,TB,plus_sos,15.699999999999998,21.457861755505444,33.15297199551227,5.757861755505447
2025,RB,playoffs,TEN,plus_sos,21.133333333333333,19.862074150970013,1.616099908743056,1.2712591823633197
2025,RB,playoffs,WAS,plus_sos,22.46666666666667,19.98153841004011,6.175862451883764,2.4851282566265596
2025,RB,all,ARI,baseline,16.70625,20.709398204002646,16.025195543209605,4.003148204002645
2025,RB,all,ATL,baseline,27.69375,21.484270666088555,38.557633598273334,6.209479333911446
2025,RB,all,BAL,baseline,24.05,22.263242982471212,3.1925006396883724,1.7867570175287888
2025,RB,all,BUF,baseline,23.956250000000004,22.050050559040166,3.6335963087156005,1.9061994409598384
2025,RB,all,CAR,baseline,19.668750000000003,19.243700292914227,0.1806672534937041,0.42504970708577616
2025,RB,all,CHI,baseline,21.862499999999997,18.675870472814236,10.15460774353215,3.1866295271857616
2025,RB,all,CIN,baseline,18.74375,19.4712422063839,0.529244910349315,0.7274922063839
2025,RB,all,CLE,baseline,17.39375,17.884598593541327,0.2409323417814979,0.49084859354132604
2025,RB,all,DAL,baseline,20.21875,18.417579652118935,3.2442146220859973,1.8011703478810652
2025,RB,all,DEN,baseline,20.94375,18.612322731214597,5.43555310963617,2.3314272687854043
2025,RB,all,DET,baseline,28.77625,24.686666857280628,16.724690281214468,4.089583142719373
2025,RB,all,GB,baseline,20.05625,21.28952758699289,1.5209736065790076,1.233277586992891
2025,RB,all,HOU,baseline,16.05,20.075970715154646,16.20844019928281,4.025970715154646
2025,RB,all,IND,baseline,23.20625,19.56348892806079,13.269708227235718,3.642761071939212
2025,RB,all,JAX,baseline,20.625,18.45037848649294,4.728978727007733,2.1746215135070592
2025,RB,all,KC,baseline,16.025000000000002,18.788616465974883,7.6375759710074895,2.7636164659748808
2025,RB,all,LA,baseline,21.94375,19.19245211420484,7.569640056380922,2.751297885795161
2025,RB,all,LAC,baseline,16.61875,19.14325386264383,6.373119752503633,2.524503862643833
2025,RB,all,LV,baseline,15.024999999999999,18.6205224398081,12.927781615163592,3.5955224398081
2025,RB,all,MIA,baseline,23.8125,20.30556255577269,12.298610237723588,3.5069374442273116
2025,RB,all,MIN,baseline,16.048750000000002,19.163753134127585,9.703244525624667,3.1150031341275835
2025,RB,all,NE,baseline,20.75,18.702519525743117,4.19217629246319,2.047480474256883
2025,RB,all,NO,baseline,12.51875,19.53683987513191,49.25358549542903,7.01808987513191
2025,RB,all,NYG,baseline,20.2375,18.40118023493193,3.372070279579661,1.8363197650680725
2025,RB,all,NYJ,baseline,16.7975,19.750032298562953,8.717446974057438,2.9525322985629536
2025,RB,all,PHI,baseline,16.70625,21.36537489148278,21.70744475443442,4.659124891482779
2025,RB,all,PIT,baseline,22.525,19.700834047001944,7.97591333007341,2.8241659529980545
2025,RB,all,SEA,baseline,20.73125,20.096469986638397,0.4029456653633564,0.6347800133616026
2025,RB,all,SF,baseline,25.90625,18.47292768512507,55.25428063681756,7.433322314874928
2025,RB,all,TB,baseline,20.0375,22.40878781000587,5.623005877882423,2.3712878100058674
2025,RB,all,TEN,baseline,15.5625,18.966960127883546,11.59034876234885,3.404460127883546
2025,RB,all,WAS,baseline,17.3625,20.27071379425031,8.457707473067774,2.908213794250308
2025,RB,all,ARI,plus_sos,16.70625,21.02492933604219,18.65099120755782,4.318679336042191
2025,RB,all,ATL,plus_sos,27.69375,21.81363016685771,34.57580925211333,5.880119833142292
2025,RB,all,BAL,plus_sos,24.05,21.97095994177157,4.32240756371847,2.079040058228429
2025,RB,all,BUF,plus_sos,23.956250000000004,21.832805516224955,4.509016475674686,2.1234444837750495
2025,RB,all,CAR,plus_sos,19.668750000000003,19.47856246571076,0.0361712981990223,0.19018753428924384
2025,RB,all,CHI,plus_sos,21.862499999999997,18.545215369219807,11.004377321610459,3.3172846307801898
2025,RB,all,CIN,plus_sos,18.74375,19.378621803739204,0.4030622071830721,0.6348718037392054
2025,RB,all,CLE,plus_sos,17.39375,17.891329406261963,0.24758526553600735,0.49757940626196273
2025,RB,all,DAL,plus_sos,20.21875,18.253710264118308,3.8613811635939914,1.9650397358816925
2025,RB,all,DEN,plus_sos,20.94375,18.449762793918683,6.219972184097299,2.493987206081318
2025,RB,all,DET,plus_sos,28.77625,24.292172129955397,20.106954344623755,4.4840778700446045
2025,RB,all,GB,plus_sos,20.05625,21.262429493414995,1.4548689703348576,1.2061794934149965
2025,RB,all,HOU,plus_sos,16.05,20.183339469723087,17.084495171970726,4.1333394697230865
2025,RB,all,IND,plus_sos,23.20625,19.595121035493957,13.040252398294493,3.611128964506044
2025,RB,all,JAX,plus_sos,20.625,18.480927123260706,4.5970485007691115,2.144072876739294
2025,RB,all,KC,plus_sos,16.025000000000002,18.688092157743345,7.092059840634093,2.6630921577433426
2025,RB,all,LA,plus_sos,21.94375,19.352417457676815,6.715004344903151,2.5913325423231868
2025,RB,all,LAC,plus_sos,16.61875,18.976516062188104,5.559060804006004,2.357766062188105
2025,RB,all,LV,plus_sos,15.024999999999999,18.554353335351152,12.456334965754312,3.5293533353511535
2025,RB,all,MIA,plus_sos,23.8125,20.3585335002909,11.929884581112734,3.4539664997091
2025,RB,all,MIN,plus_sos,16.048750000000002,18.96521469703774,8.50576632906743,2.916464697037739
2025,RB,all,NE,plus_sos,20.75,18.850663282561847,3.6074799662087393,1.8993367174381532
2025,RB,all,NO,plus_sos,12.51875,19.98832520800571,55.79455378805351,7.469575208005708
2025,RB,all,NYG,plus_sos,20.2375,18.23466997046388,4.011328127211658,2.0028300295361205
2025,RB,all,NYJ,plus_sos,16.7975,19.981111618857803,10.135382939726401,3.183611618857803
2025,RB,all,PHI,plus_sos,16.70625,21.274831730253524,20.871939026006277,4.568581730253523
2025,RB,all,PIT,plus_sos,22.525,19.546169202029336,8.873432922938532,2.9788307979706623
2025,RB,all,SEA,plus_sos,20.73125,20.36228139555638,0.13613783106507205,0.36896860444361934
2025,RB,all,SF,plus_sos,25.90625,18.817495708883552,50.250437399821855,7.088754291116448
2025,RB,all,TB,plus_sos,20.0375,22.469652314043163,5.915364878705506,2.4321523140431616
2025,RB,all,TEN,plus_sos,15.5625,18.959262522713423,11.53799563571046,3.3967625227134235
2025,RB,all,WAS,plus_sos,17.3625,20.06085748925362,7.281133139811102,2.6983574892536204
2025,WR,early,ARI,baseline,16.85,24.391783470885365,56.87849792171968,7.541783470885363
2025,WR,early,ATL,baseline,18.075000000000003,30.58072513354245,156.3931611157153,12.505725133542448
2025,WR,early,BAL,baseline,32.0,26.412240191953362,31.2230596724214,5.587759808046638
2025,WR,early,BUF,baseline,28.575000000000003,27.529352781758874,1.0933781050154112,1.045647218241129
2025,WR,early,CAR,baseline,20.425,28.076186290225397,58.540651647733064,7.651186290225397
2025,WR,early,CHI,baseline,35.875,28.6292259797464,52.501241152582,7.245774020253599
2025,WR,early,CIN,baseline,20.75,34.542337373315696,190.22857021936093,13.792337373315696
2025,WR,early,CLE,baseline,17.375,26.898391041220577,90.69497692400036,9.523391041220577
2025,WR,early,DAL,baseline,37.050000000000004,30.35661303990863,44.80142899752124,6.693386960091374
2025,WR,early,DEN,baseline,31.049999999999997,30.50487180954331,0.2971647440305819,0.5451281904566869
2025,WR,early,DET,baseline,33.275,31.810928133673954,2.143506429767427,1.4640718663260444
2025,WR,early,GB,baseline,27.525,29.732547056097523,4.873264004884848,2.2075470560975248
2025,WR,early,HOU,baseline,22.8,28.888506432688914,37.06991058089427,6.088506432688913
2025,WR,early,IND,baseline,27.9,29.020904961851052,1.2564279335023114,1.1209049618510534
2025,WR,early,JAX,baseline,18.0,27.563831565394842,91.46687421124277,9.563831565394842
2025,WR,early,KC,baseline,31.375,27.519009146668083,14.868665460979408,3.8559908533319174
2025,WR,early,LA,baseline,42.87500000000001,32.618421246428426,105.19740772821598,10.256578753571581
2025,WR,early,LAC,baseline,38.375,29.694620394097953,75.34899010256018,8.680379605902047
2025,WR,early,LV,baseline,27.099999999999998,25.28478396705706,3.2950092462530995,1.8152160329429385
2025,WR,early,MIA,baseline,26.0,25.098598535422806,0.812524600341911,0.9014014645771944
2025,WR,early,MIN,baseline,23.575000000000003,31.845406917309923,68.39963057788778,8.27040691730992
2025,WR,early,NE,baseline,22.75,23.212609070535105,0.21400715214135407,0.46260907053510536
2025,WR,early,NO,baseline,23.325000000000003,23.555328179876675,0.05305107044530051,0.23032817987667187
2025,WR,early,NYG,baseline,26.200000000000003,28.098252711752423,3.603363357675416,1.89825271175242
2025,WR,early,NYJ,baseline,21.2,29.93597187954976,76.3172046802842,8.735971879549762
2025,WR,early,PHI,baseline,17.925,27.046649810855257,83.20449527187573,9.121649810855256
2025,WR,early,PIT,baseline,23.1,23.58153205544001,0.23187312041628041,0.48153205544000954
2025,WR,early,SEA,baseline,27.075,29.28087499046628,4.865884473564615,2.205874990466281
2025,WR,early,SF,baseline,21.450000000000003,28.02584726611688,43.24176726729681,6.575847266116877
2025,WR,early,TB,baseline,31.825000000000003,32.139166153888404,0.09870037224903037,0.31416615388840086
2025,WR,early,TEN,baseline,17.45,26.41568807031696,80.38356257422387,8.965688070316961
2025,WR,early,WAS,baseline,30.3,29.184334396285557,1.244709739311514,1.1156656037144437
2025,WR,early,ARI,plus_sos,16.85,24.73356411384078,62.15058313703817,7.88356411384078
2025,WR,early,ATL,plus_sos,18.075000000000003,31.901641929891863,191.1760270574437,13.82664192989186
2025,WR,early,BAL,plus_sos,32.0,27.25732016632493,22.493012004748184,4.742679833675069
2025,WR,early,BUF,plus_sos,28.575000000000003,27.504821732438252,1.1452815243614702,1.0701782675617508
2025,WR,early,CAR,plus_sos,20.425,28.891380995998574,71.6796071694058,8.466380995998573
2025,WR,early,CHI,plus_sos,35.875,30.392797956613546,30.054539244510618,5.4822020433864544
2025,WR,early,CIN,plus_sos,20.75,36.1722569453225,237.84600928754816,15.422256945322502
2025,WR,early,CLE,plus_sos,17.375,27.125362542156648,95.06956970349144,9.750362542156648
2025,WR,early,DAL,plus_sos,37.050000000000004,28.729941862511698,69.2233674111854,8.320058137488306
2025,WR,early,DEN,plus_sos,31.049999999999997,29.48194360336743,2.458800863020311,1.5680563966325671
2025,WR,early,DET,plus_sos,33.275,31.534190443843283,3.030417910806542,1.7408095561567158
2025,WR,early,GB,plus_sos,27.525,30.82145239415305,10.866598386917376,3.29645239415305
2025,WR,early,HOU,plus_sos,22.8,29.16282949632193,40.48559919926437,6.362829496321929
2025,WR,early,IND,plus_sos,27.9,27.51339501352437,0.14946341556782086,0.38660498647562846
2025,WR,early,JAX,plus_sos,18.0,27.299669751267,86.48385748263043,9.299669751267
2025,WR,early,KC,plus_sos,31.375,27.50135946682175,15.005090980281476,3.87364053317825
2025,WR,early,LA,plus_sos,42.87500000000001,31.749224709361417,123.78287581778419,11.12577529063859
2025,WR,early,LAC,plus_sos,38.375,28.957431796376703,88.69059086989654,9.417568203623297
2025,WR,early,LV,plus_sos,27.099999999999998,24.158652808055326,8.651523303560808,2.941347191944672
2025,WR,early,MIA,plus_sos,26.0,24.479921602914217,2.3106383332868825,1.5200783970857827
2025,WR,early,MIN,plus_sos,23.575000000000003,31.363600179059294,60.66229274924242,7.788600179059291
2025,WR,early,NE,plus_sos,22.75,22.606459799647826,0.02060378911714218,0.14354020035217374
2025,WR,early,NO,plus_sos,23.325000000000003,23.005855601176762,0.10185314730024775,0.31914439882324075
2025,WR,early,NYG,plus_sos,26.200000000000003,28.20639593633655,4.025624653347803,2.0063959363365456
2025,WR,early,NYJ,plus_sos,21.2,29.612351769607198,70.76766229561336,8.412351769607199
2025,WR,early,PHI,plus_sos,17.925,27.835753795519828,98.22304079541067,9.910753795519827
2025,WR,early,PIT,plus_sos,23.1,24.153116897433826,1.109055199660644,1.0531168974338243
2025,WR,early,SEA,plus_sos,27.075,29.00311873930652,3.7176418728649625,1.9281187393065196
2025,WR,early,SF,plus_sos,21.450000000000003,28.88021579615844,55.208106777482335,7.430215796158436
2025,WR,early,TB,plus_sos,31.825000000000003,32.09677268147085,0.07386039039385603,0.2717726814708499
2025,WR,early,TEN,plus_sos,17.45,26.293019993151226,78.19900259927233,8.843019993151227
2025,WR,early,WAS,plus_sos,30.3,28.9930874721004,1.7080203555809277,1.3069125278996019
2025,WR,middle,ARI,baseline,28.055555555555557,25.022915173294,9.19690768812353,3.032640382261558
2025,WR,middle,ATL,baseline,20.655555555555555,29.000588437910448,69.63957380758441,8.345032882354893
2025,WR,middle,BAL,baseline,14.211111111111114,26.321475915948728,146.66093570624957,12.110364804837614
2025,WR,middle,BUF,baseline,21.5,27.039451480146905,30.685522700901736,5.539451480146905
2025,WR,middle,CAR,baseline,25.666666666666668,27.39090495076984,2.9729976603670534,1.7242382841031727
2025,WR,middle,CHI,baseline,23.60888888888889,27.74634717452721,17.118561065397163,4.137458285638317
2025,WR,middle,CIN,baseline,36.366666666666674,31.546742522057684,23.231668759784704,4.81992414460899
2025,WR,middle,CLE,baseline,13.166666666666668,26.63392824481275,181.36713441420972,13.467261578146083
2025,WR,middle,DAL,baseline,38.2,28.856550130278094,87.30005546800635,9.343449869721908
2025,WR,middle,DEN,baseline,26.766666666666666,28.951837010711802,4.774969432494341,2.1851703440451367
2025,WR,middle,DET,baseline,29.988888888888887,29.79124794811387,0.0390619414704337,0.19764094077501682
2025,WR,middle,GB,baseline,28.533333333333335,28.45545884287109,0.006064436264754501,0.07787449046224637
2025,WR,middle,HOU,baseline,33.111111111111114,27.91298841658802,27.02047954731602,5.198122694523093
2025,WR,middle,IND,baseline,28.977777777777778,27.998081816789288,0.9598041759771612,0.9796959609884901
2025,WR,middle,JAX,baseline,26.911111111111115,27.06161121978265,0.022650282710144368,0.15050010867153674
2025,WR,middle,KC,baseline,32.03333333333333,27.032803558256184,25.005298031433107,5.000529775077148
2025,WR,middle,LA,baseline,34.388888888888886,30.31022905038305,16.635466078240448,4.0786598385058355
2025,WR,middle,LAC,baseline,27.45555555555556,28.431083129271766,0.9516540470806288,0.9755275737162066
2025,WR,middle,LV,baseline,15.055555555555555,25.59685242985983,111.11893979221706,10.541296874304274
2025,WR,middle,MIA,baseline,19.83555555555556,25.4771898358268,31.8280373523316,5.641634280271241
2025,WR,middle,MIN,baseline,21.977777777777778,29.813407687749617,61.397096086045295,7.835629909971839
2025,WR,middle,NE,baseline,33.766666666666666,24.265052077751477,90.28067979628595,9.501614588915189
2025,WR,middle,NO,baseline,24.155555555555555,24.485319889730796,0.10874451609404015,0.3297643341752412
2025,WR,middle,NYG,baseline,21.44666666666667,27.40508718413672,35.50277506300805,5.958420517470049
2025,WR,middle,NYJ,baseline,16.522222222222222,28.586201306721993,145.53959135124794,12.06397908449977
2025,WR,middle,PHI,baseline,27.944444444444443,26.72921512524646,1.4767822982383967,1.2152293191979844
2025,WR,middle,PIT,baseline,16.922222222222224,24.502161291853962,57.45547629932966,7.579939069631738
2025,WR,middle,SEA,baseline,34.44444444444444,28.165166253642816,39.42933459747695,6.279278190801627
2025,WR,middle,SF,baseline,18.3,27.358551730901652,82.05735946142131,9.058551730901652
2025,WR,middle,TB,baseline,26.066666666666666,30.002208669446176,15.488490855641755,3.93554200277951
2025,WR,middle,TEN,baseline,19.11111111111111,26.323691889912304,52.021321490732426,7.212580778801193
2025,WR,middle,WAS,baseline,23.355555555555554,28.10311898266272,22.539358494405548,4.747563427107167
2025,WR,middle,ARI,plus_sos,28.055555555555557,24.99197882062095,9.385502410832586,3.063576734934607
2025,WR,middle,ATL,plus_sos,20.655555555555555,28.808477006564576,66.47012818632305,8.152921451009021
2025,WR,middle,BAL,plus_sos,14.211111111111114,26.240570139964117,144.70788452685304,12.029459028853003
2025,WR,middle,BUF,plus_sos,21.5,27.10261894215771,31.389339011024393,5.6026189421577115
2025,WR,middle,CAR,plus_sos,25.666666666666668,27.308434275862673,2.6954008826051674,1.6417676091960054
2025,WR,middle,CHI,plus_sos,23.60888888888889,27.84185789901043,17.91802664064933,4.23296901012154
2025,WR,middle,CIN,plus_sos,36.366666666666674,31.331315529963042,25.35476106990256,5.035351136703632
2025,WR,middle,CLE,plus_sos,13.166666666666668,26.401030759008993,175.1483929286799,13.234364092342325
2025,WR,middle,DAL,plus_sos,38.2,28.553769886233834,93.04975540772928,9.646230113766169
2025,WR,middle,DEN,plus_sos,26.766666666666666,28.70542485215374,3.758783301793134,1.9387581854870746
2025,WR,middle,DET,plus_sos,29.988888888888887,29.88009972080265,0.011835083092895372,0.10878916808623629
2025,WR,middle,GB,plus_sos,28.533333333333335,28.466499212564955,0.004466799698882436,0.06683412076838025
2025,WR,middle,HOU,plus_sos,33.111111111111114,27.826656819408186,27.9254571610975,5.284454291702929
2025,WR,middle,IND,plus_sos,28.977777777777778,28.021774352503172,0.9139425491367786,0.9560034252746057
2025,WR,middle,JAX,plus_sos,26.911111111111115,26.839597750274017,0.005114160778217034,0.07151336083709836
2025,WR,middle,KC,plus_sos,32.03333333333333,27.223700939526637,23.132563763554714,4.8096323938066945
2025,WR,middle,LA,plus_sos,34.388888888888886,30.596412611776778,14.382876312458116,3.792476277112108
2025,WR,middle,LAC,plus_sos,27.45555555555556,28.30908961393427,0.7285203888124305,0.8535340583787097
2025,WR,middle,LV,plus_sos,15.055555555555555,25.567044360853124,110.49139690389612,10.511488805297569
2025,WR,middle,MIA,plus_sos,19.83555555555556,25.78956396026811,35.45021608338772,5.954008404712553
2025,WR,middle,MIN,plus_sos,21.977777777777778,29.7314060667433,60.118751643446416,7.753628288965523
2025,WR,middle,NE,plus_sos,33.766666666666666,24.30395000863547,89.54300655018106,9.462716658031194
2025,WR,middle,NO,plus_sos,24.155555555555555,24.490368491351283,0.11209970197615451,0.33481293579572835
2025,WR,middle,NYG,plus_sos,21.44666666666667,26.930891318331664,30.076720029930037,5.484224651664995
2025,WR,middle,NYJ,plus_sos,16.522222222222222,28.794767763349324,150.6153740590387,12.272545541127101
2025,WR,middle,PHI,plus_sos,27.944444444444443,26.79584006557864,1.319292019149694,1.1486043788658016
2025,WR,middle,PIT,plus_sos,16.922222222222224,24.249494462778785,53.68891848723075,7.32727224055656
2025,WR,middle,SEA,plus_sos,34.44444444444444,28.57782362449108,34.41723984511025,5.866620819953361
2025,WR,middle,SF,plus_sos,18.3,27.73341202820587,88.98926249389916,9.433412028205868
2025,WR,middle,TB,plus_sos,26.066666666666666,30.177424859696615,16.898332921562844,4.110758193029948
2025,WR,middle,TEN,plus_sos,19.11111111111111,26.459177827992665,53.99408447574246,7.348066716881554
2025,WR,middle,WAS,plus_sos,23.355555555555554,28.215183121946616,23.615980084027914,4.859627566391062
2025,WR,playoffs,ARI,baseline,18.03333333333333,24.01309297151837,35.75752533046684,5.979759638185037
2025,WR,playoffs,ATL,baseline,11.333333333333334,28.799648393111283,305.07216176742594,17.466315059777948
2025,WR,playoffs,BAL,baseline,18.0,25.575723320851765,57.39158383409729,7.575723320851765
2025,WR,playoffs,BUF,baseline,14.9,26.439703240961016,133.16475088944617,11.539703240961016
2025,WR,playoffs,CAR,baseline,18.2,26.862626745063878,75.041102124296,8.662626745063879
2025,WR,playoffs,CHI,baseline,31.366666666666664,27.29035013761179,16.616356445045984,4.076316529054875
2025,WR,playoffs,CIN,baseline,29.233333333333334,31.863577183869086,6.91818271328114,2.630243850535752
2025,WR,playoffs,CLE,baseline,14.200000000000001,25.951714582380788,138.10279562574124,11.751714582380787
2025,WR,playoffs,DAL,baseline,36.76666666666667,28.626319088151092,66.26525869904448,8.14034757851558
2025,WR,playoffs,DEN,baseline,40.36666666666667,28.740983089893987,135.156518627242,11.62568357677268
2025,WR,playoffs,DET,baseline,44.5,29.751092947108134,217.53025925484343,14.748907052891866
2025,WR,playoffs,GB,baseline,31.400000000000002,28.14366363895426,10.603726496268635,3.2563363610457436
2025,WR,playoffs,HOU,baseline,27.433333333333337,27.49087881042727,0.0033114819339682125,0.05754547709393165
2025,WR,playoffs,IND,baseline,19.7,27.593276430588368,62.30381280968186,7.893276430588369
2025,WR,playoffs,JAX,baseline,30.066666666666666,26.466369287877967,12.96214121571278,3.6002973787886994
2025,WR,playoffs,KC,baseline,11.233333333333334,26.43170342688593,230.990453500594,15.198370093552597
2025,WR,playoffs,LA,baseline,37.63333333333333,30.375611765903155,52.67452235034116,7.257721567430178
2025,WR,playoffs,LAC,baseline,30.066666666666666,28.11433098734561,3.8116146047500092,1.952335679321056
2025,WR,playoffs,LV,baseline,13.266666666666666,24.70374358666743,130.80672847401414,11.437076920000763
2025,WR,playoffs,MIA,baseline,15.366666666666667,24.559746933315886,84.51272478905527,9.193080266649218
2025,WR,playoffs,MIN,baseline,20.833333333333332,29.777758994025085,80.0027503996411,8.944425660691753
2025,WR,playoffs,NE,baseline,30.933333333333337,23.101114166958602,61.34365707012775,7.832219166374735
2025,WR,playoffs,NO,baseline,37.63333333333333,23.366174673313107,203.5518162301901,14.267158660020225
2025,WR,playoffs,NYG,baseline,17.400000000000002,26.87969301509073,89.86457966035994,9.479693015090728
2025,WR,playoffs,NYJ,baseline,19.233333333333334,28.300993315764277,82.22245755697952,9.067659982430943
2025,WR,playoffs,PHI,baseline,21.566666666666666,26.066378584123683,20.2474073401047,4.499711917457017
2025,WR,playoffs,PIT,baseline,17.166666666666668,23.38644086896999,38.68559112763794,6.219774202303324
2025,WR,playoffs,SEA,baseline,24.566666666666666,27.794338424342186,10.417864975296178,3.2276717576755196
2025,WR,playoffs,SF,baseline,33.06666666666667,26.823694316565128,38.97470376413238,6.242972350101542
2025,WR,playoffs,TB,baseline,39.4,30.00495371375752,88.2668947206386,9.39504628624248
2025,WR,playoffs,TEN,baseline,21.033333333333335,25.578389925543462,20.65753942639273,4.545056592210127
2025,WR,playoffs,WAS,baseline,20.666666666666668,27.719673492974717,49.744905291947944,7.053006826308049
2025,WR,playoffs,ARI,plus_sos,18.03333333333333,24.09632995534277,36.759928038497875,6.06299662200944
2025,WR,playoffs,ATL,plus_sos,11.333333333333334,28.820017232599003,305.7841137928373,17.48668389926567
2025,WR,playoffs,BAL,plus_sos,18.0,25.42873980236438,55.18617505123276,7.42873980236438
2025,WR,playoffs,BUF,plus_sos,14.9,26.41710467928487,132.6437001936054,11.517104679284868
2025,WR,playoffs,CAR,plus_sos,18.2,26.99195769689068,77.29852014391527,8.79195769689068
2025,WR,playoffs,CHI,plus_sos,31.366666666666664,27.21712758468907,17.21867459285945,4.1495390819775935
2025,WR,playoffs,CIN,plus_sos,29.233333333333334,31.822892802323913,6.70581824343877,2.589559468990579
2025,WR,playoffs,CLE,plus_sos,14.200000000000001,25.822169467847594,135.07482313936882,11.622169467847593
2025,WR,playoffs,DAL,plus_sos,36.76666666666667,28.74354742296367,64.37044239867745,8.023119243703004
2025,WR,playoffs,DEN,plus_sos,40.36666666666667,28.750302917119352,134.93990676179695,11.616363749547315
2025,WR,playoffs,DET,plus_sos,44.5,29.909006965068535,212.89707774541853,14.590993034931465
2025,WR,playoffs,GB,plus_sos,31.400000000000002,28.05174838891648,11.210788851123406,3.3482516110835228
2025,WR,playoffs,HOU,plus_sos,27.433333333333337,27.406498810905205,0.0007200915939459135,0.02683452242813189
2025,WR,playoffs,IND,plus_sos,19.7,27.6338845255324,62.94652366448251,7.933884525532402
2025,WR,playoffs,JAX,plus_sos,30.066666666666666,26.335345585407925,13.922757011445903,3.7313210812587414
2025,WR,playoffs,KC,plus_sos,11.233333333333334,26.257753076364466,225.73318861478367,15.024419743031132
2025,WR,playoffs,LA,plus_sos,37.63333333333333,30.560399786651033,50.026388955783865,7.0729335466823
2025,WR,playoffs,LAC,plus_sos,30.066666666666666,28.212662410636995,3.437331781376137,1.854004256029672
2025,WR,playoffs,LV,plus_sos,13.266666666666666,24.664293405386143,129.90589527517318,11.397626738719477
2025,WR,playoffs,MIA,plus_sos,15.366666666666667,24.54983776366099,84.33063139667189,9.183171096994322
2025,WR,playoffs,MIN,plus_sos,20.833333333333332,29.915750387969492,82.49029955434578,9.08241705463616
2025,WR,playoffs,NE,plus_sos,30.933333333333337,23.103564565810284,61.30527895287946,7.829768767523053
2025,WR,playoffs,NO,plus_sos,37.63333333333333,23.226005434583048,207.5710971821083,14.407327898750285
2025,WR,playoffs,NYG,plus_sos,17.400000000000002,26.96635024477254,91.51505700565957,9.566350244772536
2025,WR,playoffs,NYJ,plus_sos,19.233333333333334,28.43398152640062,84.65192717259228,9.200648193067284
2025,WR,playoffs,PHI,plus_sos,21.566666666666666,25.977284078904027,19.453545957131393,4.410617412237361
2025,WR,playoffs,PIT,plus_sos,17.166666666666668,23.452847663489294,39.5160715248139,6.286180996822626
2025,WR,playoffs,SEA,plus_sos,24.566666666666666,27.83220547087763,10.66374368180756,3.265538804210962
2025,WR,playoffs,SF,plus_sos,33.06666666666667,26.610601853046454,41.680772877665035,6.456064813620216
2025,WR,playoffs,TB,plus_sos,39.4,30.0520806839162,87.38359554001262,9.3479193160838
2025,WR,playoffs,TEN,plus_sos,21.033333333333335,25.579872035524527,20.671014170522373,4.546538702191192
2025,WR,playoffs,WAS,plus_sos,20.666666666666668,27.716592442090516,49.70145343898554,7.049925775423848
2025,WR,all,ARI,baseline,23.375,24.6777075090393,1.697046854107381,1.3027075090393012
2025,WR,all,ATL,baseline,18.2625,29.36283081829541,123.21734427559888,11.100330818295411
2025,WR,all,BAL,baseline,19.368750000000002,26.20722408799422,46.76472785216835,6.838474087994218
2025,WR,all,BUF,baseline,22.03125,27.052895370556325,25.216922227629766,5.021645370556325
2025,WR,all,CAR,baseline,22.95625,27.466856683563577,20.345572653808407,4.5106066835635765
2025,WR,all,CHI,baseline,28.130000000000003,27.88551617036284,0.05977234295405257,0.24448382963716142
2025,WR,all,CIN,baseline,31.125000000000004,32.36183175552954,1.5297527914862834,1.2368317555295398
2025,WR,all,CLE,baseline,14.412500000000001,26.575247701701805,147.93243165525251,12.162747701701804
2025,WR,all,DAL,baseline,37.643750000000004,29.193174542472768,71.41222556336166,8.450575457527236
2025,WR,all,DEN,baseline,30.3875,29.305408694170822,1.170921594151094,1.0820913058291772
2025,WR,all,DET,baseline,33.53125,30.294113267734176,10.47905422338466,3.2371367322658244
2025,WR,all,GB,baseline,28.81875,28.720747066720477,0.009604574931390839,0.09800293327952403
2025,WR,all,HOU,baseline,29.46875,28.08179543100689,1.9236429764508678,1.3869545689931115
2025,WR,all,IND,baseline,26.96875,28.182023138569804,1.472031708775022,1.2132731385698037
2025,WR,all,JAX,baseline,25.275,27.0789963360675,3.2544027805449733,1.8039963360675024
2025,WR,all,KC,baseline,27.96875,27.045065080902972,0.8531938297672823,0.9236849190970275
2025,WR,all,LA,baseline,37.118750000000006,30.905397880005918,38.605744567035025,6.213352119994088
2025,WR,all,LAC,baseline,30.675,28.692036004658185,3.9321462068219772,1.9829639953418159
2025,WR,all,LV,baseline,17.73125,25.353722515778763,58.10208725380264,7.622472515778764
2025,WR,all,MIA,baseline,20.53875,25.21277730201841,21.84653122001349,4.674027302018409
2025,WR,all,MIN,baseline,22.1625,30.32021423324535,66.54830151129372,8.157714233245347
2025,WR,all,NE,baseline,30.48125,23.78505448855708,44.839034327468305,6.6961955114429195
2025,WR,all,NO,baseline,26.475,24.04449808573817,5.90733955523043,2.430501914261832
2025,WR,all,NYG,baseline,21.87625,27.48356130149073,31.441940031825688,5.607311301490732
2025,WR,all,NYJ,baseline,18.200000000000003,28.87474276323642,113.95013306126825,10.674742763236416
2025,WR,all,PHI,baseline,24.24375,26.68748185339986,5.971825371321118,2.4437318533998607
2025,WR,all,PIT,baseline,18.512500000000003,24.064334819526664,30.822869863308632,5.551834819526661
2025,WR,all,SEA,baseline,30.750000000000004,28.37882441852407,5.6224736381877385,2.371175581475935
2025,WR,all,SF,baseline,21.856250000000003,27.428749273917262,31.05274815780838,5.572499273917259
2025,WR,all,TB,baseline,30.00625,30.54259445940057,0.28766537912968654,0.5363444594005671
2025,WR,all,TEN,baseline,19.056250000000002,26.20983418454534,51.17376668537718,7.153584184545338
2025,WR,all,WAS,baseline,24.5875,28.30574171509278,13.825321451856102,3.7182417150927805
2025,WR,all,ARI,plus_sos,23.375,24.91473879584844,2.3707955594408023,1.5397387958484394
2025,WR,all,ATL,plus_sos,18.2625,29.57159632399931,127.89565966549469,11.30909632399931
2025,WR,all,BAL,plus_sos,19.368750000000002,26.078176004749597,45.01639731321011,6.709426004749595
2025,WR,all,BUF,plus_sos,22.03125,27.08260922325841,25.516230002397794,5.051359223258409
2025,WR,all,CAR,plus_sos,22.95625,27.876682510391287,24.2106560893155,4.9204325103912865
2025,WR,all,CHI,plus_sos,28.130000000000003,28.422405780511024,0.08550114047625974,0.2924057805110216
2025,WR,all,CIN,plus_sos,31.125000000000004,32.513853091183094,1.928912908888826,1.3888530911830905
2025,WR,all,CLE,plus_sos,14.412500000000001,26.087441934551993,136.3042691751606,11.674941934551992
2025,WR,all,DAL,plus_sos,37.643750000000004,28.517171209743662,83.29444041475692,9.126578790256342
2025,WR,all,DEN,plus_sos,30.3875,28.67852666678889,2.9205898536266877,1.7089733332111088
2025,WR,all,DET,plus_sos,33.53125,30.634643427857146,8.390329633781176,2.896606572142854
2025,WR,all,GB,plus_sos,28.81875,28.896056834130547,0.005976346603287762,0.07730683413054606
2025,WR,all,HOU,plus_sos,29.46875,27.888047584610906,2.4986201260169167,1.5807024153890943
2025,WR,all,IND,plus_sos,26.96875,27.815458319181783,0.7169149777716398,0.8467083191817828
2025,WR,all,JAX,plus_sos,25.275,26.44620041482553,1.371710411687496,1.171200414825531
2025,WR,all,KC,plus_sos,27.96875,26.940662955230334,1.056962971623226,1.0280870447696664
2025,WR,all,LA,plus_sos,37.118750000000006,31.36727548949958,33.079459044936115,5.751474510500426
2025,WR,all,LAC,plus_sos,30.675,28.495411340931476,4.75060672274013,2.179588659068525
2025,WR,all,LV,plus_sos,17.73125,24.88132906372048,51.12363061745393,7.150079063720479
2025,WR,all,MIA,plus_sos,20.53875,25.40445048142239,23.67504117491408,4.86570048142239
2025,WR,all,MIN,plus_sos,22.1625,30.3342036736153,66.77674092937775,8.171703673615298
2025,WR,all,NE,plus_sos,30.48125,23.65169265581823,46.64285351746713,6.829557344181769
2025,WR,all,NO,plus_sos,26.475,23.600306782103658,8.263861097019234,2.8746932178963434
2025,WR,all,NYG,plus_sos,21.87625,27.07563379304597,27.03359182738911,5.199383793045971
2025,WR,all,NYJ,plus_sos,18.200000000000003,29.307261136345446,123.37124995096985,11.107261136345443
2025,WR,all,PHI,plus_sos,24.24375,26.84726930551135,6.778312774170311,2.6035193055113517
2025,WR,all,PIT,plus_sos,18.512500000000003,24.05341297797919,30.701716629538172,5.540912977979186
2025,WR,all,SEA,plus_sos,30.750000000000004,28.901340162481297,3.41754319485469,1.8486598375187064
2025,WR,all,SF,plus_sos,21.856250000000003,27.761134224168995,34.867657700839835,5.904884224168992
2025,WR,all,TB,plus_sos,30.00625,30.848184492959604,0.7088536904351425,0.8419344929596022
2025,WR,all,TEN,plus_sos,19.056250000000002,26.351080949005834,53.21455857457332,7.294830949005831
2025,WR,all,WAS,plus_sos,24.5875,28.383915503064426,14.412770671907927,3.796415503064427
2025,TE,early,ARI,baseline,13.05,11.09594125558378,3.818345576629498,1.954058744416221
2025,TE,early,ATL,baseline,9.125,7.880050695535755,1.5498987706860075,1.244949304464245
2025,TE,early,BAL,baseline,8.925,12.56418430514574,13.243662406819082,3.63918430514574
2025,TE,early,BUF,baseline,15.550000000000002,8.51555888116705,49.48336185432779,7.034441118832952
2025,TE,early,CAR,baseline,12.375,7.57051438098258,23.083082063345202,4.80448561901742
2025,TE,early,CHI,baseline,6.725,7.562296602720107,0.7010656009266326,0.837296602720107
2025,TE,early,CIN,baseline,9.225,10.038587119145504,0.6619240004394809,0.8135871191455042
2025,TE,early,CLE,baseline,11.175,10.23581379744487,0.882070723069928,0.9391862025551312
2025,TE,early,DAL,baseline,12.225000000000001,8.29093960865944,15.476831162714658,3.9340603913405623
2025,TE,early,DEN,baseline,6.975,7.523946970828563,0.30134277678185545,0.5489469708285633
2025,TE,early,DET,baseline,9.0,9.496213753822241,0.2462280894823597,0.4962137538222411
2025,TE,early,GB,baseline,14.475,8.877141124715891,31.336023987597066,5.597858875284109
2025,TE,early,HOU,baseline,6.199999999999999,7.97318551584379,3.1441868735982097,1.7731855158437906
2025,TE,early,IND,baseline,11.55,6.822696559097478,22.34739782236883,4.7273034409025225
2025,TE,early,JAX,baseline,12.0,8.863444827611769,9.837978349435367,3.1365551723882312
2025,TE,early,KC,baseline,9.225,11.528744244074058,5.307237542104357,2.3037442440740588
2025,TE,early,LA,baseline,6.675,7.129493614229828,0.20656444537569185,0.45449361422982815
2025,TE,early,LAC,baseline,5.050000000000001,8.31011442460521,10.628346061518956,3.2601144246052094
2025,TE,early,LV,baseline,10.425,11.449305720870147,1.049202209807309,1.0243057208701458
2025,TE,early,MIA,baseline,6.575,10.356341211961151,14.298541361275827,3.781341211961151
2025,TE,early,MIN,baseline,8.175,8.967536685603102,0.6281143980267494,0.7925366856031015
2025,TE,early,NE,baseline,14.850000000000001,10.200203424974152,21.62060818912212,4.649796575025849
2025,TE,early,NO,baseline,11.925,12.365314071193879,0.19387648129132765,0.4403140711938782
2025,TE,early,NYG,baseline,5.775,6.970616567822003,1.4294989772504663,1.195616567822003
2025,TE,early,NYJ,baseline,7.175,8.216979604297174,1.0857214957712964,1.0419796042971745
2025,TE,early,PHI,baseline,10.05,8.504601843483753,2.3882554621638166,1.5453981565162476
2025,TE,early,PIT,baseline,8.9,9.783835993008818,0.781166062537883,0.8838359930088178
2025,TE,early,SEA,baseline,9.100000000000001,8.844270011665998,0.06539782693330963,0.2557299883340036
2025,TE,early,SF,baseline,12.85,10.674095304776799,4.734561242694371,2.175904695223201
2025,TE,early,TB,baseline,1.6,8.827834455141051,52.241590910924145,7.227834455141052
2025,TE,early,TEN,baseline,7.200000000000001,9.487995975559768,5.234925584177689,2.2879959755597667
2025,TE,early,WAS,baseline,9.275,9.23050559000226,0.0019797525210470657,0.0444944099977409
2025,TE,early,ARI,plus_sos,13.05,11.095390498238562,3.8204983043761014,1.954609501761439
2025,TE,early,ATL,plus_sos,9.125,7.928648467935332,1.431256988273478,1.1963515320646678
2025,TE,early,BAL,plus_sos,8.925,12.584245119625075,13.390074845499926,3.6592451196250746
2025,TE,early,BUF,plus_sos,15.550000000000002,8.490919528640974,49.8306171011224,7.059080471359028
2025,TE,early,CAR,plus_sos,12.375,7.545740167886703,23.32175052606295,4.829259832113297
2025,TE,early,CHI,plus_sos,6.725,7.504191377812592,0.6071392032574866,0.7791913778125927
2025,TE,early,CIN,plus_sos,9.225,10.069448953556343,0.7130940351624029,0.8444489535563431
2025,TE,early,CLE,plus_sos,11.175,10.26743132048917,0.8236809080290336,0.9075686795108311
2025,TE,early,DAL,plus_sos,12.225000000000001,8.195667323034826,16.235521821659347,4.029332676965176
2025,TE,early,DEN,plus_sos,6.975,7.5559477236428405,0.3375002576057986,0.5809477236428409
2025,TE,early,DET,plus_sos,9.0,9.542665785165514,0.29448615438930414,0.5426657851655143
2025,TE,early,GB,plus_sos,14.475,8.801855963536061,32.18456325846635,5.673144036463938
2025,TE,early,HOU,plus_sos,6.199999999999999,8.025017348949804,3.3306883239677743,1.825017348949805
2025,TE,early,IND,plus_sos,11.55,6.812822745695004,22.440848338704626,4.737177254304997
2025,TE,early,JAX,plus_sos,12.0,8.945609642654512,9.329300455045098,3.054390357345488
2025,TE,early,KC,plus_sos,9.225,11.413984466460215,4.7916529944041155,2.188984466460216
2025,TE,early,LA,plus_sos,6.675,7.058834076498065,0.1473285982811224,0.383834076498065
2025,TE,early,LAC,plus_sos,5.050000000000001,8.343679743754935,10.848326254421568,3.293679743754934
2025,TE,early,LV,plus_sos,10.425,11.401470332026314,0.9534943093275781,0.9764703320263131
2025,TE,early,MIA,plus_sos,6.575,10.366628552524256,14.376447080317185,3.791628552524256
2025,TE,early,MIN,plus_sos,8.175,9.082536439100767,0.8236223882956998,0.9075364391007668
2025,TE,early,NE,plus_sos,14.850000000000001,10.353580214667986,20.21779088592521,4.496419785332016
2025,TE,early,NO,plus_sos,11.925,12.279748804844047,0.12584671453827928,0.35474880484404636
2025,TE,early,NYG,plus_sos,5.775,6.920948113031168,1.3131970777596929,1.1459481130311673
2025,TE,early,NYJ,plus_sos,7.175,8.28038057445256,1.2218662143770704,1.1053805744525596
2025,TE,early,PHI,plus_sos,10.05,8.588366311202076,2.136373040229028,1.4616336887979244
2025,TE,early,PIT,plus_sos,8.9,9.721153802765398,0.6742935677960741,0.821153802765398
2025,TE,early,SEA,plus_sos,9.100000000000001,8.780185960290929,0.10228101999503621,0.3198140397090725
2025,TE,early,SF,plus_sos,12.85,10.63111237291604,4.923462301626288,2.2188876270839604
2025,TE,early,TB,plus_sos,1.6,8.748971602758152,51.10779497704247,7.148971602758152
2025,TE,early,TEN,plus_sos,7.200000000000001,9.56220832118004,5.580028152652222,2.3622083211800398
2025,TE,early,WAS,plus_sos,9.275,9.25150275071421,0.0005521207239986057,0.023497249285791
2025,TE,middle,ARI,baseline,18.422222222222224,12.254866677834256,38.036274410893014,6.167355544387968
2025,TE,middle,ATL,baseline,7.7555555555555555,8.291241042515523,0.28695894093953744,0.5356854869599674
2025,TE,middle,BAL,baseline,14.155555555555557,14.064494736208054,0.008292072820238474,0.09106081934750243
2025,TE,middle,BUF,baseline,13.933333333333334,9.074512888677317,23.60813611340729,4.858820444656017
2025,TE,middle,CAR,baseline,5.811111111111112,7.909733634686719,4.404216496458852,2.0986225235756075
2025,TE,middle,CHI,baseline,12.366666666666667,7.899605119434627,19.954638866759108,4.46706154723204
2025,TE,middle,CIN,baseline,11.433333333333334,10.951664382065065,0.23200497861587369,0.4816689512682686
2025,TE,middle,CLE,baseline,15.655555555555557,11.194748748115277,19.89879737330554,4.46080680744028
2025,TE,middle,DAL,baseline,12.066666666666668,8.797666805120132,10.686360094791274,3.2689998615465363
2025,TE,middle,DEN,baseline,8.833333333333334,7.852338714924864,0.9623504413463799,0.9809946184084701
2025,TE,middle,DET,baseline,9.38888888888889,10.283182375426982,0.7997608400644578,0.8942934865380927
2025,TE,middle,GB,baseline,10.422222222222222,9.520167559769373,0.8137026140529244,0.9020546624528496
2025,TE,middle,HOU,baseline,9.077777777777778,8.406030882039236,0.45124389193436726,0.6717468957385417
2025,TE,middle,IND,baseline,11.333333333333336,6.988038746746333,18.881585044222312,4.345294586587003
2025,TE,middle,JAX,baseline,5.988888888888889,9.503286701015886,12.350991981883027,3.5143978121269974
2025,TE,middle,KC,baseline,13.61111111111111,12.788301814444441,0.6770151386810991,0.8228092966666694
2025,TE,middle,LA,baseline,15.244444444444447,7.36616998282444,62.067208492614014,7.878274461620007
2025,TE,middle,LAC,baseline,9.544444444444444,8.821300007375012,0.5229378768644667,0.7231444370694327
2025,TE,middle,LV,baseline,16.1,12.69039283367422,11.625421028660123,3.409607166325781
2025,TE,middle,MIA,baseline,8.266666666666666,11.343300305145963,9.465674545422358,3.076633638479297
2025,TE,middle,MIN,baseline,9.422222222222224,9.631581227542386,0.04383119310864732,0.20935900532016127
2025,TE,middle,NE,baseline,9.933333333333334,11.15085851535621,1.4823675688598397,1.217525182022877
2025,TE,middle,NO,baseline,10.95111111111111,13.819384667107425,8.226993192027741,2.868273555996314
2025,TE,middle,NYG,baseline,11.877777777777778,7.170352021283991,22.159857252901105,4.707425756493787
2025,TE,middle,NYJ,baseline,7.577777777777778,8.706510167851302,1.27403680840109,1.128732390073524
2025,TE,middle,PHI,baseline,9.3,9.061008201674527,0.05711707966684389,0.23899179832547368
2025,TE,middle,PIT,baseline,14.344444444444447,10.637680409250208,13.740099612609473,3.7067640351942384
2025,TE,middle,SEA,baseline,9.4,9.479653498761003,0.006344679864869058,0.0796534987610027
2025,TE,middle,SF,baseline,13.333333333333334,11.734936228226857,2.554873305612765,1.5983971051064767
2025,TE,middle,TB,baseline,6.800000000000001,9.45939646825682,7.072389575376843,2.659396468256819
2025,TE,middle,TEN,baseline,10.700000000000001,10.27305386017489,0.18228300631156294,0.42694613982511065
2025,TE,middle,WAS,baseline,10.033333333333335,9.955693715609335,0.00602791024032878,0.07763961772399952
2025,TE,middle,ARI,plus_sos,18.422222222222224,12.261345948771192,37.956396456771884,6.1608762734510325
2025,TE,middle,ATL,plus_sos,7.7555555555555555,8.3067518480175,0.3038173528237934,0.5511962924619445
2025,TE,middle,BAL,plus_sos,14.155555555555557,14.133309985938272,0.0004948653675974621,0.022245569617284744
2025,TE,middle,BUF,plus_sos,13.933333333333334,9.222661455581205,22.190429539844764,4.710671877752128
2025,TE,middle,CAR,plus_sos,5.811111111111112,7.894826543762289,4.3418700042686815,2.083715432651177
2025,TE,middle,CHI,plus_sos,12.366666666666667,7.891888656592193,20.023638239446072,4.474778010074474
2025,TE,middle,CIN,plus_sos,11.433333333333334,10.933841015590081,0.24949257548452602,0.4994923177432522
2025,TE,middle,CLE,plus_sos,15.655555555555557,11.171034346677903,20.110930472873495,4.484521208877654
2025,TE,middle,DAL,plus_sos,12.066666666666668,8.76960279619316,10.87063016598175,3.297063870473508
2025,TE,middle,DEN,plus_sos,8.833333333333334,7.843112701732565,0.9805368992478257,0.9902206316007689
2025,TE,middle,DET,plus_sos,9.38888888888889,10.272307225311113,0.78042795712701,0.8834183364222241
2025,TE,middle,GB,plus_sos,10.422222222222222,9.487796381251293,0.8731516522742286,0.9344258409709294
2025,TE,middle,HOU,plus_sos,9.077777777777778,8.420742987346092,0.43169471583760927,0.6570347904316858
2025,TE,middle,IND,plus_sos,11.333333333333336,7.0177270325823375,18.624457743081713,4.315606300750998
2025,TE,middle,JAX,plus_sos,5.988888888888889,9.53104497485655,12.546869737357746,3.5421560859676617
2025,TE,middle,KC,plus_sos,13.61111111111111,12.771103905326996,0.7056121057692366,0.840007205784115
2025,TE,middle,LA,plus_sos,15.244444444444447,7.368143228231727,62.03612084851398,7.87630121621272
2025,TE,middle,LAC,plus_sos,9.544444444444444,8.850596323582456,0.4814252148237119,0.693848120861988
2025,TE,middle,LV,plus_sos,16.1,12.680494077145974,11.693020756433771,3.419505922854027
2025,TE,middle,MIA,plus_sos,8.266666666666666,11.342031017341917,9.457865889404209,3.075364350675251
2025,TE,middle,MIN,plus_sos,9.422222222222224,9.55751505691668,0.018304151119661268,0.13529283469445552
2025,TE,middle,NE,plus_sos,9.933333333333334,11.146904684105568,1.4727554234151454,1.2135713507722343
2025,TE,middle,NO,plus_sos,10.95111111111111,13.882721798545292,8.594341222678315,2.9316106874341816
2025,TE,middle,NYG,plus_sos,11.877777777777778,7.04713627552186,23.335097323317317,4.830641502255919
2025,TE,middle,NYJ,plus_sos,7.577777777777778,8.796357915369398,1.4849375517328118,1.21858013759162
2025,TE,middle,PHI,plus_sos,9.3,8.916304049000317,0.14722258281355174,0.3836959509996838
2025,TE,middle,PIT,plus_sos,14.344444444444447,10.759453634380618,12.852159108242107,3.584990810063829
2025,TE,middle,SEA,plus_sos,9.4,9.468759691005985,0.0047278951072385195,0.06875969100598489
2025,TE,middle,SF,plus_sos,13.333333333333334,11.801610407692747,2.346175120932958,1.5317229256405867
2025,TE,middle,TB,plus_sos,6.800000000000001,9.372256755598102,6.6165048167200675,2.572256755598101
2025,TE,middle,TEN,plus_sos,10.700000000000001,10.3021087643338,0.15831743541997612,0.39789123566620077
2025,TE,middle,WAS,plus_sos,10.033333333333335,9.886822948623747,0.021465292827751444,0.14651038470958788
2025,TE,playoffs,ARI,baseline,23.066666666666663,11.543158584092538,132.79123852915117,11.523508082574125
2025,TE,playoffs,ATL,baseline,20.3,9.19172676488716,123.39373426592428,11.10827323511284
2025,TE,playoffs,BAL,baseline,5.833333333333333,12.616725411259562,46.01440808287232,6.783392077926229
2025,TE,playoffs,BUF,baseline,11.366666666666667,9.656404943810198,2.924995160667977,1.710261722856469
2025,TE,playoffs,CAR,baseline,6.266666666666667,8.96539644498068,7.283142416358804,2.6987297783140134
2025,TE,playoffs,CHI,baseline,13.800000000000002,8.95938767542564,23.43152767682121,4.840612324574362
2025,TE,playoffs,CIN,baseline,11.533333333333333,10.770030234677483,0.5826316204176226,0.7633030986558502
2025,TE,playoffs,CLE,baseline,13.5,10.914240703998427,6.68615113685855,2.585759296001573
2025,TE,playoffs,DAL,baseline,7.533333333333334,9.492165242639125,3.8370224489145692,1.9588319093057907
2025,TE,playoffs,DEN,baseline,5.3999999999999995,8.931346750835456,12.470409874636132,3.531346750835456
2025,TE,playoffs,DET,baseline,3.1666666666666665,10.373451444044889,51.93774682745048,7.206784777378223
2025,TE,playoffs,GB,baseline,5.7,9.920790804231927,17.8150750130888,4.220790804231927
2025,TE,playoffs,HOU,baseline,12.799999999999999,9.259826153177606,12.53283086572526,3.540173846822393
2025,TE,playoffs,IND,baseline,10.166666666666666,8.418598415472104,3.055742610834414,1.748068251194562
2025,TE,playoffs,JAX,baseline,8.799999999999999,9.910776188306864,1.2338237405095274,1.1107761883068648
2025,TE,playoffs,KC,baseline,6.133333333333334,11.859620447324609,32.79036411186253,5.726287113991275
2025,TE,playoffs,LA,baseline,21.733333333333334,8.642925812193571,171.35876906951248,13.090407521139763
2025,TE,playoffs,LAC,baseline,9.066666666666668,9.506185704934216,0.19317698499963035,0.439519038267548
2025,TE,playoffs,LV,baseline,10.833333333333334,11.80153567495923,0.937415774329867,0.9682023416258954
2025,TE,playoffs,MIA,baseline,19.000000000000004,11.002369324139003,63.96209642747288,7.997630675861
2025,TE,playoffs,MIN,baseline,5.533333333333334,9.98688726933736,19.83414266089696,4.453553936004027
2025,TE,playoffs,NE,baseline,13.233333333333334,10.888202702593254,5.499637675235365,2.34513063074008
2025,TE,playoffs,NO,baseline,16.006666666666668,12.471313188027612,12.498724218925275,3.535353478639056
2025,TE,playoffs,NYG,baseline,5.266666666666667,8.52675626746281,10.628184205219156,3.2600896007961433
2025,TE,playoffs,NYJ,baseline,5.0,9.438086316643771,19.696610153980675,4.438086316643771
2025,TE,playoffs,PHI,baseline,14.233333333333333,9.648393251070146,21.021675557943553,4.584940082263186
2025,TE,playoffs,PIT,baseline,15.0,10.583758378471265,19.503190059722755,4.4162416215287355
2025,TE,playoffs,SEA,baseline,10.800000000000002,9.89675572601177,0.8158502184925284,0.903244273988232
2025,TE,playoffs,SF,baseline,18.833333333333332,11.234708413600522,57.73910067078445,7.59862491973281
2025,TE,playoffs,TB,baseline,4.966666666666667,9.884738186901693,24.18742747814686,4.918071520235026
2025,TE,playoffs,TEN,baseline,16.166666666666668,10.36744267448985,33.630998911439235,5.7992239921768185
2025,TE,playoffs,WAS,baseline,3.966666666666667,10.179167895098617,38.59517151326849,6.21250122843195
2025,TE,playoffs,ARI,plus_sos,23.066666666666663,11.385004118326199,136.46123989330022,11.681662548340464
2025,TE,playoffs,ATL,plus_sos,20.3,9.093837372609919,125.57808083151419,11.206162627390082
2025,TE,playoffs,BAL,plus_sos,5.833333333333333,12.48386710214942,44.229599410163104,6.650533768816087
2025,TE,playoffs,BUF,plus_sos,11.366666666666667,9.717475944288063,2.7198300387796617,1.649190722378604
2025,TE,playoffs,CAR,plus_sos,6.266666666666667,8.940283056922254,7.14822460224332,2.673616390255588
2025,TE,playoffs,CHI,plus_sos,13.800000000000002,8.937810290422004,23.640888771926186,4.862189709577999
2025,TE,playoffs,CIN,plus_sos,11.533333333333333,10.838617108102655,0.4826306335987624,0.6947162252306782
2025,TE,playoffs,CLE,plus_sos,13.5,10.855982555352307,6.990828247601315,2.6440174446476927
2025,TE,playoffs,DAL,plus_sos,7.533333333333334,9.64033218953193,4.4394441800221935,2.1069988561985964
2025,TE,playoffs,DEN,plus_sos,5.3999999999999995,8.74809619390043,11.20974812361055,3.348096193900431
2025,TE,playoffs,DET,plus_sos,3.1666666666666665,10.22490928404401,49.81878884576178,7.058242617377344
2025,TE,playoffs,GB,plus_sos,5.7,9.916672132540825,17.780323873346386,4.2166721325408245
2025,TE,playoffs,HOU,plus_sos,12.799999999999999,9.303234052828781,12.227372089296225,3.496765947171218
2025,TE,playoffs,IND,plus_sos,10.166666666666666,8.44221586046337,2.973730583015195,1.7244508062032953
2025,TE,playoffs,JAX,plus_sos,8.799999999999999,9.880858248116319,1.1682545525210795,1.0808582481163196
2025,TE,playoffs,KC,plus_sos,6.133333333333334,12.10571583557378,35.66935275306786,5.972382502240447
2025,TE,playoffs,LA,plus_sos,21.733333333333334,8.764995095250747,168.17779665731499,12.968338238082588
2025,TE,playoffs,LAC,plus_sos,9.066666666666668,9.5070306809425,0.19392046506912425,0.44036401427583094
2025,TE,playoffs,LV,plus_sos,10.833333333333334,12.082508346816851,1.5604382143115463,1.2491750134835176
2025,TE,playoffs,MIA,plus_sos,19.000000000000004,10.684526859154474,69.14709355612342,8.31547314084553
2025,TE,playoffs,MIN,plus_sos,5.533333333333334,10.314252870007458,22.857191616152317,4.780919536674124
2025,TE,playoffs,NE,plus_sos,13.233333333333334,10.950652205124594,5.210633133080325,2.28268112820874
2025,TE,playoffs,NO,plus_sos,16.006666666666668,12.54879533817957,11.956874124373128,3.457871328487098
2025,TE,playoffs,NYG,plus_sos,5.266666666666667,8.449597345261308,10.131047704738945,3.1829306785946416
2025,TE,playoffs,NYJ,plus_sos,5.0,9.425946739261388,19.58900453877851,4.425946739261388
2025,TE,playoffs,PHI,plus_sos,14.233333333333333,9.557916501916626,21.859522547494635,4.675416831416706
2025,TE,playoffs,PIT,plus_sos,15.0,10.622871240835993,19.15925617430064,4.377128759164007
2025,TE,playoffs,SEA,plus_sos,10.800000000000002,9.530363177891905,1.6119776600527485,1.2696368221080974
2025,TE,playoffs,SF,plus_sos,18.833333333333332,11.245071981174023,57.581710348674626,7.588261352159309
2025,TE,playoffs,TB,plus_sos,4.966666666666667,9.700168986690617,22.406044213672118,4.73350232002395
2025,TE,playoffs,TEN,plus_sos,16.166666666666668,10.388103272313694,33.39179490255616,5.7785633943529735
2025,TE,playoffs,WAS,plus_sos,3.966666666666667,10.494835357510217,42.61698645610999,6.52816869084355
2025,TE,all,ARI,baseline,17.950000000000003,11.825147648261897,37.51381633059181,6.124852351738106
2025,TE,all,ATL,baseline,10.450000000000001,8.347757799787594,4.419422268353902,2.102242200212407
2025,TE,all,BAL,baseline,11.2875,13.412780492199058,4.516817170521872,2.1252804921990585
2025,TE,all,BUF,baseline,13.85625,9.034942165073826,23.245009239120506,4.8213078349261735
2025,TE,all,CAR,baseline,7.5375000000000005,8.013051621868005,0.22614934506128953,0.4755516218680045
2025,TE,all,CHI,baseline,11.225,8.004165617144476,10.373774121784319,3.2208343828555233
2025,TE,all,CIN,baseline,10.900000000000002,10.681815040501181,0.047604676551502065,0.21818495949882077
2025,TE,all,CLE,baseline,14.13125,10.895079153865872,10.472801745368475,3.2361708461341276
2025,TE,all,DAL,baseline,11.256250000000001,8.792058035964038,6.0722420356194196,2.4641919640359635
2025,TE,all,DEN,baseline,7.7250000000000005,7.962697595101341,0.0565001467169608,0.23769759510134048
2025,TE,all,DET,baseline,8.125000000000002,10.095338728748274,3.8822347060053577,1.9703387287482723
2025,TE,all,GB,baseline,10.55,9.425926372909098,1.2635415191212982,1.1240736270909029
2025,TE,all,HOU,baseline,9.05625,8.44846585332092,0.36940156895441756,0.6077841466790801
2025,TE,all,IND,baseline,11.16875,7.204425192026877,15.715871183111135,3.9643248079731226
2025,TE,all,JAX,baseline,8.01875,9.41111636503655,1.9386840944850936,1.3923663650365494
2025,TE,all,KC,baseline,11.1125,12.293143897034417,1.3939200116046138,1.1806438970344164
2025,TE,all,LA,baseline,14.318750000000001,7.536169368371954,46.00340002453592,6.782580631628047
2025,TE,all,LAC,baseline,8.33125,8.812792046985605,0.23188274301508563,0.481542046985604
2025,TE,all,LV,baseline,13.693750000000001,12.207245851373639,2.2096945838833877,1.4865041486263628
2025,TE,all,MIA,baseline,9.85625,11.025407223144297,1.3669286124304856,1.169157223144298
2025,TE,all,MIN,baseline,8.381250000000001,9.523672424867915,1.3051289968410826,1.1424224248679131
2025,TE,all,NE,baseline,11.78125,10.856573133397248,0.8550273076302837,0.9246768666027521
2025,TE,all,NO,baseline,12.142500000000002,13.197739177889659,1.1135297225532392,1.055239177889657
2025,TE,all,NYG,baseline,9.112499999999999,7.364373277050396,3.0559470394905195,1.7481267229496034
2025,TE,all,NYJ,baseline,6.9937499999999995,8.712083993452277,2.952671713053651,1.7183339934522772
2025,TE,all,PHI,baseline,10.412500000000001,9.023094158775788,1.9304485916279652,1.3894058412242138
2025,TE,all,PIT,baseline,13.106250000000001,10.406348894071785,7.289465981792405,2.699901105928216
2025,TE,all,SEA,baseline,9.5875,9.390382354014982,0.038855366358675196,0.1971176459850188
2025,TE,all,SF,baseline,14.24375,11.368999405787413,8.264190978925624,2.8747505942125873
2025,TE,all,TB,baseline,5.15625,9.372610344567924,17.777694555244945,4.216360344567924
2025,TE,all,TEN,baseline,10.850000000000001,10.086452724024745,0.5830044426492337,0.763547275975256
2025,TE,all,WAS,baseline,8.70625,9.808024576020838,1.2139072163658953,1.101774576020837
2025,TE,all,ARI,plus_sos,17.950000000000003,11.767918898111267,38.218126750329844,6.182081101888736
2025,TE,all,ATL,plus_sos,10.450000000000001,8.261036956375124,4.791559206355486,2.1889630436248773
2025,TE,all,BAL,plus_sos,11.2875,13.2715869884054,3.936601177559609,1.9840869884053998
2025,TE,all,BUF,plus_sos,13.85625,8.892045282353726,24.64332847870152,4.964204717646274
2025,TE,all,CAR,plus_sos,7.5375000000000005,8.042461297658066,0.2549859121325179,0.504961297658066
2025,TE,all,CHI,plus_sos,11.225,8.051312090332157,10.072294947971839,3.1736879096678425
2025,TE,all,CIN,plus_sos,10.900000000000002,10.701963857949918,0.03921831355808097,0.1980361420500838
2025,TE,all,CLE,plus_sos,14.13125,10.881797846639467,10.558939296979405,3.249452153360533
2025,TE,all,DAL,plus_sos,11.256250000000001,8.946037625059839,5.3370812173266655,2.3102123749401624
2025,TE,all,DEN,plus_sos,7.7250000000000005,7.891927372663621,0.027864747744379147,0.16692737266362023
2025,TE,all,DET,plus_sos,8.125000000000002,10.026529950491959,3.615816152617945,1.9015299504919572
2025,TE,all,GB,plus_sos,10.55,9.521840975472498,1.057110979717345,1.0281590245275023
2025,TE,all,HOU,plus_sos,9.05625,8.404879277900823,0.42428381760800316,0.6513707220991769
2025,TE,all,IND,plus_sos,11.16875,7.183320741014215,15.88364637837998,3.9854292589857847
2025,TE,all,JAX,plus_sos,8.01875,9.305289184337996,1.6551830728370733,1.286539184337995
2025,TE,all,KC,plus_sos,11.1125,12.479623206920156,1.8690258628996492,1.367123206920155
2025,TE,all,LA,plus_sos,14.318750000000001,7.626402256768261,44.787518316338975,6.692347743231741
2025,TE,all,LAC,plus_sos,8.33125,8.751854981406202,0.1769085503837112,0.4206049814062016
2025,TE,all,LV,plus_sos,13.693750000000001,12.3447835741816,1.8197104179852737,1.3489664258184018
2025,TE,all,MIA,plus_sos,9.85625,10.918959268661702,1.1293509896994907,1.0627092686617026
2025,TE,all,MIN,plus_sos,8.381250000000001,9.630178082312822,1.55982135478958,1.2489280823128208
2025,TE,all,NE,plus_sos,11.78125,10.764404809978489,1.0339741404698837,1.0168451900215114
2025,TE,all,NO,plus_sos,12.142500000000002,13.210211836192714,1.1400085651460137,1.0677118361927125
2025,TE,all,NYG,plus_sos,9.112499999999999,7.528792548453171,2.508129292084948,1.583707451546828
2025,TE,all,NYJ,plus_sos,6.9937499999999995,8.550240341703276,2.4226621838155826,1.5564903417032765
2025,TE,all,PHI,plus_sos,10.412500000000001,9.107849269077583,1.7021135296964,1.3046507309224182
2025,TE,all,PIT,plus_sos,13.106250000000001,10.317783899521109,7.775543193519961,2.7884661004788924
2025,TE,all,SEA,plus_sos,9.5875,9.337078510425606,0.06271092244065861,0.2504214895743946
2025,TE,all,SF,plus_sos,14.24375,11.323723623430684,8.52655403986053,2.920026376569316
2025,TE,all,TB,plus_sos,5.15625,9.481248369093885,18.705610892664765,4.324998369093885
2025,TE,all,TEN,plus_sos,10.850000000000001,10.001077315500668,0.7206697242575552,0.8489226844993336
2025,TE,all,WAS,plus_sos,8.70625,9.976157769955913,1.6126657441943981,1.2699077699559123
