season,id,pos,rank,model,actual,expected,pinball,coverage80,width80,upside_actual,upside_predicted,upside_brier,forecast_error
2023,00-0036322,WR,1,pooled,138.2,274.8651238775279,55.33598536018347,0.0,145.81533788372593,0.0,23.122545556033444,0.10756094999024629,-136.6651238775279
2023,00-0036322,WR,1,position,138.2,274.8651238775279,55.55194237248609,0.0,144.2293314394365,0.0,22.079308702385074,0.09983129794480576,-136.6651238775279
2023,00-0036322,WR,1,position_rank,138.2,274.8651238775279,55.98720143190919,0.0,159.44099888458697,0.0,26.586613484730748,0.15725326991676578,-136.6651238775279
2023,00-0036900,WR,2,pooled,208.82,243.9184748315377,11.090592738490285,1.0,145.81533788372593,0.0,23.122545556033444,0.10756094999024629,-35.098474831537715
2023,00-0036900,WR,2,position,208.82,243.9184748315377,11.098306924445037,1.0,144.2293314394365,0.0,22.079308702385074,0.09983129794480576,-35.098474831537715
2023,00-0036900,WR,2,position_rank,208.82,243.9184748315377,13.930465126550875,1.0,159.44099888458697,0.0,26.586613484730748,0.15725326991676578,-35.098474831537715
2023,00-0033280,RB,1,pooled,357.8,277.9858472259747,27.26157779524284,0.0,145.81533788372593,79.81415277402533,23.122545556033444,0.4516312281747265,79.81415277402533
2023,00-0033280,RB,1,position,357.8,277.9858472259747,26.978583286065895,1.0,155.7455282473707,79.81415277402533,24.74169120203402,0.4093830795748349,79.81415277402533
2023,00-0033280,RB,1,position_rank,357.8,277.9858472259747,22.752940319266223,1.0,179.82850418055392,79.81415277402533,31.667939075082014,0.34451795841209826,79.81415277402533
2023,00-0033040,WR,3,pooled,299.20000000000005,225.81584561665534,24.482592420074194,1.0,145.81533788372593,73.38415438334471,23.122545556033437,0.4516312281747265,73.38415438334471
2023,00-0033040,WR,3,position,299.20000000000005,225.81584561665534,24.57324297145038,1.0,144.2293314394365,73.38415438334471,22.079308702385067,0.46790947384057135,73.38415438334471
2023,00-0033040,WR,3,position_rank,299.20000000000005,225.81584561665534,21.94987881435111,1.0,159.44099888458697,73.38415438334471,26.586613484730744,0.36414982164090365,73.38415438334471
2023,00-0033908,WR,4,pooled,134.9,212.97182578554757,26.637490319241625,0.0,145.81533788372596,0.0,23.122545556033444,0.10756094999024629,-78.07182578554756
2023,00-0033908,WR,4,position,134.9,212.97182578554757,26.652535407748417,0.0,144.2293314394365,0.0,22.079308702385074,0.09983129794480576,-78.07182578554756
2023,00-0033908,WR,4,position_rank,134.9,212.97182578554757,28.620482838637557,1.0,159.44099888458697,0.0,26.586613484730748,0.15725326991676578,-78.07182578554756
2023,00-0030506,TE,1,pooled,172.9,196.96397801568224,8.757845828163832,1.0,145.81533788372593,0.0,23.122545556033444,0.10756094999024629,-24.06397801568224
2023,00-0030506,TE,1,position,172.9,196.96397801568224,7.404300855770086,1.0,105.9242986337787,0.0,16.07667229459163,0.0625,-24.06397801568224
2023,00-0030506,TE,1,position_rank,172.9,196.96397801568224,8.729618394114908,1.0,129.5884531288337,0.0,18.64426887669804,0.07174744897959183,-24.06397801568224
2023,00-0033699,RB,2,pooled,151.5,243.98530254308403,33.24607469296154,0.0,145.8153378837259,0.0,23.122545556033444,0.10756094999024629,-92.48530254308403
2023,00-0033699,RB,2,position,151.5,243.98530254308403,32.45825215851354,0.0,155.7455282473707,0.0,24.74169120203402,0.12972206262568226,-92.48530254308403
2023,00-0033699,RB,2,position_rank,151.5,243.98530254308403,36.58578444324824,0.0,179.8285041805539,0.0,31.667939075082014,0.17060491493383742,-92.48530254308403
2023,00-0031588,WR,5,pooled,208.10000000000002,203.00923001502414,7.0466374659525135,1.0,145.81533788372596,5.0907699849758785,23.122545556033444,0.10756094999024629,5.0907699849758785
2023,00-0031588,WR,5,position,208.10000000000002,203.00923001502414,6.91095095162765,1.0,144.2293314394365,5.0907699849758785,22.079308702385074,0.09983129794480576,5.0907699849758785
2023,00-0031588,WR,5,position_rank,208.10000000000002,203.00923001502414,7.260414561401293,1.0,159.44099888458697,5.0907699849758785,26.586613484730748,0.15725326991676578,5.0907699849758785
2023,00-0036358,WR,6,pooled,306.7,194.86919657066517,42.26953823946385,0.0,145.81533788372593,111.83080342933482,23.122545556033437,0.4516312281747265,111.83080342933482
2023,00-0036358,WR,6,position,306.7,194.86919657066517,43.33146236594359,0.0,144.22933143943646,111.83080342933482,22.079308702385074,0.46790947384057135,111.83080342933482
2023,00-0036358,WR,6,position_rank,306.7,194.86919657066517,40.12945065440581,0.0,159.44099888458697,111.83080342933482,26.586613484730744,0.36414982164090365,111.83080342933482
2023,00-0036963,WR,7,pooled,247.5,187.98689635707814,19.109129836723802,1.0,145.81533788372593,59.51310364292186,23.122545556033444,0.4516312281747265,59.51310364292186
2023,00-0036963,WR,7,position,247.5,187.98689635707814,19.182914949322843,1.0,144.22933143943646,59.51310364292186,22.079308702385074,0.46790947384057135,59.51310364292186
2023,00-0036963,WR,7,position_rank,247.5,187.98689635707814,16.557468863073524,1.0,159.44099888458697,59.51310364292186,26.586613484730744,0.36414982164090365,59.51310364292186
2023,00-0034844,RB,3,pooled,180.0,224.09625889949888,13.681597306642267,1.0,145.81533788372593,0.0,23.122545556033444,0.10756094999024629,-44.09625889949888
2023,00-0034844,RB,3,position,180.0,224.09625889949888,13.54884363992292,1.0,155.7455282473707,0.0,24.741691202034016,0.12972206262568226,-44.09625889949888
2023,00-0034844,RB,3,position_rank,180.0,224.09625889949888,17.45684713878643,1.0,179.82850418055386,0.0,31.667939075082007,0.17060491493383742,-44.09625889949888
2023,00-0035676,WR,8,pooled,237.20000000000002,182.02517673955742,17.624981284823004,1.0,145.81533788372593,55.174823260442594,23.122545556033444,0.4516312281747265,55.174823260442594
2023,00-0035676,WR,8,position,237.20000000000002,182.02517673955742,17.69876639742204,1.0,144.22933143943646,55.174823260442594,22.079308702385074,0.46790947384057135,55.174823260442594
2023,00-0035676,WR,8,position_rank,237.20000000000002,182.02517673955742,15.073320311172719,1.0,159.44099888458697,55.174823260442594,26.586613484730744,0.36414982164090365,55.174823260442594
2023,00-0031381,WR,9,pooled,200.8,176.7665673557828,9.183707509300541,1.0,145.81533788372593,24.033432644217214,23.122545556033444,0.10756094999024629,24.033432644217214
2023,00-0031381,WR,9,position,200.8,176.7665673557828,8.987929438516076,1.0,144.22933143943646,24.033432644217214,22.079308702385074,0.09983129794480576,24.033432644217214
2023,00-0031381,WR,9,position_rank,200.8,176.7665673557828,7.573368963020532,1.0,159.44099888458697,24.033432644217214,26.586613484730744,0.15725326991676578,24.033432644217214
2023,00-0038542,RB,4,pooled,194.70000000000002,209.98475786019338,7.5539587168644315,1.0,145.81533788372593,0.0,23.122545556033444,0.10756094999024629,-15.284757860193366
2023,00-0038542,RB,4,position,194.70000000000002,209.98475786019338,8.246738721550235,1.0,155.7455282473707,0.0,24.741691202034016,0.12972206262568226,-15.284757860193366
2023,00-0038542,RB,4,position_rank,194.70000000000002,209.98475786019338,10.109398576358288,1.0,179.82850418055386,0.0,31.667939075082007,0.17060491493383742,-15.284757860193366
2023,00-0037740,WR,10,pooled,161.3,172.06258096903397,7.167899864858382,1.0,145.81533788372593,0.0,23.122545556033444,0.10756094999024629,-10.762580969033962
2023,00-0037740,WR,10,position,161.3,172.06258096903397,6.985804599581072,1.0,144.22933143943646,0.0,22.079308702385074,0.09983129794480576,-10.762580969033962
2023,00-0037740,WR,10,position_rank,161.3,172.06258096903397,8.75139033021387,1.0,159.44099888458697,0.0,26.586613484730748,0.15725326991676578,-10.762580969033962
2023,00-0035261,RB,5,pooled,179.5,199.03902728529775,8.113731009641324,1.0,145.8153378837259,0.0,23.122545556033437,0.10756094999024629,-19.53902728529775
2023,00-0035261,RB,5,position,179.5,199.03902728529775,8.686051061482418,1.0,155.74552824737071,0.0,24.741691202034016,0.12972206262568226,-19.53902728529775
2023,00-0035261,RB,5,position_rank,179.5,199.03902728529775,10.893079786245936,1.0,179.82850418055392,0.0,31.667939075082014,0.17060491493383742,-19.53902728529775
2023,00-0034791,RB,6,pooled,21.1,190.09571421660826,71.50128052972366,0.0,145.81533788372593,0.0,23.122545556033437,0.10756094999024629,-168.99571421660826
2023,00-0034791,RB,6,position,21.1,190.09571421660826,70.71345799527563,0.0,155.74552824737066,0.0,24.74169120203402,0.12972206262568226,-168.99571421660826
2023,00-0034791,RB,6,position_rank,21.1,190.09571421660826,74.2025839188053,0.0,179.82850418055392,0.0,31.667939075082014,0.17060491493383742,-168.99571421660826
2023,00-0036613,WR,11,pooled,162.60000000000002,167.80730767695775,6.919540635222299,1.0,145.81533788372593,0.0,23.122545556033444,0.10756094999024629,-5.207307676957726
2023,00-0036613,WR,11,position,162.60000000000002,167.80730767695775,6.731092802874276,1.0,144.22933143943646,0.0,22.079308702385074,0.09983129794480576,-5.207307676957726
2023,00-0036613,WR,11,position_rank,162.60000000000002,167.80730767695775,8.037872490680968,1.0,159.44099888458697,0.0,26.586613484730744,0.15725326991676578,-5.207307676957726
2023,00-0037239,WR,12,pooled,174.70000000000002,163.922547524675,7.47728712156911,1.0,145.81533788372593,10.77745247532502,23.122545556033444,0.10756094999024629,10.77745247532502
2023,00-0037239,WR,12,position,174.70000000000002,163.922547524675,7.3016717820622805,1.0,144.22933143943646,10.77745247532502,22.079308702385074,0.09983129794480576,10.77745247532502
2023,00-0037239,WR,12,position_rank,174.70000000000002,163.922547524675,7.110765022181578,1.0,159.44099888458697,10.77745247532502,26.586613484730744,0.15725326991676578,10.77745247532502
2023,00-0032764,RB,7,pooled,211.36,182.5342507578221,10.066502672082773,1.0,145.8153378837259,28.82574924217792,23.122545556033437,0.4516312281747265,28.82574924217792
2023,00-0032764,RB,7,position,211.36,182.5342507578221,10.097404224108644,1.0,155.74552824737071,28.82574924217792,24.741691202034016,0.4093830795748349,28.82574924217792
2023,00-0032764,RB,7,position_rank,211.36,182.5342507578221,8.282082963091876,1.0,179.82850418055392,28.82574924217792,31.667939075082014,0.34451795841209826,28.82574924217792
2023,00-0035700,RB,8,pooled,162.6,175.9842131773027,7.374870828669071,1.0,145.81533788372593,0.0,23.122545556033444,0.10756094999024629,-13.384213177302712
2023,00-0035700,RB,8,position,162.6,175.9842131773027,8.096695720269391,1.0,155.74552824737066,0.0,24.741691202034016,0.12972206262568226,-13.384213177302712
2023,00-0035700,RB,8,position_rank,162.6,175.9842131773027,9.774037096957153,1.0,179.82850418055386,0.0,31.667939075082007,0.17060491493383742,-13.384213177302712
2023,00-0036912,WR,13,pooled,187.1,160.34891460437274,9.684327752981336,1.0,145.81533788372593,26.751085395627257,23.122545556033444,0.4516312281747265,26.751085395627257
2023,00-0036912,WR,13,position,187.1,160.34891460437274,9.48854968219687,1.0,144.22933143943646,26.751085395627257,22.079308702385074,0.46790947384057135,26.751085395627257
2023,00-0036912,WR,13,position_rank,187.1,160.34891460437274,7.89857987826189,1.0,159.44099888458697,26.751085395627257,26.586613484730744,0.36414982164090365,26.751085395627257
2023,00-0030279,WR,14,pooled,224.86,157.040247311088,22.28611806700866,1.0,145.81533788372593,67.81975268891202,23.122545556033444,0.4516312281747265,67.81975268891202
2023,00-0030279,WR,14,position,224.86,157.040247311088,22.376768618384848,1.0,144.22933143943646,67.81975268891202,22.079308702385074,0.46790947384057135,67.81975268891202
2023,00-0030279,WR,14,position_rank,224.86,157.040247311088,19.753404461285573,1.0,159.44099888458697,67.81975268891202,26.586613484730744,0.36414982164090365,67.81975268891202
2023,00-0033873,QB,1,pooled,294.22,392.4984652266179,36.14265603472846,0.0,145.81533788372593,0.0,23.122545556033444,0.10756094999024629,-98.27846522661787
2023,00-0033873,QB,1,position,294.22,392.4984652266179,34.803751092629156,0.0,188.4999397785055,0.0,31.6826592052253,0.17060491493383742,-98.27846522661787
2023,00-0033873,QB,1,position_rank,294.22,392.4984652266179,36.99500486221732,0.0,170.4130154061461,0.0,30.100044985368342,0.16735537190082647,-98.27846522661787
2023,00-0036410,WR,15,pooled,116.6,153.95995175415158,11.731613659304898,1.0,145.81533788372593,0.0,23.122545556033444,0.10756094999024629,-37.35995175415158
2023,00-0036410,WR,15,position,116.6,153.95995175415158,11.752944980991158,1.0,144.22933143943646,0.0,22.079308702385074,0.09983129794480576,-37.35995175415158
2023,00-0036410,WR,15,position_rank,116.6,153.95995175415158,14.585103183096988,1.0,159.44099888458697,0.0,26.586613484730744,0.15725326991676578,-37.35995175415158
2023,00-0036389,QB,2,pooled,370.22,350.8071591702404,8.43738986691173,1.0,145.81533788372593,19.412840829759602,23.122545556033444,0.10756094999024629,19.412840829759602
2023,00-0036389,QB,2,position,370.22,350.8071591702404,11.192574590824773,1.0,188.4999397785055,19.412840829759602,31.6826592052253,0.17060491493383742,19.412840829759602
2023,00-0036389,QB,2,position_rank,370.22,350.8071591702404,9.542538699393956,1.0,170.4130154061461,19.412840829759602,30.100044985368342,0.16735537190082647,19.412840829759602
2023,00-0034857,QB,3,pooled,385.58,326.41930852117076,18.988567780586852,1.0,145.81533788372593,59.16069147882922,23.122545556033444,0.4516312281747265,59.16069147882922
2023,00-0034857,QB,3,position,385.58,326.41930852117076,17.035215858952284,1.0,188.4999397785055,59.16069147882922,31.682659205225303,0.34451795841209826,59.16069147882922
2023,00-0034857,QB,3,position_rank,385.58,326.41930852117076,16.41245528381001,1.0,170.4130154061461,59.16069147882922,30.100044985368335,0.34917355371900816,59.16069147882922
2023,00-0036875,RB,9,pooled,126.7,170.2066705730231,13.51092700160981,1.0,145.81533788372593,0.0,23.122545556033437,0.10756094999024629,-43.5066705730231
2023,00-0036875,RB,9,position,126.7,170.2066705730231,13.37817333489046,1.0,155.74552824737071,0.0,24.741691202034016,0.12972206262568226,-43.5066705730231
2023,00-0036875,RB,9,position_rank,126.7,170.2066705730231,17.255145869202607,1.0,179.82850418055392,0.0,31.667939075082007,0.17060491493383742,-43.5066705730231
2023,00-0035640,WR,16,pooled,190.9,151.07852769356725,12.739894943976637,1.0,145.81533788372593,39.82147230643275,23.122545556033444,0.4516312281747265,39.82147230643275
2023,00-0035640,WR,16,position,190.9,151.07852769356725,12.657823636161629,1.0,144.22933143943646,39.82147230643275,22.079308702385074,0.46790947384057135,39.82147230643275
2023,00-0035640,WR,16,position_rank,190.9,151.07852769356725,10.335056882010827,1.0,159.44099888458697,39.82147230643275,26.586613484730744,0.36414982164090365,39.82147230643275
2023,00-0034753,TE,2,pooled,112.9,168.19849637280146,17.340516113124615,1.0,145.81533788372593,0.0,23.122545556033444,0.10756094999024629,-55.29849637280145
2023,00-0034753,TE,2,position,112.9,168.19849637280146,18.795549594617572,0.0,105.9242986337787,0.0,16.07667229459163,0.0625,-55.29849637280145
2023,00-0034753,TE,2,position_rank,112.9,168.19849637280146,18.443684527050735,1.0,129.58845312883375,0.0,18.64426887669804,0.07174744897959183,-55.29849637280145
2023,00-0033897,RB,10,pooled,216.8,165.03848260240707,16.45727138437444,1.0,145.81533788372593,51.76151739759294,23.122545556033437,0.4516312281747265,51.76151739759294
2023,00-0033897,RB,10,position,216.8,165.03848260240707,16.30775136429616,1.0,155.74552824737071,51.76151739759294,24.741691202034016,0.4093830795748349,51.76151739759294
2023,00-0033897,RB,10,position_rank,216.8,165.03848260240707,13.482663403463093,1.0,179.82850418055392,51.76151739759294,31.667939075082007,0.34451795841209826,51.76151739759294
2023,00-0034837,WR,17,pooled,172.3,148.37184584082783,9.164314104160663,1.0,145.81533788372593,23.92815415917218,23.122545556033444,0.10756094999024629,23.92815415917218
2023,00-0034837,WR,17,position,172.3,148.37184584082783,8.968536033376202,1.0,144.22933143943646,23.92815415917218,22.079308702385074,0.09983129794480576,23.92815415917218
2023,00-0034837,WR,17,position_rank,172.3,148.37184584082783,7.565057503674872,1.0,159.44099888458697,23.92815415917218,26.586613484730744,0.15725326991676578,23.92815415917218
2023,00-0031544,WR,18,pooled,191.0,145.81991830979263,14.291071344542974,1.0,145.81533788372593,45.18008169020737,23.122545556033444,0.4516312281747265,45.18008169020737
2023,00-0031544,WR,18,position,191.0,145.81991830979263,14.27951270234157,1.0,144.22933143943646,45.18008169020737,22.079308702385074,0.46790947384057135,45.18008169020737
2023,00-0031544,WR,18,position_rank,191.0,145.81991830979263,11.852217609326303,1.0,159.44099888458697,45.18008169020737,26.586613484730744,0.36414982164090365,45.18008169020737
2023,00-0036893,RB,11,pooled,159.20000000000002,160.36328789909248,6.882056995319135,1.0,145.81533788372593,0.0,23.122545556033444,0.10756094999024629,-1.1632878990924667
2023,00-0036893,RB,11,position,159.20000000000002,160.36328789909248,7.557022406267506,1.0,155.74552824737066,0.0,24.74169120203402,0.12972206262568226,-1.1632878990924667
2023,00-0036893,RB,11,position_rank,159.20000000000002,160.36328789909248,8.283597115346677,1.0,179.82850418055392,0.0,31.667939075082014,0.17060491493383742,-1.1632878990924667
2023,00-0039139,RB,12,pooled,207.1,156.09516953371758,16.19840480261031,1.0,145.81533788372593,51.004830466282414,23.122545556033444,0.4516312281747265,51.004830466282414
2023,00-0039139,RB,12,position,207.1,156.09516953371758,16.04888478253203,1.0,155.74552824737066,51.004830466282414,24.741691202034016,0.4093830795748349,51.004830466282414
2023,00-0039139,RB,12,position_rank,207.1,156.09516953371758,13.263622449662678,1.0,179.82850418055392,51.004830466282414,31.667939075082014,0.34451795841209826,51.004830466282414
2023,00-0033293,RB,13,pooled,103.3,152.16888124297517,15.140910937131418,1.0,145.81533788372593,0.0,23.122545556033444,0.10756094999024629,-48.86888124297518
2023,00-0033293,RB,13,position,103.3,152.16888124297517,14.930392213034485,1.0,155.74552824737071,0.0,24.741691202034016,0.12972206262568226,-48.86888124297518
2023,00-0033293,RB,13,position_rank,103.3,152.16888124297517,19.089586361554638,1.0,179.82850418055392,0.0,31.667939075082014,0.17060491493383742,-48.86888124297518
2023,00-0036973,RB,14,pooled,242.20000000000002,148.53370607493144,33.458588310183224,0.0,145.81533788372593,93.66629392506857,23.122545556033444,0.4516312281747265,93.66629392506857
2023,00-0036973,RB,14,position,242.20000000000002,148.53370607493144,32.99780218795734,0.0,155.74552824737066,93.66629392506857,24.741691202034016,0.4093830795748349,93.66629392506857
2023,00-0036973,RB,14,position_rank,242.20000000000002,148.53370607493144,27.954005997763495,1.0,179.82850418055392,93.66629392506857,31.667939075082007,0.34451795841209826,93.66629392506857
2023,00-0034796,QB,4,pooled,338.22,309.11585311386295,10.117786448601564,1.0,145.81533788372593,29.104146886137073,23.122545556033444,0.4516312281747265,29.104146886137073
2023,00-0034796,QB,4,position,338.22,309.11585311386295,11.957677700538781,1.0,188.4999397785055,29.104146886137073,31.6826592052253,0.34451795841209826,29.104146886137073
2023,00-0034796,QB,4,position_rank,338.22,309.11585311386295,10.570171575482762,1.0,170.4130154061461,29.104146886137073,30.100044985368342,0.34917355371900816,29.104146886137073
2023,00-0035719,WR,19,pooled,209.5,143.4060019461836,21.60489913210249,1.0,145.81533788372593,66.09399805381639,23.122545556033444,0.4516312281747265,66.09399805381639
2023,00-0035719,WR,19,position,209.5,143.4060019461836,21.695549683478674,1.0,144.22933143943646,66.09399805381639,22.079308702385074,0.46790947384057135,66.09399805381639
2023,00-0035719,WR,19,position_rank,209.5,143.4060019461836,19.0721855263794,1.0,159.44099888458697,66.09399805381639,26.586613484730744,0.36414982164090365,66.09399805381639
2023,00-0034827,WR,20,pooled,230.1,141.11593192304383,31.36390832550136,0.0,145.81533788372593,88.98406807695616,23.122545556033444,0.4516312281747265,88.98406807695616
2023,00-0034827,WR,20,position,230.1,141.11593192304383,31.908094689754254,0.0,144.22933143943646,88.98406807695616,22.079308702385074,0.46790947384057135,88.98406807695616
2023,00-0034827,WR,20,position_rank,230.1,141.11593192304383,28.774433667708248,0.0,159.44099888458697,88.98406807695616,26.586613484730744,0.36414982164090365,88.98406807695616
2023,00-0030564,WR,21,pooled,172.0,138.9376180962056,11.040258387797202,1.0,145.81533788372593,33.0623819037944,23.122545556033444,0.4516312281747265,33.0623819037944
2023,00-0030564,WR,21,position,172.0,138.9376180962056,10.84551887502889,1.0,144.22933143943646,33.0623819037944,22.079308702385074,0.46790947384057135,33.0623819037944
2023,00-0030564,WR,21,position_rank,172.0,138.9376180962056,8.878493721016946,1.0,159.44099888458697,33.0623819037944,26.586613484730744,0.36414982164090365,33.0623819037944
2023,00-0033921,WR,22,pooled,159.20000000000002,136.8606586309676,8.871638063871758,1.0,145.81533788372593,22.33934136903241,23.122545556033437,0.10756094999024629,22.33934136903241
2023,00-0033921,WR,22,position,159.20000000000002,136.8606586309676,8.675859993087297,1.0,144.22933143943646,22.33934136903241,22.079308702385074,0.09983129794480576,22.33934136903241
2023,00-0033921,WR,22,position_rank,159.20000000000002,136.8606586309676,7.439624914979625,1.0,159.44099888458697,22.33934136903241,26.586613484730744,0.15725326991676578,22.33934136903241
2023,00-0037238,WR,23,pooled,133.78,134.87603958563875,6.883826687778445,1.0,145.81533788372593,0.0,23.122545556033444,0.10756094999024629,-1.0960395856387493
2023,00-0037238,WR,23,position,133.78,134.87603958563875,6.748140173453581,1.0,144.22933143943646,0.0,22.079308702385074,0.09983129794480576,-1.0960395856387493
2023,00-0037238,WR,23,position_rank,133.78,134.87603958563875,7.7132986939978885,1.0,159.44099888458697,0.0,26.586613484730744,0.15725326991676578,-1.0960395856387493
2023,00-0036442,QB,5,pooled,153.16,295.69425038176735,58.27054861230321,0.0,145.81533788372593,0.0,23.122545556033444,0.10756094999024629,-142.53425038176735
2023,00-0036442,QB,5,position,153.16,295.69425038176735,54.72981275088248,0.0,188.4999397785055,0.0,31.6826592052253,0.17060491493383742,-142.53425038176735
2023,00-0036442,QB,5,position_rank,153.16,295.69425038176735,59.122897439792055,0.0,170.4130154061461,0.0,30.100044985368342,0.16735537190082647,-142.53425038176735
2023,00-0035216,WR,24,pooled,110.30000000000001,132.97589847868485,8.526477219297519,1.0,145.81533788372593,0.0,23.122545556033437,0.10756094999024629,-22.675898478684843
2023,00-0035216,WR,24,position,110.30000000000001,132.97589847868485,8.400112850955972,1.0,144.22933143943646,0.0,22.079308702385074,0.09983129794480576,-22.675898478684843
2023,00-0035216,WR,24,position_rank,110.30000000000001,132.97589847868485,10.852968471703111,1.0,159.44099888458697,0.0,26.586613484730744,0.15725326991676578,-22.675898478684843
2023,00-0038124,WR,25,pooled,87.3,131.1533361525204,13.611277564095872,1.0,145.81533788372593,0.0,23.122545556033444,0.10756094999024629,-43.85333615252041
2023,00-0038124,WR,25,position,87.3,131.1533361525204,13.632608885782133,1.0,144.22933143943646,0.0,22.079308702385074,0.09983129794480576,-43.85333615252041
2023,00-0038124,WR,25,position_rank,87.3,131.1533361525204,16.464767087887967,1.0,159.44099888458697,0.0,26.586613484730744,0.15725326991676578,-43.85333615252041
2023,00-0032211,WR,26,pooled,146.8,129.4022655583826,8.172244289524597,1.0,145.81533788372593,17.397734441617416,23.122545556033444,0.10756094999024629,17.397734441617416
2023,00-0032211,WR,26,position,146.8,129.4022655583826,7.950913274631788,1.0,144.22933143943646,17.397734441617416,22.079308702385074,0.09983129794480576,17.397734441617416
2023,00-0032211,WR,26,position_rank,146.8,129.4022655583826,7.200577751815917,1.0,159.44099888458697,17.397734441617416,26.586613484730744,0.15725326991676578,17.397734441617416
2023,00-0035659,WR,27,pooled,155.1,127.71728909491023,9.800679820513903,1.0,145.81533788372593,27.382710905089766,23.122545556033444,0.4516312281747265,27.382710905089766
2023,00-0035659,WR,27,position,155.1,127.71728909491023,9.604901749729441,1.0,144.22933143943646,27.382710905089766,22.079308702385074,0.46790947384057135,27.382710905089766
2023,00-0035659,WR,27,position_rank,155.1,127.71728909491023,7.981688497928008,1.0,159.44099888458697,27.382710905089766,26.586613484730744,0.36414982164090365,27.382710905089766
2023,00-0036261,WR,28,pooled,207.7,126.09359826509782,28.063373383003523,0.0,145.81533788372593,81.60640173490216,23.122545556033444,0.4516312281747265,81.60640173490216
2023,00-0036261,WR,28,position,207.7,126.09359826509782,28.24987709702836,0.0,144.22933143943646,81.60640173490216,22.079308702385074,0.46790947384057135,81.60640173490216
2023,00-0036261,WR,28,position_rank,207.7,126.09359826509782,25.473898725210404,0.0,159.44099888458697,81.60640173490216,26.586613484730744,0.36414982164090365,81.60640173490216
2023,00-0036945,QB,6,pooled,230.56,284.72800246479324,16.953768197227067,1.0,145.81533788372593,0.0,23.122545556033444,0.10756094999024629,-54.16800246479323
2023,00-0036945,QB,6,position,230.56,284.72800246479324,17.75222760083487,1.0,188.4999397785055,0.0,31.6826592052253,0.17060491493383742,-54.16800246479323
2023,00-0036945,QB,6,position_rank,230.56,284.72800246479324,18.725806883283028,1.0,170.4130154061461,0.0,30.100044985368342,0.16735537190082647,-54.16800246479323
2023,00-0035229,TE,3,pooled,171.5,151.3717682965334,8.531520245031071,1.0,145.81533788372593,20.12823170346661,23.122545556033444,0.10756094999024629,20.12823170346661
2023,00-0035229,TE,3,position,171.5,151.3717682965334,7.311148686239555,1.0,105.9242986337787,20.12823170346661,16.07667229459163,0.0625,20.12823170346661
2023,00-0035229,TE,3,position_rank,171.5,151.3717682965334,7.382806107673254,1.0,129.58845312883375,20.12823170346661,18.64426887669804,0.07174744897959183,20.12823170346661
2023,00-0036355,QB,7,pooled,240.66,275.45617196223657,11.018994690497912,1.0,145.81533788372593,0.0,23.122545556033444,0.10756094999024629,-34.79617196223657
2023,00-0036355,QB,7,position,240.66,275.45617196223657,12.911706035239789,1.0,188.4999397785055,0.0,31.6826592052253,0.17060491493383742,-34.79617196223657
2023,00-0036355,QB,7,position_rank,240.66,275.45617196223657,13.099343126194102,1.0,170.4130154061461,0.0,30.100044985368342,0.16735537190082647,-34.79617196223657
2023,00-0038120,RB,15,pooled,224.5,145.14943895882195,27.054181493705894,0.0,145.81533788372593,79.35056104117805,23.122545556033444,0.4516312281747265,79.35056104117805
2023,00-0038120,RB,15,position,224.5,145.14943895882195,26.795586549415656,1.0,155.74552824737071,79.35056104117805,24.741691202034016,0.4093830795748349,79.35056104117805
2023,00-0038120,RB,15,position_rank,224.5,145.14943895882195,22.594343147502677,1.0,179.82850418055392,79.35056104117805,31.667939075082014,0.34451795841209826,79.35056104117805
2023,00-0033536,WR,29,pooled,40.7,124.52689094922488,29.212124734570946,0.0,145.81533788372593,0.0,23.122545556033444,0.10756094999024629,-83.82689094922488
2023,00-0033536,WR,29,position,40.7,124.52689094922488,29.227169823077737,0.0,144.22933143943646,0.0,22.07930870238507,0.09983129794480576,-83.82689094922488
2023,00-0033536,WR,29,position_rank,40.7,124.52689094922488,30.92920701534672,0.0,159.44099888458697,0.0,26.586613484730744,0.15725326991676578,-83.82689094922488
2023,00-0034775,WR,30,pooled,121.76,123.01330270816143,6.879688184554163,1.0,145.81533788372593,0.0,23.122545556033437,0.10756094999024629,-1.2533027081614279
2023,00-0034775,WR,30,position,121.76,123.01330270816143,6.744001670229301,1.0,144.22933143943646,0.0,22.079308702385074,0.09983129794480576,-1.2533027081614279
2023,00-0034775,WR,30,position_rank,121.76,123.01330270816143,7.725714203670733,1.0,159.44099888458697,0.0,26.586613484730744,0.15725326991676578,-1.2533027081614279
2023,00-0037258,RB,16,pooled,70.2,141.98366849441206,23.824367320575742,0.0,145.81533788372593,0.0,23.122545556033444,0.10756094999024629,-71.78366849441205
2023,00-0037258,RB,16,position,70.2,141.98366849441206,23.162183730979287,1.0,155.74552824737071,0.0,24.741691202034016,0.12972206262568226,-71.78366849441205
2023,00-0037258,RB,16,position_rank,70.2,141.98366849441206,27.62298454014516,1.0,179.82850418055392,0.0,31.667939075082014,0.17060491493383742,-71.78366849441205
2023,00-0031610,TE,4,pooled,80.2,139.43301472992067,18.806648772139045,1.0,145.81533788372593,0.0,23.122545556033444,0.10756094999024629,-59.23301472992067
2023,00-0031610,TE,4,position,80.2,139.43301472992067,20.555728859644592,0.0,105.9242986337787,0.0,16.07667229459163,0.0625,-59.23301472992067
2023,00-0031610,TE,4,position_rank,80.2,139.43301472992067,19.789703965012574,1.0,129.58845312883375,0.0,18.64426887669804,0.07174744897959183,-59.23301472992067
2023,00-0038134,RB,17,pooled,176.3,139.0098842523873,12.041563771859433,1.0,145.81533788372593,37.2901157476127,23.122545556033444,0.4516312281747265,37.2901157476127
2023,00-0038134,RB,17,position,176.3,139.0098842523873,12.102122606974776,1.0,155.74552824737071,37.2901157476127,24.741691202034016,0.4093830795748349,37.2901157476127
2023,00-0038134,RB,17,position_rank,176.3,139.0098842523873,9.830055504300729,1.0,179.8285041805539,37.2901157476127,31.667939075082014,0.34451795841209826,37.2901157476127
2023,00-0035662,WR,31,pooled,109.2,121.5493493550459,7.293171053227746,1.0,145.81533788372593,0.0,23.122545556033444,0.10756094999024629,-12.349349355045902
2023,00-0035662,WR,31,position,109.2,121.5493493550459,7.111075787950435,1.0,144.22933143943646,0.0,22.079308702385074,0.09983129794480576,-12.349349355045902
2023,00-0035662,WR,31,position_rank,109.2,121.5493493550459,8.960175644162808,1.0,159.44099888458697,0.0,26.586613484730744,0.15725326991676578,-12.349349355045902
2023,00-0035243,RB,18,pooled,72.30000000000001,136.20612589013245,20.6512979143279,1.0,145.81533788372593,0.0,23.122545556033444,0.10756094999024629,-63.906125890132444
2023,00-0035243,RB,18,position,72.30000000000001,136.20612589013245,20.05262743981628,1.0,155.74552824737066,0.0,24.741691202034016,0.12972206262568226,-63.906125890132444
2023,00-0035243,RB,18,position_rank,72.30000000000001,136.20612589013245,24.513428248982155,1.0,179.8285041805539,0.0,31.667939075082007,0.17060491493383742,-63.906125890132444
2023,00-0036252,WR,32,pooled,190.8,120.13187864757708,23.410474118394546,1.0,145.81533788372593,70.66812135242293,23.122545556033444,0.4516312281747265,70.66812135242293
2023,00-0036252,WR,32,position,190.8,120.13187864757708,23.501124669770732,1.0,144.22933143943646,70.66812135242293,22.07930870238507,0.46790947384057135,70.66812135242293
2023,00-0036252,WR,32,position_rank,190.8,120.13187864757708,20.877760512671454,1.0,159.44099888458697,70.66812135242293,26.586613484730744,0.36414982164090365,70.66812135242293
2023,00-0031408,WR,33,pooled,239.3,118.75802941608524,46.62512181675383,0.0,145.81533788372593,120.54197058391478,23.122545556033444,0.4516312281747265,120.54197058391478
2023,00-0031408,WR,33,position,239.3,118.75802941608524,47.687045943233564,0.0,144.22933143943646,120.54197058391478,22.079308702385074,0.46790947384057135,120.54197058391478
2023,00-0031408,WR,33,position_rank,239.3,118.75802941608524,45.94034505041518,0.0,137.9004631844399,120.54197058391478,23.520471524621026,0.4406212841854934,120.54197058391478
2023,00-0034972,RB,19,pooled,114.80000000000001,133.55399799545546,8.010437682030496,1.0,145.81533788372593,0.0,23.122545556033444,0.10756094999024629,-18.75399799545545
2023,00-0034972,RB,19,position,114.80000000000001,133.55399799545546,8.58275773387159,1.0,155.74552824737066,0.0,24.741691202034016,0.12972206262568226,-18.75399799545545
2023,00-0034972,RB,19,position_rank,114.80000000000001,133.55399799545546,10.748469127590777,1.0,179.8285041805539,0.0,31.667939075082007,0.17060491493383742,-18.75399799545545
2023,00-0037741,WR,34,pooled,97.60000000000001,117.42519679483766,8.15138489247552,1.0,145.81533788372593,0.0,23.122545556033444,0.10756094999024629,-19.82519679483765
2023,00-0037741,WR,34,position,97.60000000000001,117.42519679483766,8.000553327281645,1.0,144.22933143943646,0.0,22.079308702385074,0.09983129794480576,-19.82519679483765
2023,00-0037741,WR,34,position_rank,97.60000000000001,117.42519679483766,8.114888510654408,1.0,137.9004631844399,0.0,23.520471524621026,0.11303507728894174,-19.82519679483765
2023,00-0036407,WR,35,pooled,99.4,116.1310024945744,7.744254063493516,1.0,145.81533788372593,0.0,23.122545556033444,0.10756094999024629,-16.731002494574398
2023,00-0036407,WR,35,position,99.4,116.1310024945744,7.593422498299637,1.0,144.22933143943646,0.0,22.079308702385074,0.09983129794480576,-16.731002494574398
2023,00-0036407,WR,35,position_rank,99.4,116.1310024945744,7.60876426129,1.0,137.9004631844399,0.0,23.520471524621026,0.11303507728894174,-16.731002494574398
2023,00-0036158,RB,20,pooled,10.7,131.03793791951642,47.172392381177744,0.0,145.81533788372593,0.0,23.122545556033444,0.10756094999024629,-120.33793791951642
2023,00-0036158,RB,20,position,10.7,131.03793791951642,46.38456984672973,0.0,155.74552824737066,0.0,24.741691202034016,0.12972206262568226,-120.33793791951642
2023,00-0036158,RB,20,position_rank,10.7,131.03793791951642,49.87369577025937,0.0,179.8285041805539,0.0,31.667939075082007,0.17060491493383742,-120.33793791951642
2023,00-0036971,QB,8,pooled,258.34000000000003,267.4245470574854,7.0354235034203345,1.0,145.81533788372593,0.0,23.122545556033444,0.10756094999024629,-9.084547057485395
2023,00-0036971,QB,8,position,258.34000000000003,267.4245470574854,9.738816956279633,1.0,188.4999397785055,0.0,31.682659205225303,0.17060491493383742,-9.084547057485395
2023,00-0036971,QB,8,position_rank,258.34000000000003,267.4245470574854,8.649929782330178,1.0,170.4130154061461,0.0,30.100044985368335,0.16735537190082647,-9.084547057485395
2023,00-0033553,RB,21,pooled,159.6,128.64466243134632,10.541221571579664,1.0,145.81533788372593,30.955337568653675,23.122545556033444,0.4516312281747265,30.955337568653675
2023,00-0033553,RB,21,position,159.6,128.64466243134632,10.601780406695008,1.0,155.74552824737066,30.955337568653675,24.741691202034016,0.4093830795748349,30.955337568653675
2023,00-0033553,RB,21,position_rank,159.6,128.64466243134632,8.663122681860907,1.0,179.8285041805539,30.955337568653675,31.667939075082007,0.34451795841209826,30.955337568653675
2023,00-0037256,RB,22,pooled,224.6,126.36274321620184,35.503492746983305,0.0,145.81533788372593,98.23725678379816,23.122545556033437,0.4516312281747265,98.23725678379816
2023,00-0037256,RB,22,position,224.6,126.36274321620184,35.04270662475742,0.0,155.74552824737071,98.23725678379816,24.741691202034016,0.4093830795748349,98.23725678379816
2023,00-0037256,RB,22,position_rank,224.6,126.36274321620184,29.758333441998854,1.0,179.8285041805539,98.23725678379816,31.667939075082007,0.34451795841209826,98.23725678379816
2023,00-0036414,RB,23,pooled,41.199999999999996,124.18227681323395,28.834271042153965,0.0,145.81533788372593,0.0,23.122545556033444,0.10756094999024629,-82.98227681323397
2023,00-0036414,RB,23,position,41.199999999999996,124.18227681323395,28.131578698294174,0.0,155.74552824737066,0.0,24.741691202034016,0.12972206262568226,-82.98227681323397
2023,00-0036414,RB,23,position_rank,41.199999999999996,124.18227681323395,32.33443082726268,0.0,179.8285041805539,0.0,31.667939075082007,0.17060491493383742,-82.98227681323397
2023,00-0033288,TE,5,pooled,170.70000000000002,130.17259802611068,12.944243005608806,1.0,145.81533788372593,40.52740197388934,23.122545556033444,0.4516312281747265,40.52740197388934
2023,00-0033288,TE,5,position,170.70000000000002,130.17259802611068,13.533223440344578,1.0,105.9242986337787,40.52740197388934,16.07667229459163,0.5625,40.52740197388934
2023,00-0033288,TE,5,position_rank,170.70000000000002,130.17259802611068,13.33249799505829,1.0,129.58845312883375,40.52740197388934,18.64426887669804,0.5360331632653063,40.52740197388934
2023,00-0037247,WR,36,pooled,177.0,114.87326926380248,20.0388725593582,1.0,145.81533788372593,62.126730736197516,23.122545556033444,0.4516312281747265,62.126730736197516
2023,00-0037247,WR,36,position,177.0,114.87326926380248,20.129523110734382,1.0,144.22933143943646,62.126730736197516,22.079308702385074,0.46790947384057135,62.126730736197516
2023,00-0037247,WR,36,position_rank,177.0,114.87326926380248,18.68582858191325,1.0,137.9004631844399,62.126730736197516,23.52047152462103,0.4406212841854934,62.126730736197516
2023,00-0038994,WR,37,pooled,172.6,113.64999884995652,18.91648951021278,1.0,145.81533788372593,58.95000115004348,23.122545556033444,0.4516312281747265,58.95000115004348
2023,00-0038994,WR,37,position,172.6,113.64999884995652,18.990274622811818,1.0,144.22933143943646,58.95000115004348,22.079308702385074,0.46790947384057135,58.95000115004348
2023,00-0038994,WR,37,position_rank,172.6,113.64999884995652,17.599052670860555,1.0,137.9004631844399,58.95000115004348,23.52047152462103,0.4406212841854934,58.95000115004348
2023,00-0034351,TE,6,pooled,105.9,122.60628665365263,7.7410019791617035,1.0,145.81533788372593,0.0,23.122545556033444,0.10756094999024629,-16.706286653652626
2023,00-0034351,TE,6,position,105.9,122.60628665365263,5.8531601670872755,1.0,105.9242986337787,0.0,16.076672294591635,0.0625,-16.706286653652626
2023,00-0034351,TE,6,position_rank,105.9,122.60628665365263,6.987007282055262,1.0,129.58845312883375,0.0,18.644268876698042,0.07174744897959183,-16.706286653652626
2023,00-0037248,RB,24,pooled,204.00000000000003,122.09462485082693,28.197124647282628,0.0,145.81533788372593,81.9053751491731,23.122545556033437,0.4516312281747265,81.9053751491731
2023,00-0037248,RB,24,position,204.00000000000003,122.09462485082693,27.804065802571593,1.0,155.74552824737071,81.9053751491731,24.741691202034016,0.4093830795748349,81.9053751491731
2023,00-0037248,RB,24,position_rank,204.00000000000003,122.09462485082693,23.468358500237827,1.0,179.8285041805539,81.9053751491731,31.667939075082007,0.34451795841209826,81.9053751491731
2023,00-0036997,RB,25,pooled,138.70000000000002,120.09220734462082,8.331462475545885,1.0,145.81533788372593,18.6077926553792,23.122545556033444,0.10756094999024629,18.6077926553792
2023,00-0036997,RB,25,position,138.70000000000002,120.09220734462082,8.618886766459058,1.0,155.74552824737066,18.6077926553792,24.741691202034016,0.12972206262568226,18.6077926553792
2023,00-0036997,RB,25,position_rank,138.70000000000002,120.09220734462082,9.06985076809544,1.0,158.46942612515846,18.6077926553792,24.84028805164719,0.136578449905482,18.6077926553792
2023,00-0033906,RB,26,pooled,195.5,118.1683365600845,26.150990461562127,0.0,145.81533788372593,77.3316634399155,23.122545556033444,0.4516312281747265,77.3316634399155
2023,00-0033906,RB,26,position,195.5,118.1683365600845,25.99865328575938,1.0,155.74552824737071,77.3316634399155,24.741691202034016,0.4093830795748349,77.3316634399155
2023,00-0033906,RB,26,position_rank,195.5,118.1683365600845,25.657999112112563,1.0,158.4694261251585,77.3316634399155,24.84028805164719,0.39744801512287337,77.3316634399155
2023,00-0036970,TE,7,pooled,107.10000000000001,116.20906154018323,7.037358857317532,1.0,145.81533788372593,0.0,23.122545556033444,0.10756094999024629,-9.10906154018322
2023,00-0036970,TE,7,position,107.10000000000001,116.20906154018323,4.85156289670038,1.0,105.9242986337787,0.0,16.076672294591635,0.0625,-9.10906154018322
2023,00-0036970,TE,7,position_rank,107.10000000000001,116.20906154018323,5.677553077230307,1.0,129.58845312883375,0.0,18.644268876698042,0.07174744897959183,-9.10906154018322
2023,00-0034348,WR,38,pooled,160.0,112.45935290019344,15.013289440394889,1.0,145.81533788372593,47.54064709980656,23.122545556033444,0.4516312281747265,47.54064709980656
2023,00-0034348,WR,38,position,160.0,112.45935290019344,15.08707455299392,1.0,144.22933143943646,47.54064709980656,22.07930870238507,0.46790947384057135,47.54064709980656
2023,00-0034348,WR,38,position_rank,160.0,112.45935290019344,14.096654337608465,1.0,137.9004631844399,47.54064709980656,23.52047152462103,0.4406212841854934,47.54064709980656
2023,00-0031236,WR,39,pooled,133.0,111.29963634350023,8.753931643142062,1.0,145.81533788372593,21.700363656499775,23.122545556033437,0.10756094999024629,21.700363656499775
2023,00-0031236,WR,39,position,133.0,111.29963634350023,8.558153572357597,1.0,144.22933143943646,21.700363656499775,22.079308702385074,0.09983129794480576,21.700363656499775
2023,00-0031236,WR,39,position_rank,133.0,111.29963634350023,7.8771999460364,1.0,137.9004631844399,21.700363656499775,23.52047152462103,0.11303507728894174,21.700363656499775
2023,00-0036223,RB,27,pooled,120.30000000000001,116.31708224654733,7.017483459859797,1.0,145.81533788372593,3.982917753452682,23.122545556033444,0.10756094999024629,3.982917753452682
2023,00-0036223,RB,27,position,120.30000000000001,116.31708224654733,7.663715180953363,1.0,155.74552824737066,3.982917753452682,24.741691202034016,0.12972206262568226,3.982917753452682
2023,00-0036223,RB,27,position_rank,120.30000000000001,116.31708224654733,7.6051470828612695,1.0,158.46942612515846,3.982917753452682,24.84028805164719,0.136578449905482,3.982917753452682
2023,00-0035685,RB,28,pooled,189.2,114.5331613920408,24.988915140316752,1.0,145.81533788372593,74.66683860795919,23.122545556033444,0.4516312281747265,74.66683860795919
2023,00-0035685,RB,28,position,189.2,114.5331613920408,24.94674874682926,1.0,155.74552824737071,74.66683860795919,24.741691202034016,0.4093830795748349,74.66683860795919
2023,00-0035685,RB,28,position_rank,189.2,114.5331613920408,24.60609457318244,1.0,158.4694261251585,74.66683860795919,24.84028805164719,0.39744801512287337,74.66683860795919
2023,00-0036196,WR,40,pooled,138.9,110.16928287705366,10.04899675538222,1.0,145.81533788372593,28.730717122946345,23.122545556033444,0.4516312281747265,28.730717122946345
2023,00-0036196,WR,40,position,138.9,110.16928287705366,9.853218684597755,1.0,144.22933143943646,28.730717122946345,22.07930870238507,0.46790947384057135,28.730717122946345
2023,00-0036196,WR,40,position_rank,138.9,110.16928287705366,9.148822001727778,1.0,137.9004631844399,28.730717122946345,23.52047152462103,0.4406212841854934,28.730717122946345
2023,00-0038543,WR,41,pooled,115.4,109.06684224497099,7.1264217489141615,1.0,145.81533788372593,6.333157755029021,23.122545556033444,0.10756094999024629,6.333157755029021
2023,00-0038543,WR,41,position,115.4,109.06684224497099,6.950806409407332,1.0,144.22933143943646,6.333157755029021,22.07930870238507,0.09983129794480576,6.333157755029021
2023,00-0038543,WR,41,position_rank,115.4,109.06684224497099,6.683952428618876,1.0,137.9004631844399,6.333157755029021,23.52047152462103,0.11303507728894174,6.333157755029021
2023,00-0036275,RB,29,pooled,179.8,112.81184733250603,21.957854900659427,1.0,145.81533788372593,66.98815266749398,23.122545556033444,0.4516312281747265,66.98815266749398
2023,00-0036275,RB,29,position,179.8,112.81184733250603,21.915688507171936,1.0,155.74552824737066,66.98815266749398,24.741691202034016,0.4093830795748349,66.98815266749398
2023,00-0036275,RB,29,position_rank,179.8,112.81184733250603,21.57503433352512,1.0,158.46942612515846,66.98815266749398,24.84028805164719,0.39744801512287337,66.98815266749398
2023,00-0037742,WR,42,pooled,31.900000000000002,107.99096905021543,25.751317569224614,0.0,145.81533788372593,0.0,23.12254555603344,0.10756094999024629,-76.09096905021542
2023,00-0037742,WR,42,position,31.900000000000002,107.99096905021543,25.76636265773141,0.0,144.22933143943646,0.0,22.07930870238507,0.09983129794480576,-76.09096905021542
2023,00-0037742,WR,42,position_rank,31.900000000000002,107.99096905021543,28.349618539746512,0.0,137.9004631844399,0.0,23.52047152462103,0.11303507728894174,-76.09096905021542
2023,00-0039064,WR,43,pooled,167.9,106.94041288313616,19.603979446230273,1.0,145.81533788372593,60.959587116863844,23.12254555603344,0.4516312281747265,60.959587116863844
2023,00-0039064,WR,43,position,167.9,106.94041288313616,19.67776455882931,1.0,144.22933143943646,60.959587116863844,22.07930870238507,0.46790947384057135,60.959587116863844
2023,00-0039064,WR,43,position_rank,167.9,106.94041288313616,18.286542606878047,1.0,137.9004631844399,60.959587116863844,23.52047152462103,0.4406212841854934,60.959587116863844
2023,00-0033893,RB,30,pooled,32.7,111.1488942759313,26.806178854413297,0.0,145.81533788372593,0.0,23.122545556033444,0.10756094999024629,-78.4488942759313
2023,00-0033893,RB,30,position,32.7,111.1488942759313,26.10348651055351,0.0,155.74552824737066,0.0,24.741691202034016,0.12972206262568226,-78.4488942759313
2023,00-0033893,RB,30,position_rank,32.7,111.1488942759313,26.596986981840207,0.0,158.46942612515846,0.0,24.84028805164719,0.136578449905482,-78.4488942759313
2023,00-0037197,RB,31,pooled,191.9,109.5404742068537,28.400297303796954,0.0,145.81533788372593,82.3595257931463,23.122545556033437,0.4516312281747265,82.3595257931463
2023,00-0037197,RB,31,position,191.9,109.5404742068537,27.98333579361365,1.0,155.74552824737071,82.3595257931463,24.741691202034016,0.4093830795748349,82.3595257931463
2023,00-0037197,RB,31,position_rank,191.9,109.5404742068537,27.664097950146715,0.0,158.4694261251585,82.3595257931463,24.84028805164719,0.39744801512287337,82.3595257931463
2023,00-0033857,WR,44,pooled,46.5,105.91400958497746,18.878094109661465,1.0,145.81533788372593,0.0,23.12254555603344,0.10756094999024629,-59.414009584977464
2023,00-0033857,WR,44,position,46.5,105.91400958497746,18.90551833743324,1.0,144.22933143943646,0.0,22.07930870238507,0.09983129794480576,-59.414009584977464
2023,00-0033857,WR,44,position_rank,46.5,105.91400958497746,21.104979665744754,1.0,137.9004631844399,0.0,23.52047152462103,0.11303507728894174,-59.414009584977464
2023,00-0036980,WR,45,pooled,102.60000000000001,104.91067349327906,6.851862637577383,1.0,145.81533788372593,0.0,23.122545556033444,0.10756094999024629,-2.3106734932790545
2023,00-0036980,WR,45,position,102.60000000000001,104.91067349327906,6.716176123252521,1.0,144.22933143943646,0.0,22.079308702385074,0.09983129794480576,-2.3106734932790545
2023,00-0036980,WR,45,position_rank,102.60000000000001,104.91067349327906,6.593023974414745,1.0,137.9004631844399,0.0,23.52047152462103,0.11303507728894174,-2.3106734932790545
2023,00-0036328,RB,32,pooled,98.3,107.98312381152141,7.082679562949496,1.0,145.81533788372593,0.0,23.12254555603344,0.10756094999024629,-9.683123811521412
2023,00-0036328,RB,32,position,98.3,107.98312381152141,7.804504454549817,1.0,155.74552824737066,0.0,24.741691202034016,0.12972206262568226,-9.683123811521412
2023,00-0036328,RB,32,position_rank,98.3,107.98312381152141,7.2824988809016675,1.0,158.46942612515846,0.0,24.84028805164719,0.136578449905482,-9.683123811521412
2023,00-0032765,WR,46,pooled,70.3,103.92939053964858,10.74265172199023,1.0,145.81533788372593,0.0,23.12254555603344,0.10756094999024629,-33.62939053964858
2023,00-0032765,WR,46,position,70.3,103.92939053964858,10.67304568205608,1.0,144.22933143943646,0.0,22.07930870238507,0.09983129794480576,-33.62939053964858
2023,00-0032765,WR,46,position_rank,70.3,103.92939053964858,11.289933862835623,1.0,137.9004631844399,0.0,23.52047152462103,0.11303507728894174,-33.62939053964858
2023,00-0033537,QB,9,pooled,90.8,260.34015181572363,71.77349932928135,0.0,145.81533788372593,0.0,23.122545556033444,0.10756094999024629,-169.54015181572362
2023,00-0033537,QB,9,position,90.8,260.34015181572363,68.23276346786062,0.0,188.4999397785055,0.0,31.6826592052253,0.17060491493383742,-169.54015181572362
2023,00-0033537,QB,9,position_rank,90.8,260.34015181572363,73.9374851874348,0.0,147.64481483145465,0.0,30.331969580834983,0.16735537190082647,-169.54015181572362
2023,00-0036906,RB,33,pooled,97.4,106.47369957261671,7.034567123035965,1.0,145.81533788372593,0.0,23.122545556033444,0.10756094999024629,-9.073699572616704
2023,00-0036906,RB,33,position,97.4,106.47369957261671,7.765191134518146,1.0,155.74552824737071,0.0,24.741691202034016,0.12972206262568226,-9.073699572616704
2023,00-0036906,RB,33,position_rank,97.4,106.47369957261671,7.266461400930491,1.0,158.4694261251585,0.0,24.84028805164719,0.136578449905482,-9.073699572616704
2023,00-0033881,TE,8,pooled,154.4,110.6675330870399,13.872024961655606,1.0,145.8153378837259,43.732466912960106,23.122545556033444,0.4516312281747265,43.732466912960106
2023,00-0033881,TE,8,position,154.4,110.6675330870399,14.678338392449666,1.0,105.92429863377872,43.732466912960106,16.076672294591635,0.5625,43.732466912960106
2023,00-0033881,TE,8,position_rank,154.4,110.6675330870399,14.428967579477238,1.0,129.58845312883372,43.732466912960106,18.64426887669804,0.5360331632653063,43.732466912960106
2023,00-0033077,QB,10,pooled,325.68,254.00294432538988,23.808737666626335,1.0,145.81533788372593,71.67705567461013,23.122545556033444,0.4516312281747265,71.67705567461013
2023,00-0033077,QB,10,position,325.68,254.00294432538988,20.56996519657564,1.0,188.4999397785055,71.67705567461013,31.6826592052253,0.34451795841209826,71.67705567461013
2023,00-0033077,QB,10,position_rank,325.68,254.00294432538988,19.787058344507663,1.0,147.64481483145465,71.67705567461013,30.331969580834983,0.34917355371900816,71.67705567461013
2023,00-0035710,QB,11,pooled,62.96000000000001,248.27024283290098,79.65854483787001,0.0,145.81533788372593,0.0,23.122545556033437,0.10756094999024629,-185.31024283290097
2023,00-0035710,QB,11,position,62.96000000000001,248.27024283290098,76.11780897644928,0.0,188.4999397785055,0.0,31.6826592052253,0.17060491493383742,-185.31024283290097
2023,00-0035710,QB,11,position_rank,62.96000000000001,248.27024283290098,81.82253069602346,0.0,147.64481483145465,0.0,30.331969580834983,0.16735537190082647,-185.31024283290097
2023,00-0034960,WR,47,pooled,162.98000000000002,102.96921208989056,19.279390243919565,1.0,145.81533788372593,60.01078791010946,23.12254555603344,0.4516312281747265,60.01078791010946
2023,00-0034960,WR,47,position,162.98000000000002,102.96921208989056,19.353175356518598,1.0,144.22933143943646,60.01078791010946,22.07930870238507,0.46790947384057135,60.01078791010946
2023,00-0034960,WR,47,position_rank,162.98000000000002,102.96921208989056,17.961953404567335,1.0,137.9004631844399,60.01078791010946,23.52047152462103,0.4406212841854934,60.01078791010946
2023,00-0036894,TE,9,pooled,57.7,105.77955857738456,14.870879498903049,1.0,145.81533788372593,0.0,23.122545556033444,0.10756094999024629,-48.07955857738456
2023,00-0036894,TE,9,position,57.7,105.77955857738456,15.689035340953515,1.0,105.9242986337787,0.0,16.076672294591635,0.0625,-48.07955857738456
2023,00-0036894,TE,9,position_rank,57.7,105.77955857738456,15.974047912829166,1.0,129.58845312883375,0.0,18.644268876698042,0.07174744897959183,-48.07955857738456
2023,00-0038090,WR,48,pooled,43.2,102.02924943269468,18.647267733760362,1.0,145.81533788372593,0.0,23.122545556033437,0.10756094999024629,-58.82924943269468
2023,00-0038090,WR,48,position,43.2,102.02924943269468,18.674691961532144,1.0,144.22933143943646,0.0,22.079308702385074,0.09983129794480576,-58.82924943269468
2023,00-0038090,WR,48,position_rank,43.2,102.02924943269468,20.874153289843655,1.0,137.9004631844399,0.0,23.520471524621026,0.11303507728894174,-58.82924943269468
2023,00-0036212,QB,12,pooled,274.74,243.03669640841576,10.718371419115849,1.0,145.81533788372593,31.703303591584245,23.122545556033437,0.4516312281747265,31.703303591584245
2023,00-0036212,QB,12,position,274.74,243.03669640841576,12.259625744066009,1.0,188.4999397785055,31.703303591584245,31.6826592052253,0.34451795841209826,31.703303591584245
2023,00-0036212,QB,12,position_rank,274.74,243.03669640841576,10.540676281330889,1.0,147.64481483145465,31.703303591584245,30.331969580834983,0.34917355371900816,31.703303591584245
2023,00-0036550,WR,49,pooled,60.5,101.10866883662842,12.67203176212714,1.0,145.81533788372593,0.0,22.67728304391242,0.10469914617493659,-40.608668836628425
2023,00-0036550,WR,49,position,60.5,101.10866883662842,12.6933630838134,1.0,144.22933143943646,0.0,21.63745838740615,0.09575698415898314,-40.608668836628425
2023,00-0036550,WR,49,position_rank,60.5,101.10866883662842,13.68181884402803,1.0,137.9004631844399,0.0,23.06018122658789,0.10173900118906067,-40.608668836628425
2023,00-0036265,RB,34,pooled,106.60000000000001,105.00933956949666,6.954529319782184,1.0,145.81533788372593,1.5906604305033483,23.12254555603344,0.10756094999024629,1.5906604305033483
2023,00-0036265,RB,34,position,106.60000000000001,105.00933956949666,7.600761040875749,1.0,155.74552824737066,1.5906604305033483,24.741691202034016,0.12972206262568226,1.5906604305033483
2023,00-0036265,RB,34,position_rank,106.60000000000001,105.00933956949666,7.421429095167302,1.0,158.46942612515846,1.5906604305033483,24.84028805164719,0.136578449905482,1.5906604305033483
2023,00-0038544,WR,50,pooled,71.7,100.20668710653024,9.576239608056886,1.0,145.81533788372593,0.0,22.248492351960667,0.10187592847848503,-28.506687106530237
2023,00-0038544,WR,50,position,71.7,100.20668710653024,9.474205492927492,1.0,144.22933143943646,0.0,21.21357869178969,0.09575698415898314,-28.506687106530237
2023,00-0038544,WR,50,position_rank,71.7,100.20668710653024,9.853889757597665,1.0,137.9004631844399,0.0,22.61315201233704,0.10173900118906067,-28.506687106530237
2023,00-0037746,RB,35,pooled,171.10000000000002,103.58743081714516,22.164861419880832,1.0,145.81533788372593,67.51256918285486,23.12254555603344,0.4516312281747265,67.51256918285486
2023,00-0037746,RB,35,position,171.10000000000002,103.58743081714516,22.12269502639334,1.0,155.74552824737066,67.51256918285486,24.741691202034016,0.4093830795748349,67.51256918285486
2023,00-0037746,RB,35,position_rank,171.10000000000002,103.58743081714516,21.78204085274652,1.0,158.46942612515846,67.51256918285486,24.84028805164719,0.39744801512287337,67.51256918285486
2023,00-0029604,QB,13,pooled,154.74,238.22230039442238,29.0579658021593,0.0,145.81533788372596,0.0,23.122545556033444,0.10756094999024629,-83.48230039442237
2023,00-0029604,QB,13,position,154.74,238.22230039442238,28.57368120016181,1.0,188.49993977850545,0.0,31.682659205225303,0.17060491493383742,-83.48230039442237
2023,00-0029604,QB,13,position_rank,154.74,238.22230039442238,32.09016548323607,0.0,147.64481483145468,0.0,30.33196958083498,0.16735537190082647,-83.48230039442237
2023,00-0036554,WR,51,pooled,190.4,99.32256757995529,32.30041342635677,0.0,145.81533788372593,88.37075056730532,21.83555604624218,0.4715245161193512,91.07743242004472
2023,00-0036554,WR,51,position,190.4,99.32256757995529,32.95477686129853,0.0,144.22933143943646,88.37075056730532,20.80322079631628,0.4768644760156606,91.07743242004472
2023,00-0036554,WR,51,position_rank,190.4,99.32256757995529,31.208075968480156,0.0,137.9004631844399,88.37075056730532,22.182586541432812,0.463807966706302,91.07743242004472
2023,00-0033526,RB,36,pooled,91.8,102.2055812072418,7.139715673137949,1.0,145.81533788372593,0.0,23.122545556033444,0.10756094999024629,-10.40558120724181
2023,00-0033526,RB,36,position,91.8,102.2055812072418,7.861540564738268,1.0,155.74552824737071,0.0,24.741691202034016,0.12972206262568226,-10.40558120724181
2023,00-0033526,RB,36,position_rank,91.8,102.2055812072418,7.322045649674725,1.0,158.4694261251585,0.0,24.84028805164719,0.136578449905482,-10.40558120724181
2023,00-0030565,QB,14,pooled,215.4,233.7648659058591,7.959236091294133,1.0,145.81533788372593,0.0,23.122545556033437,0.10756094999024629,-18.36486590585909
2023,00-0030565,QB,14,position,215.4,233.7648659058591,10.40488786708101,1.0,188.4999397785055,0.0,31.6826592052253,0.17060491493383742,-18.36486590585909
2023,00-0030565,QB,14,position_rank,215.4,233.7648659058591,9.480082735848379,1.0,147.64481483145465,0.0,30.331969580834983,0.16735537190082647,-18.36486590585909
2023,00-0036913,WR,52,pooled,39.5,98.45561651239242,18.69714947574632,1.0,145.81533788372593,0.0,21.434694069386232,0.09363779210227893,-58.955616512392425
2023,00-0036913,WR,52,position,39.5,98.45561651239242,18.724573703518097,1.0,144.22933143943646,0.0,20.40424297350554,0.09575698415898314,-58.955616512392425
2023,00-0036913,WR,52,position_rank,39.5,98.45561651239242,20.924035031829604,1.0,137.9004631844399,0.0,21.764058439850746,0.10173900118906067,-58.955616512392425
2023,00-0039164,QB,15,pooled,73.68,229.6150936763202,64.97097025957963,0.0,145.81533788372593,0.0,23.122545556033444,0.10756094999024629,-155.9350936763202
2023,00-0039164,QB,15,position,73.68,229.6150936763202,61.43023439815892,0.0,188.4999397785055,0.0,31.682659205225303,0.17060491493383742,-155.9350936763202
2023,00-0039164,QB,15,position_rank,73.68,229.6150936763202,67.1349561177331,0.0,147.64481483145465,0.0,30.33196958083498,0.16735537190082647,-155.9350936763202
2023,00-0039165,RB,37,pooled,82.60000000000001,100.86159529447247,7.945647852953786,1.0,145.81533788372593,0.0,23.12254555603344,0.10756094999024629,-18.261595294472457
2023,00-0039165,RB,37,position,82.60000000000001,100.86159529447247,8.517967904794881,1.0,155.74552824737066,0.0,24.741691202034016,0.12972206262568226,-18.261595294472457
2023,00-0039165,RB,37,position_rank,82.60000000000001,100.86159529447247,7.9422572881403,1.0,158.46942612515846,0.0,24.84028805164719,0.136578449905482,-18.261595294472457
2023,00-0033885,TE,10,pooled,160.7,101.40711638322988,19.03379140672453,1.0,145.81533788372593,59.29288361677011,23.12254555603344,0.4516312281747265,59.29288361677011
2023,00-0033885,TE,10,position,160.7,101.40711638322988,21.019836775627432,0.0,105.92429863377869,59.29288361677011,16.076672294591635,0.5625,59.29288361677011
2023,00-0033885,TE,10,position_rank,160.7,101.40711638322988,20.129492797083397,1.0,129.58845312883372,59.29288361677011,18.64426887669804,0.5360331632653063,59.29288361677011
2023,00-0034521,WR,53,pooled,48.6,97.60517980681212,15.187539393180897,1.0,145.81533788372593,0.0,21.04424351008696,0.09008786916733298,-49.005179806812116
2023,00-0034521,WR,53,position,48.6,97.60517980681212,15.206726043776625,1.0,144.22933143943646,0.0,20.01365152240839,0.08980466636250783,-49.005179806812116
2023,00-0034521,WR,53,position_rank,48.6,97.60517980681212,16.99623106910054,1.0,137.9004631844399,0.0,21.35350278888094,0.09631391200951249,-49.005179806812116
2023,00-0023459,QB,16,pooled,0.0,225.73324100110796,99.87004392197349,0.0,145.81533788372593,0.0,23.122545556033444,0.10756094999024629,-225.73324100110796
2023,00-0023459,QB,16,position,0.0,225.73324100110796,96.32930806055278,0.0,188.4999397785055,0.0,31.682659205225303,0.17060491493383742,-225.73324100110796
2023,00-0023459,QB,16,position_rank,0.0,225.73324100110796,102.03402978012696,0.0,147.64481483145465,0.0,30.33196958083498,0.16735537190082647,-225.73324100110796
2023,00-0031376,RB,38,pooled,71.86,99.55345331256481,9.426433382852728,1.0,145.81533788372593,0.0,23.122545556033437,0.10756094999024629,-27.693453312564813
2023,00-0031376,RB,38,position,71.86,99.55345331256481,9.818604751666516,1.0,155.74552824737071,0.0,24.741691202034016,0.12972206262568226,-27.693453312564813
2023,00-0031376,RB,38,position_rank,71.86,99.55345331256481,9.257427243681441,1.0,158.4694261251585,0.0,24.84028805164719,0.136578449905482,-27.693453312564813
2023,00-0033948,RB,39,pooled,40.900000000000006,98.2792929164994,18.07491647736749,1.0,145.81533788372593,0.0,23.12254555603344,0.10756094999024629,-57.379292916499395
2023,00-0033948,RB,39,position,40.900000000000006,98.2792929164994,17.65686243876282,1.0,155.74552824737066,0.0,24.741691202034016,0.12972206262568226,-57.379292916499395
2023,00-0033948,RB,39,position_rank,40.900000000000006,98.2792929164994,18.17835046256438,1.0,158.46942612515846,0.0,24.84028805164719,0.136578449905482,-57.379292916499395
2023,00-0037816,WR,54,pooled,144.9,96.77064004892009,15.214691205304195,1.0,145.81533788372593,42.87075056730532,20.663528333798855,0.5063270516560947,48.12935995107992
2023,00-0037816,WR,54,position,144.9,96.77064004892009,15.288476317903225,1.0,144.22933143943646,42.87075056730532,19.631771218162534,0.50887542573396,48.12935995107992
2023,00-0037816,WR,54,position_rank,144.9,96.77064004892009,14.267071215608645,1.0,137.9004631844399,42.87075056730532,20.950621526450306,0.47562425683709875,48.12935995107992
2023,00-0033891,WR,55,pooled,53.400000000000006,95.95141381445401,13.23440530833981,1.0,145.81533788372593,0.0,20.29622075592867,0.08235135233628232,-42.55141381445401
2023,00-0033891,WR,55,position,53.400000000000006,95.95141381445401,13.25573663002607,1.0,144.22933143943646,0.0,19.261392734765778,0.08216532801409035,-42.55141381445401
2023,00-0033891,WR,55,position_rank,53.400000000000006,95.95141381445401,14.44869186159076,1.0,137.9004631844399,0.0,20.55513299946668,0.09631391200951249,-42.55141381445401
2023,00-0033009,WR,56,pooled,111.4,95.14694921910765,8.021628018376564,1.0,145.81533788372593,9.370750567305322,19.939812495307287,0.07984968563031496,16.25305078089235
2023,00-0033009,WR,56,position,111.4,95.14694921910765,7.800297003483757,1.0,144.22933143943646,9.370750567305322,18.899776727737123,0.07847298114568856,16.25305078089235
2023,00-0033009,WR,56,position_rank,111.4,95.14694921910765,7.239495380422396,1.0,137.9004631844399,9.370750567305322,20.166770781023615,0.08590963139120093,16.25305078089235
2023,00-0031235,WR,57,pooled,90.00000000000001,94.35672368531104,6.897156845968438,1.0,145.81533788372593,0.0,19.592610797736583,0.0757659880511652,-4.3567236853110245
2023,00-0031235,WR,57,position,90.00000000000001,94.35672368531104,6.708709013620416,1.0,144.22933143943646,0.0,18.545873321750378,0.07134293202049889,-4.3567236853110245
2023,00-0031235,WR,57,position_rank,90.00000000000001,94.35672368531104,6.64686740052085,1.0,137.9004631844399,0.0,19.78528259229422,0.07141795481569559,-4.3567236853110245
2023,00-0033106,QB,17,pooled,280.3,222.0868009179797,18.66442564483643,1.0,145.81533788372593,54.566758998892055,21.40122196231835,0.4816319355869057,58.21319908202031
2023,00-0033106,QB,17,position,280.3,222.0868009179797,16.81080976497123,1.0,188.4999397785055,54.566758998892055,30.01989194856934,0.3573960302457467,58.21319908202031
2023,00-0033106,QB,17,position_rank,280.3,222.0868009179797,19.95669612088941,1.0,180.2376259662998,54.566758998892055,24.71478555006447,0.4344008264462811,58.21319908202031
2023,00-0036936,WR,58,pooled,79.4,93.58024190323474,7.437715201768968,1.0,145.81533788372593,0.0,19.255219568664785,0.07416252044528382,-14.18024190323473
2023,00-0036936,WR,58,position,79.4,93.58024190323474,7.257796104702313,1.0,144.22933143943646,0.0,18.202395608816584,0.06961347069995438,-14.18024190323473
2023,00-0036936,WR,58,position_rank,79.4,93.58024190323474,7.2859604443201516,1.0,137.9004631844399,0.0,19.411516120760375,0.06688466111771701,-14.18024190323473
2023,00-0036309,WR,59,pooled,63.400000000000006,92.81703396609359,9.74498832299036,1.0,145.81533788372593,0.0,18.93105402295209,0.07178947413551015,-29.417033966093584
2023,00-0036309,WR,59,position,63.400000000000006,92.81703396609359,9.661811055688277,1.0,144.22933143943646,0.0,17.876931331572045,0.06790522976371102,-29.417033966093584
2023,00-0036309,WR,59,position_rank,63.400000000000006,92.81703396609359,10.069498224336355,1.0,137.9004631844399,0.0,19.053966281253555,0.0625,-29.417033966093584
2023,00-0034383,TE,11,pooled,114.3,97.45176129496971,8.09994221892103,1.0,145.81533788372593,16.848238705030283,23.122545556033444,0.10756094999024629,16.848238705030283
2023,00-0034383,TE,11,position,114.3,97.45176129496971,6.534308239241476,1.0,105.9242986337787,16.848238705030283,16.076672294591635,0.0625,16.848238705030283
2023,00-0034383,TE,11,position_rank,114.3,97.45176129496971,6.65824426353759,1.0,129.58845312883375,16.848238705030283,18.644268876698042,0.07174744897959183,16.848238705030283
2023,00-0033110,TE,12,pooled,85.0,93.84080501077183,7.0161807102587375,1.0,145.8153378837259,0.0,23.122545556033437,0.10756094999024629,-8.840805010771831
2023,00-0033110,TE,12,position,85.0,93.84080501077183,4.830384749641587,1.0,105.92429863377872,0.0,16.076672294591635,0.0625,-8.840805010771831
2023,00-0033110,TE,12,position_rank,85.0,93.84080501077183,5.642256165465648,1.0,129.58845312883372,0.0,18.64426887669804,0.07174744897959183,-8.840805010771831
2023,00-0037228,RB,40,pooled,160.4,97.03739323662577,20.52671835955953,1.0,145.81533788372593,63.36260676337423,23.122545556033444,0.4516312281747265,63.36260676337423
2023,00-0037228,RB,40,position,160.4,97.03739323662577,20.484551966072036,1.0,155.74552824737071,63.36260676337423,24.741691202034016,0.4093830795748349,63.36260676337423
2023,00-0037228,RB,40,position_rank,160.4,97.03739323662577,20.267175653153043,1.0,158.4694261251585,63.36260676337423,24.84028805164719,0.39744801512287337,63.36260676337423
2023,00-0030035,WR,60,pooled,177.3,92.06665366217129,29.685953863260142,0.0,145.81533788372593,75.27075056730533,18.614125007099698,0.5402142387065932,85.23334633782872
2023,00-0030035,WR,60,position,177.3,92.06665366217129,30.03273382019054,0.0,144.22933143943646,75.27075056730533,17.559180714275954,0.5515602287557427,85.23334633782872
2023,00-0030035,WR,60,position_rank,177.3,92.06665366217129,28.286032927372162,0.0,137.90046318443993,75.27075056730533,18.704651312186275,0.5625,85.23334633782872
2023,00-0031687,RB,41,pooled,255.20000000000002,95.82616090204712,66.04105607377288,0.0,145.81533788372593,158.16260676337424,22.537860552466437,0.4575541974194461,159.3738390979529
2023,00-0031687,RB,41,position,255.20000000000002,95.82616090204712,65.23165436199865,0.0,155.74552824737071,158.16260676337424,24.14176257704666,0.4258115484056306,159.3738390979529
2023,00-0031687,RB,41,position_rank,255.20000000000002,95.82616090204712,64.55049246785829,0.0,158.4694261251585,158.16260676337424,24.274168590920212,0.42533081285444235,159.3738390979529
2023,00-0029263,QB,18,pooled,264.9,218.64884575934613,14.601118661777479,1.0,145.81533788372596,39.16675899889202,19.850748654193644,0.518906126403838,46.25115424065385
2023,00-0029263,QB,18,position,264.9,218.64884575934613,14.31349575522856,1.0,188.49993977850545,39.16675899889202,28.515753369331783,0.3573960302457467,46.25115424065385
2023,00-0029263,QB,18,position_rank,264.9,218.64884575934613,16.6314466628113,1.0,180.2376259662998,39.16675899889202,23.308349348805276,0.4344008264462811,46.25115424065385
2023,00-0035657,RB,42,pooled,18.0,94.64411774845564,25.998778828963665,0.0,145.81533788372593,0.0,21.981118651878887,0.10001522008021627,-76.64411774845564
2023,00-0035657,RB,42,position,18.0,94.64411774845564,25.29608648510387,0.0,155.74552824737066,0.0,23.57705525539644,0.10645288710140766,-76.64411774845564
2023,00-0035657,RB,42,position_rank,18.0,94.64411774845564,25.78958695639057,0.0,158.46942612515846,0.0,23.741457781556754,0.11353969754253308,-76.64411774845564
2023,00-0034750,RB,43,pooled,2.7,93.4898899725313,32.39836840768518,0.0,145.81533788372593,0.0,21.446706824948816,0.09363779210227893,-90.7898899725313
2023,00-0034750,RB,43,position,2.7,93.4898899725313,31.624458269558772,0.0,155.74552824737071,0.0,23.03045525701286,0.09050919276070093,-90.7898899725313
2023,00-0034750,RB,43,position_rank,2.7,93.4898899725313,32.11795874084547,0.0,158.4694261251585,0.0,23.230072699731785,0.08612948960302459,-90.7898899725313
2023,00-0037809,TE,13,pooled,81.8,90.51904723290772,7.011954834063088,1.0,145.81533788372593,0.0,23.122545556033437,0.10756094999024629,-8.719047232907727
2023,00-0037809,TE,13,position,81.8,90.51904723290772,4.820772293494421,1.0,105.9242986337787,0.0,16.07667229459163,0.0625,-8.719047232907727
2023,00-0037809,TE,13,position_rank,81.8,90.51904723290772,6.008022954792129,1.0,106.17992741335023,0.0,19.11825363801361,0.11511479591836736,-8.719047232907727
2023,00-0039040,RB,44,pooled,164.6,92.36219853331121,24.030084689815272,1.0,145.81533788372593,67.56260676337422,20.9294031915503,0.49802674875506187,72.23780146668878
2023,00-0039040,RB,44,position,164.6,92.36219853331121,23.98791829632778,1.0,155.74552824737071,67.56260676337422,22.50005801229494,0.5007361390405056,72.23780146668878
2023,00-0039040,RB,44,position_rank,164.6,92.36219853331121,23.647264122680962,1.0,158.4694261251585,67.56260676337422,22.739772073983914,0.4991729678638942,72.23780146668878
2023,00-0037240,WR,61,pooled,68.3,91.32867690801916,8.572895433683618,1.0,145.81533788372593,0.0,18.30548083718429,0.06792014388334988,-23.028676908019165
2023,00-0037240,WR,61,position,68.3,91.32867690801916,8.465098351096506,1.0,144.22933143943646,0.0,17.249519917472423,0.06290782926078792,-23.028676908019165
2023,00-0037240,WR,61,position_rank,68.3,91.32867690801916,8.705003268345742,1.0,137.9004631844399,0.0,18.36760340784683,0.0625,-23.028676908019165
2023,00-0034764,WR,62,pooled,70.8,90.60270030905576,8.148424828556854,1.0,145.81533788372593,0.0,18.0063941303115,0.06715913987253717,-19.802700309055766
2023,00-0034764,WR,62,position,70.8,90.60270030905576,7.997593263362975,1.0,144.22933143943646,0.0,16.951451769685452,0.061284469861749194,-19.802700309055766
2023,00-0034764,WR,62,position_rank,70.8,90.60270030905576,8.110744421168272,1.0,137.90046318443993,0.0,18.048132059154202,0.0625,-19.802700309055766
2023,00-0036567,RB,45,pooled,30.800000000000004,91.25985063234617,19.290926102043848,1.0,145.81533788372593,0.0,20.43022325755124,0.08235135233628232,-60.45985063234617
2023,00-0036567,RB,45,position,30.800000000000004,91.25985063234617,18.71044117900811,1.0,155.74552824737066,0.0,21.984674196928818,0.08059824762999139,-60.45985063234617
2023,00-0036567,RB,45,position_rank,30.800000000000004,91.25985063234617,19.39382680518716,1.0,158.46942612515846,0.0,22.263623608851326,0.08612948960302459,-60.45985063234617
2023,00-0036919,RB,46,pooled,76.18,90.1817321303433,7.42362232496175,1.0,145.81533788372593,0.0,19.951552424002266,0.07984968563031496,-14.0017321303433
2023,00-0036919,RB,46,position,76.18,90.1817321303433,8.143151181371811,1.0,155.74552824737071,0.0,21.49117330474408,0.08059824762999139,-14.0017321303433
2023,00-0036919,RB,46,position_rank,76.18,90.1817321303433,7.603195948976913,1.0,158.4694261251585,0.0,21.806595113437066,0.08612948960302459,-14.0017321303433
2023,00-0038933,TE,14,pooled,101.9,87.44357989730244,7.779984055497874,1.0,145.81533788372593,14.456420102697564,23.122545556033437,0.10756094999024629,14.456420102697564
2023,00-0038933,TE,14,position,101.9,87.44357989730244,6.0496152232473435,1.0,105.9242986337787,14.456420102697564,16.076672294591635,0.0625,14.456420102697564
2023,00-0038933,TE,14,position_rank,101.9,87.44357989730244,5.682607533922922,1.0,106.17992741335026,14.456420102697564,19.11825363801361,0.11511479591836736,14.456420102697564
2023,00-0036290,TE,15,pooled,139.0,84.58038830696184,17.353839528672797,1.0,145.8153378837259,54.41961169303816,23.122545556033437,0.4516312281747265,54.41961169303816
2023,00-0036290,TE,15,position,139.0,84.58038830696184,18.896948174059432,1.0,105.92429863377872,54.41961169303816,16.076672294591635,0.5625,54.41961169303816
2023,00-0036290,TE,15,position_rank,139.0,84.58038830696184,16.590163401160076,1.0,106.17992741335024,54.41961169303816,19.11825363801361,0.43654336734693877,54.41961169303816
2023,00-0034777,WR,63,pooled,94.4,89.88833983533306,7.031397733839121,1.0,145.81533788372593,0.0,17.713754377888975,0.0664024232082643,4.511660164666949
2023,00-0034777,WR,63,position,94.4,89.88833983533306,6.895711219514259,1.0,144.22933143943646,0.0,16.658261477538673,0.061284469861749194,4.511660164666949
2023,00-0034777,WR,63,position_rank,94.4,89.88833983533306,6.636018281504086,1.0,137.90046318443993,0.0,17.734059781914045,0.0625,4.511660164666949
2023,00-0037263,RB,47,pooled,123.7,89.12680077942287,11.396876033899336,1.0,145.81533788372593,26.662606763374228,19.488739817464047,0.5273779231664627,34.57319922057714
2023,00-0037263,RB,47,position,123.7,89.12680077942287,11.453570206563146,1.0,155.74552824737066,26.662606763374228,21.014389301918865,0.5250107727664465,34.57319922057714
2023,00-0037263,RB,47,position_rank,123.7,89.12680077942287,11.957209803122224,1.0,158.46942612515846,26.662606763374228,21.36327236556576,0.5146502835538753,34.57319922057714
2023,00-0038555,RB,48,pooled,22.7,88.09408016793626,21.234994862034732,1.0,145.81533788372593,0.0,19.044835564674557,0.07257620222556159,-65.39408016793625
2023,00-0038555,RB,48,position,22.7,88.09408016793626,20.632187956489616,1.0,155.74552824737071,0.0,20.55371425451476,0.07354208560758403,-65.39408016793625
2023,00-0038555,RB,48,position_rank,22.7,88.09408016793626,21.33383209886678,1.0,158.4694261251585,0.0,20.939232903887152,0.07986767485822305,-65.39408016793625
2023,00-0031280,QB,19,pooled,221.96,215.3968191583348,7.144581466280176,1.0,145.8153378837259,0.0,18.457510769934295,0.06945501394459462,6.563180841665201
2023,00-0031280,QB,19,position,221.96,215.3968191583348,10.178127749659422,1.0,188.4999397785055,0.0,27.119490298632766,0.15311909262759926,6.563180841665201
2023,00-0031280,QB,19,position_rank,221.96,215.3968191583348,10.154255998683434,1.0,180.23762596629985,0.0,22.01490350148572,0.1012396694214876,6.563180841665201
2023,00-0036345,WR,64,pooled,94.1,89.18522960158694,7.040936774064837,1.0,145.81533788372593,0.0,17.427073638877808,0.06268315008499664,4.914770398413054
2023,00-0036345,WR,64,position,94.1,89.18522960158694,6.906319383560209,1.0,144.22933143943646,0.0,16.369688547727563,0.05654171397044,4.914770398413054
2023,00-0036345,WR,64,position_rank,94.1,89.18522960158694,6.646626445550035,1.0,137.9004631844399,0.0,17.424933730870496,0.0625,4.914770398413054
2023,00-0033895,TE,16,pooled,84.7,81.90205144415911,6.966471900877101,1.0,145.8153378837259,2.7979485558408896,23.122545556033437,0.10756094999024629,2.7979485558408896
2023,00-0033895,TE,16,position,84.7,81.90205144415911,4.672208840656299,1.0,105.92429863377872,2.7979485558408896,16.07667229459164,0.0625,2.7979485558408896
2023,00-0033895,TE,16,position_rank,84.7,81.90205144415911,5.278289414550364,1.0,106.17992741335024,2.7979485558408896,19.11825363801361,0.11511479591836736,2.7979485558408896
2023,00-0036233,WR,65,pooled,18.5,88.49302074186903,23.051311000472776,1.0,145.81533788372593,0.0,17.14733027963745,0.05978490382409875,-69.99302074186903
2023,00-0036233,WR,65,position,18.5,88.49302074186903,23.081443794100966,1.0,144.22933143943646,0.0,16.087769927344073,0.053485978631073,-69.99302074186903
2023,00-0036233,WR,65,position_rank,18.5,88.49302074186903,18.956973791215805,1.0,136.22974575149422,0.0,11.89020851187789,0.03659735349716446,-69.99302074186903
2023,00-0035250,RB,49,pooled,139.34,87.0826542896695,16.620701866122033,1.0,145.81533788372593,42.30260676337423,18.617426483474176,0.5402142387065932,52.2573457103305
2023,00-0035250,RB,49,position,139.34,87.0826542896695,16.46692533651434,1.0,155.74552824737066,42.30260676337423,20.109618428326147,0.5311692042516519,52.2573457103305
2023,00-0035250,RB,49,position_rank,139.34,87.0826542896695,20.329149114259703,1.0,123.90798890703537,42.30260676337423,12.711728504599325,0.6469754253308129,52.2573457103305
2023,00-0034115,RB,50,pooled,29.800000000000004,86.09166266173014,17.671480661390387,1.0,145.81533788372593,0.0,18.204212596192704,0.06792014388334988,-56.291662661730136
2023,00-0034115,RB,50,position,29.800000000000004,86.09166266173014,17.271719028339355,1.0,155.74552824737066,0.0,19.681308487437096,0.07126185004309107,-56.291662661730136
2023,00-0034115,RB,50,position_rank,29.800000000000004,86.09166266173014,13.332116092436033,1.0,123.90798890703537,0.0,12.356264116316726,0.038279773156899816,-56.291662661730136
2023,00-0026498,QB,20,pooled,254.1,212.3116382690124,13.309257672137246,1.0,145.81533788372593,28.36675899889204,17.19348275203976,0.5663499032131518,41.78836173098759
2023,00-0026498,QB,20,position,254.1,212.3116382690124,13.586607078198025,1.0,188.4999397785055,28.36675899889204,25.81164187815914,0.3838610586011342,41.78836173098759
2023,00-0026498,QB,20,position_rank,254.1,212.3116382690124,15.621116218291634,1.0,180.2376259662998,28.36675899889204,20.822901794247514,0.4648760330578513,41.78836173098759
2023,00-0038102,QB,21,pooled,114.2,209.3770152567894,34.59193104981423,0.0,145.8153378837259,0.0,16.034646285733146,0.05487803570930933,-95.1770152567894
2023,00-0038102,QB,21,position,114.2,209.3770152567894,33.416260316653265,0.0,188.4999397785055,0.0,24.567616905586345,0.136578449905482,-95.1770152567894
2023,00-0038102,QB,21,position_rank,114.2,209.3770152567894,29.212006188307676,1.0,180.23762596629985,0.0,19.68907017588863,0.1012396694214876,-95.1770152567894
2023,00-0037252,TE,17,pooled,4.0,79.38614068973827,25.409550641664502,0.0,145.81533788372593,0.0,23.12254555603344,0.10756094999024629,-75.38614068973827
2023,00-0037252,TE,17,position,4.0,79.38614068973827,28.286424993531472,0.0,105.92429863377869,0.0,16.07667229459164,0.0625,-75.38614068973827
2023,00-0037252,TE,17,position_rank,4.0,79.38614068973827,29.53247905747774,0.0,106.17992741335024,0.0,19.11825363801361,0.11511479591836736,-75.38614068973827
2023,00-0033045,RB,51,pooled,138.4,85.12029592591153,16.965291942239872,1.0,145.81533788372593,41.36260676337423,17.805179894689303,0.5488575293308097,53.27970407408847
2023,00-0033045,RB,51,position,138.4,85.12029592591153,16.811515412632186,1.0,155.74552824737066,41.36260676337423,19.261495011649234,0.5373635449583454,53.27970407408847
2023,00-0033045,RB,51,position_rank,138.4,85.12029592591153,20.73271162626943,1.0,123.90798890703537,41.36260676337423,12.007876338985728,0.6469754253308129,53.27970407408847
2023,00-0038976,WR,66,pooled,55.5,87.8113803700951,10.42616844141169,1.0,145.81533788372593,0.0,16.873923441261915,0.05978490382409875,-32.311380370095094
2023,00-0038976,WR,66,position,55.5,87.8113803700951,10.347314151372846,1.0,144.22933143943646,0.0,15.810704733382412,0.053485978631073,-32.311380370095094
2023,00-0038976,WR,66,position_rank,55.5,87.8113803700951,7.723918688939854,1.0,136.22974575149422,0.0,11.694607361716674,0.03659735349716446,-32.311380370095094
2023,00-0036264,QB,22,pooled,311.52,206.57893677652348,38.8246681365347,0.0,145.81533788372596,85.78675899889203,14.977911364253528,0.622782102043135,104.9410632234765
2023,00-0036264,QB,22,position,311.52,206.57893677652348,33.66237425668461,0.0,188.49993977850545,85.78675899889203,23.396308893591772,0.42533081285444235,104.9410632234765
2023,00-0036264,QB,22,position_rank,311.52,206.57893677652348,39.42679747273854,0.0,180.2376259662998,85.78675899889203,18.639010845487498,0.5289256198347108,104.9410632234765
2023,00-0039062,WR,67,pooled,63.3,87.13999061875666,8.710540883301991,1.0,145.81533788372593,0.0,16.60803392395287,0.05765623626709312,-23.83999061875666
2023,00-0039062,WR,67,position,63.3,87.13999061875666,8.614550876758676,1.0,144.22933143943646,0.0,15.541711445386877,0.05198994153784125,-23.83999061875666
2023,00-0039062,WR,67,position_rank,63.3,87.13999061875666,6.474905895109521,1.0,136.22974575149422,0.0,11.501947693941297,0.03659735349716446,-23.83999061875666
2023,00-0036040,TE,18,pooled,73.8,77.01407693450379,6.83439594477098,1.0,145.81533788372593,0.0,23.122545556033444,0.10756094999024629,-3.214076934503794
2023,00-0036040,TE,18,position,73.8,77.01407693450379,4.595372664892258,1.0,105.92429863377869,0.0,16.07667229459164,0.0625,-3.214076934503794
2023,00-0036040,TE,18,position_rank,73.8,77.01407693450379,5.573420036497082,1.0,106.17992741335024,0.0,19.11825363801361,0.11511479591836736,-3.214076934503794
2023,00-0037664,WR,68,pooled,79.4,86.47854774884752,6.960999047291455,1.0,145.81533788372593,0.0,16.34779025734829,0.056955255107837485,-7.078547748847512
2023,00-0037664,WR,68,position,79.4,86.47854774884752,6.78033596266085,1.0,144.22933143943646,0.0,15.276756128803518,0.05051512482891065,-7.078547748847512
2023,00-0037664,WR,68,position_rank,79.4,86.47854774884752,5.845005725842391,1.0,136.22974575149422,0.0,11.312142348663022,0.03659735349716446,-7.078547748847512
2023,00-0039065,TE,19,pooled,184.9,74.77029710743258,41.380392037464276,0.0,145.81533788372593,110.12970289256742,23.122545556033437,0.4516312281747265,110.12970289256742
2023,00-0039065,TE,19,position,184.9,74.77029710743258,45.97613375774177,0.0,105.9242986337787,110.12970289256742,16.076672294591635,0.5625,110.12970289256742
2023,00-0039065,TE,19,position_rank,184.9,74.77029710743258,43.80535212432046,0.0,106.17992741335026,110.12970289256742,19.11825363801361,0.43654336734693877,110.12970289256742
2023,00-0033282,WR,69,pooled,122.2,85.82676132476618,11.814908700620487,1.0,145.81533788372593,20.17075056730532,16.09407049657791,0.05556615482894559,36.37323867523382
2023,00-0033282,WR,69,position,122.2,85.82676132476618,11.659576853519738,1.0,144.22933143943646,20.17075056730532,15.018921676629281,0.04906152850428121,36.37323867523382
2023,00-0033282,WR,69,position_rank,122.2,85.82676132476618,15.624243287205077,1.0,136.22974575149422,20.17075056730532,11.128262478452147,0.03659735349716446,36.37323867523382
2023,00-0036165,WR,70,pooled,44.4,85.18435344858423,12.711697311817291,1.0,145.81533788372593,0.0,15.845791187930471,0.05487803570930933,-40.784353448584234
2023,00-0036165,WR,70,position,44.4,85.18435344858423,12.742961883365444,1.0,144.22933143943646,0.0,14.765725086994049,0.04906152850428121,-40.784353448584234
2023,00-0036165,WR,70,position_rank,44.4,85.18435344858423,9.44205768864531,1.0,136.22974575149422,0.0,10.949505504210213,0.03659735349716446,-40.784353448584234
2023,00-0036415,WR,71,pooled,29.0,84.55105804862757,17.414061702662924,1.0,145.81533788372593,0.0,15.603736849760192,0.05351465950965618,-55.55105804862757
2023,00-0036415,WR,71,position,29.0,84.55105804862757,17.443293949448446,1.0,144.22933143943646,0.0,14.518122408487221,0.04762915256395294,-55.55105804862757
2023,00-0036415,WR,71,position_rank,29.0,84.55105804862757,13.51419118620179,1.0,136.22974575149422,0.0,10.776675719426187,0.03659735349716446,-55.55105804862757
2023,00-0034983,WR,72,pooled,36.0,83.92662021781231,14.804058134671353,1.0,145.81533788372593,0.0,15.36924041728718,0.049527427227651674,-47.926620217812314
2023,00-0034983,WR,72,position,36.0,83.92662021781231,14.83329038145687,1.0,144.22933143943646,0.0,14.283557502589135,0.043459347048775056,-47.926620217812314
2023,00-0034983,WR,72,position_rank,36.0,83.92662021781231,11.14789192786494,1.0,136.22974575149422,0.0,10.611071161703546,0.027296786389413984,-47.926620217812314
2023,00-0037545,WR,73,pooled,114.60000000000001,83.31079559761713,10.604174357768558,1.0,145.81533788372593,12.570750567305325,15.139408692373491,0.046955019303777795,31.28920440238288
2023,00-0037545,WR,73,position,114.60000000000001,83.31079559761713,10.419480441190032,1.0,144.22933143943646,12.570750567305325,14.054879956327728,0.04078557862682893,31.28920440238288
2023,00-0037545,WR,73,position_rank,114.60000000000001,83.31079559761713,14.008287137484846,1.0,136.22974575149422,12.570750567305325,10.45042126078306,0.027296786389413984,31.28920440238288
2023,00-0039146,WR,74,pooled,172.0,82.70334980396635,31.48602821541103,0.0,145.81533788372593,69.97075056730532,14.91455633151439,0.6250951255013516,89.29665019603365
2023,00-0039146,WR,74,position,172.0,82.70334980396635,32.056711866331476,0.0,144.22933143943646,69.97075056730532,13.829313765851543,0.6578425235281011,89.29665019603365
2023,00-0039146,WR,74,position_rank,172.0,82.70334980396635,37.774450176719924,0.0,136.22974575149422,69.97075056730532,10.29195714070025,0.7262003780718336,89.29665019603365
2023,00-0038551,RB,52,pooled,23.9,84.16779187719385,19.201247751314583,1.0,145.81533788372593,0.0,17.416665158147513,0.06268315008499664,-60.26779187719385
2023,00-0038551,RB,52,position,23.9,84.16779187719385,18.626910942091317,1.0,155.74552824737066,0.0,18.853855567070898,0.0690175237000862,-60.26779187719385
2023,00-0038551,RB,52,position_rank,23.9,84.16779187719385,14.675600172970181,1.0,123.90798890703537,0.0,11.676570582910012,0.038279773156899816,-60.26779187719385
2023,00-0037834,QB,23,pooled,306.6,203.90525925165937,37.70150689896677,0.0,145.8153378837259,80.86675899889207,14.021371360379025,0.6414063354119819,102.69474074834065
2023,00-0037834,QB,23,position,306.6,203.90525925165937,32.65744051780804,0.0,188.4999397785055,80.86675899889207,22.291963828973998,0.4396266540642723,102.69474074834065
2023,00-0037834,QB,23,position_rank,306.6,203.90525925165937,38.421863733861976,0.0,180.23762596629985,80.86675899889207,17.666764472809646,0.5289256198347108,102.69474074834065
2023,00-0039021,RB,53,pooled,83.1,83.23343187055525,6.892833943409824,1.0,145.81533788372593,0.0,17.03975752167693,0.05978490382409875,-0.13343187055525618
2023,00-0039021,RB,53,position,83.1,83.23343187055525,7.534809154973981,1.0,155.74552824737066,0.0,18.453981157450144,0.06680910657856937,-0.13343187055525618
2023,00-0039021,RB,53,position_rank,83.1,83.23343187055525,7.457828640146084,1.0,123.90798890703537,0.0,11.351575797992238,0.0341446124763705,-0.13343187055525618
2023,00-0034272,WR,75,pooled,46.0,82.10405789164787,11.34876887281746,1.0,145.81533788372593,0.0,14.695429809688848,0.04322502781416068,-36.10405789164787
2023,00-0034272,WR,75,position,46.0,82.10405789164787,11.380145790693511,1.0,144.22933143943646,0.0,13.60816368983213,0.03569268639455061,-36.10405789164787
2023,00-0034272,WR,75,position_rank,46.0,82.10405789164787,8.422569811331153,1.0,136.22974575149422,0.0,10.13644756473822,0.02185255198487713,-36.10405789164787
2023,00-0039067,WR,76,pooled,173.0,81.51270385420327,32.46292075622672,0.0,145.81533788372593,70.97075056730532,14.483138929679427,0.6297340344574041,91.48729614579673
2023,00-0039067,WR,76,position,173.0,81.51270385420327,33.148901562397846,0.0,144.22933143943646,70.97075056730532,13.39601550256659,0.6578425235281011,91.48729614579673
2023,00-0039067,WR,76,position_rank,173.0,81.51270385420327,38.869773151601464,0.0,136.22974575149422,70.97075056730532,9.9896774182187,0.7262003780718336,91.48729614579673
2023,00-0035535,WR,77,pooled,111.30000000000001,80.92908015650804,10.38041823739674,1.0,145.81533788372593,9.270750567305328,14.2758903522403,0.040824113751878395,30.370919843491976
2023,00-0035535,WR,77,position,111.30000000000001,80.92908015650804,10.195724320818217,1.0,144.22933143943646,9.270750567305328,13.191119879021986,0.03569268639455061,30.370919843491976
2023,00-0035535,WR,77,position_rank,111.30000000000001,80.92908015650804,13.742467923069054,1.0,136.22974575149422,9.270750567305328,9.8475777353016,0.02185255198487713,30.370919843491976
2023,00-0031547,WR,78,pooled,54.800000000000004,80.35298729751005,9.008232368016444,1.0,145.81533788372593,0.0,14.074017844391555,0.040824113751878395,-25.55298729751005
2023,00-0031547,WR,78,position,54.800000000000004,80.35298729751005,8.916243849076839,1.0,144.22933143943646,0.0,12.99138500774636,0.03569268639455061,-25.55298729751005
2023,00-0031547,WR,78,position_rank,54.800000000000004,80.35298729751005,6.6979233774353535,1.0,136.22974575149422,0.0,9.707311647893395,0.02185255198487713,-25.55298729751005
2023,00-0035639,WR,79,pooled,20.400000000000002,79.78423340082179,18.84093898833516,1.0,145.81533788372593,0.0,13.878426182565963,0.039068445343834475,-59.384233400821785
2023,00-0035639,WR,79,position,20.400000000000002,79.78423340082179,18.87840881229673,1.0,144.22933143943646,0.0,12.79811319117464,0.03569268639455061,-59.384233400821785
2023,00-0035639,WR,79,position_rank,20.400000000000002,79.78423340082179,14.82554064879455,1.0,136.22974575149422,0.0,9.574636623167534,0.02185255198487713,-59.384233400821785
2023,00-0039150,QB,24,pooled,162.22,201.3453903520383,12.24266167448263,1.0,145.81533788372593,0.0,13.156692246189671,0.03567286688432096,-39.125390352038295
2023,00-0039150,QB,24,position,162.22,201.3453903520383,13.937047232824407,1.0,188.4999397785055,0.0,21.234626674782678,0.09262759924385634,-39.125390352038295
2023,00-0039150,QB,24,position_rank,162.22,201.3453903520383,11.445645726733934,1.0,180.2376259662998,0.0,16.735903054765615,0.0625,-39.125390352038295
2023,00-0036555,RB,54,pooled,152.8,82.31653756365665,23.318845034895215,1.0,145.81533788372593,55.76260676337424,16.674359611977223,0.577421975652159,70.48346243634336
2023,00-0036555,RB,54,position,152.8,82.31653756365665,23.27242213187831,1.0,155.74552824737066,55.76260676337424,18.062895076333778,0.5625,70.48346243634336
2023,00-0036555,RB,54,position_rank,152.8,82.31653756365665,28.305092859880478,0.0,123.90798890703537,55.76260676337424,11.032656039070986,0.6645793950850662,70.48346243634336
2023,00-0030431,WR,80,pooled,69.3,79.22263383106352,7.074708990675445,1.0,145.81533788372593,0.0,13.688243825822894,0.039068445343834475,-9.922633831063521
2023,00-0030431,WR,80,position,69.3,79.22263383106352,6.9026593215879295,1.0,144.22933143943646,0.0,12.612814801640626,0.03569268639455061,-9.922633831063521
2023,00-0030431,WR,80,position_rank,69.3,79.22263383106352,5.694179753066696,1.0,136.22974575149422,0.0,9.44766628565697,0.02185255198487713,-9.922633831063521
2023,00-0033925,RB,55,pooled,85.7,81.41646795841555,7.00428835185524,1.0,145.81533788372593,0.0,16.320338281221005,0.056955255107837485,4.283532041584451
2023,00-0033925,RB,55,position,85.7,81.41646795841555,7.646263563419397,1.0,155.74552824737071,0.0,17.682508550813246,0.0625,4.283532041584451
2023,00-0033925,RB,55,position_rank,85.7,81.41646795841555,7.80653631742027,1.0,123.90798890703537,0.0,10.719588350291472,0.0341446124763705,4.283532041584451
2023,00-0037614,WR,81,pooled,23.200000000000003,78.66801083403769,17.370169110264836,1.0,145.81533788372593,0.0,13.50108253027286,0.03849179723423275,-55.468010834037685
2023,00-0037614,WR,81,position,23.200000000000003,78.66801083403769,17.399401357050355,1.0,144.22933143943646,0.0,12.43128328617706,0.03569268639455061,-55.468010834037685
2023,00-0037614,WR,81,position_rank,23.200000000000003,78.66801083403769,13.48578029699999,1.0,136.22974575149422,0.0,9.322273260242431,0.02185255198487713,-55.468010834037685
2023,00-0034970,TE,20,pooled,24.5,72.64163474034912,14.847918404282723,1.0,145.8153378837259,0.0,23.122545556033437,0.10756094999024629,-48.14163474034912
2023,00-0034970,TE,20,position,24.5,72.64163474034912,15.713539089492157,1.0,105.92429863377872,0.0,16.07667229459164,0.0625,-48.14163474034912
2023,00-0034970,TE,20,position_rank,24.5,72.64163474034912,17.015522174617402,1.0,106.17992741335024,0.0,19.11825363801361,0.11511479591836736,-48.14163474034912
2023,00-0036988,WR,82,pooled,79.7,78.12019319898081,6.924463280368166,1.0,145.81533788372593,0.0,13.31660514218636,0.03791943647117081,1.5798068010191884
2023,00-0036988,WR,82,position,79.7,78.12019319898081,6.798822362233096,1.0,144.22933143943646,0.0,12.252841059774168,0.03447251429723392,1.5798068010191884
2023,00-0036988,WR,82,position_rank,79.7,78.12019319898081,6.741193204533458,1.0,136.22974575149422,0.0,9.198418838403487,0.019357277882797733,1.5798068010191884
2023,00-0038938,WR,83,pooled,47.8,77.57901594128592,9.7995163277986,1.0,145.81533788372593,0.0,13.135958856422503,0.03567286688432096,-29.77901594128592
2023,00-0038938,WR,83,position,47.8,77.57901594128592,9.726384656686307,1.0,144.22933143943646,0.0,12.077521041205449,0.03209583125550403,-29.77901594128592
2023,00-0038938,WR,83,position_rank,47.8,77.57901594128592,7.256701667545252,1.0,136.22974575149422,0.0,9.076065719272467,0.019357277882797733,-29.77901594128592
2023,00-0036326,WR,84,pooled,16.9,77.04432000422528,19.133762875477075,1.0,145.81533788372593,0.0,12.95945283786657,0.03567286688432096,-60.144320004225285
2023,00-0036326,WR,84,position,16.9,77.04432000422528,19.17123269943865,1.0,144.22933143943646,0.0,11.907261490450074,0.03209583125550403,-60.144320004225285
2023,00-0036326,WR,84,position_rank,16.9,77.04432000422528,15.08370203737839,1.0,136.22974575149422,0.0,8.955177942197889,0.019357277882797733,-60.144320004225285
2023,00-0038117,WR,85,pooled,92.2,76.5159519783241,7.912757129260867,1.0,145.81533788372593,0.0,12.786436848403998,0.03567286688432096,15.684048021675906
2023,00-0038117,WR,85,position,92.2,76.5159519783241,7.701471710557852,1.0,144.22933143943646,0.0,11.740918879656958,0.03209583125550403,15.684048021675906
2023,00-0038117,WR,85,position_rank,92.2,76.5159519783241,9.716898575318801,1.0,136.22974575149422,0.0,8.835720823298491,0.019357277882797733,15.684048021675906
2023,00-0034830,TE,21,pooled,33.400000000000006,70.61685182103439,11.640663941664574,1.0,145.81533788372593,0.0,22.153451633950066,0.10094343060608073,-37.21685182103438
2023,00-0034830,TE,21,position,33.400000000000006,70.61685182103439,11.45828770998155,1.0,105.9242986337787,0.0,15.095797997718016,0.05865478515625,-37.21685182103438
2023,00-0034830,TE,21,position_rank,33.400000000000006,70.61685182103439,12.855813388161277,1.0,106.17992741335024,0.0,18.00920902349557,0.10331632653061226,-37.21685182103438
2023,00-0035140,WR,86,pooled,9.5,75.99376383714602,21.63735766171663,1.0,145.81533788372593,0.0,12.616860472927273,0.03512194285395797,-66.49376383714602
2023,00-0035140,WR,86,position,9.5,75.99376383714602,21.674827485678204,1.0,144.22933143943646,0.0,11.578729034496083,0.03209583125550403,-66.49376383714602
2023,00-0035140,WR,86,position_rank,9.5,75.99376383714602,17.571055310541784,1.0,136.22974575149422,0.0,8.720598105194814,0.019357277882797733,-66.49376383714602
2023,00-0039032,RB,56,pooled,107.7,80.53261670915012,9.737582272700465,1.0,145.81533788372593,10.662606763374228,15.977226949344457,0.05487803570930933,27.167383290849884
2023,00-0039032,RB,56,position,107.7,80.53261670915012,9.760370015727824,1.0,155.74552824737071,10.662606763374228,17.314438493075993,0.060399310542947435,27.167383290849884
2023,00-0039032,RB,56,position_rank,107.7,80.53261670915012,11.700556083353732,1.0,123.90798890703537,10.662606763374228,10.412161828807845,0.030245746691871453,27.167383290849884
2023,00-0031428,WR,87,pooled,45.0,75.47761268835234,9.959443443543453,1.0,145.81533788372593,0.0,12.450740920439095,0.03512194285395797,-30.477612688352337
2023,00-0031428,WR,87,position,45.0,75.47761268835234,9.88631177243116,1.0,144.22933143943646,0.0,11.419007994967092,0.03209583125550403,-30.477612688352337
2023,00-0031428,WR,87,position_rank,45.0,75.47761268835234,7.380128226259694,1.0,136.22974575149422,0.0,8.608391333717925,0.019357277882797733,-30.477612688352337
2023,00-0038977,WR,88,pooled,141.5,74.96736053898726,21.73996971035768,1.0,145.81533788372593,39.470750567305316,12.288092174939187,0.6626865799622285,66.53263946101274
2023,00-0038977,WR,88,position,141.5,74.96736053898726,21.840665857923657,1.0,144.22933143943646,39.470750567305316,11.261112378714058,0.6791477893664655,66.53263946101274
2023,00-0038977,WR,88,position_rank,141.5,74.96736053898726,27.14252871565503,0.0,136.22974575149422,39.470750567305316,8.49746695342117,0.7410964083175804,66.53263946101274
2023,00-0036360,RB,57,pooled,60.10000000000001,79.66440966897966,8.091354106935032,1.0,145.81533788372593,0.0,15.643689439481541,0.05419420393621286,-19.56440966897965
2023,00-0036360,RB,57,position,60.10000000000001,79.66440966897966,8.659417649246718,1.0,155.74552824737066,0.0,16.95391184080182,0.060399310542947435,-19.56440966897965
2023,00-0036360,RB,57,position_rank,60.10000000000001,79.66440966897966,7.380737459107354,1.0,123.90798890703537,0.0,10.11017677135725,0.030245746691871453,-19.56440966897965
2023,00-0038041,TE,22,pooled,131.7,68.68627965208893,20.324442796769333,1.0,143.9246982280147,59.05836525965087,21.259202472404105,0.4816319355869057,63.01372034791106
2023,00-0038041,TE,22,position,131.7,68.68627965208893,22.684421629032595,0.0,105.9242986337787,59.05836525965087,14.219822217620989,0.586181640625,63.01372034791106
2023,00-0038041,TE,22,position_rank,131.7,68.68627965208893,20.389755266507905,0.0,106.17992741335024,59.05836525965087,17.032399840556412,0.4850127551020408,63.01372034791106
2023,00-0038997,WR,89,pooled,116.8,74.46287407402502,13.42870552382454,1.0,145.81533788372593,14.770750567305313,12.128459382378425,0.03403295683285137,42.33712592597497
2023,00-0038997,WR,89,position,116.8,74.46287407402502,13.356679812199324,1.0,144.22933143943646,14.770750567305313,11.10500093190164,0.030939320311090833,42.33712592597497
2023,00-0038997,WR,89,position_rank,116.8,74.46287407402502,17.655858986903908,1.0,136.22974575149422,14.770750567305313,8.387795982777204,0.019357277882797733,42.33712592597497
2023,00-0033090,TE,23,pooled,98.9,66.84153960829036,10.723366525271354,1.0,142.07995818421614,26.258365259650887,20.420152216595685,0.5084128457477025,32.058460391709644
2023,00-0033090,TE,23,position,98.9,66.84153960829036,10.658568098057719,1.0,105.9242986337787,26.258365259650887,13.419480632782907,0.6103515625,32.058460391709644
2023,00-0033090,TE,23,position_rank,98.9,66.84153960829036,8.856348014262286,1.0,106.17992741335024,26.258365259650887,16.11002981865713,0.5102040816326531,32.058460391709644
2023,00-0037267,RB,58,pooled,185.0,78.81130264961541,39.42052349148387,0.0,145.81533788372593,87.96260676337423,15.323145761514649,0.606710983538733,106.18869735038459
2023,00-0037267,RB,58,position,185.0,78.81130264961541,38.606865270180215,0.0,155.74552824737066,87.96260676337423,16.60150515474928,0.6012819592071242,106.18869735038459
2023,00-0037267,RB,58,position_rank,185.0,78.81130264961541,46.1100242088794,0.0,123.90798890703537,87.96260676337423,9.818188568853348,0.7188090737240076,106.18869735038459
2023,00-0034184,RB,59,pooled,178.2,77.97277937265125,36.4375784897634,0.0,145.81533788372593,81.16260676337421,15.01113487996995,0.6204733659314582,100.22722062734874
2023,00-0034184,RB,59,position,178.2,77.97277937265125,35.898528749161656,0.0,155.74552824737066,81.16260676337421,16.259908738076867,0.6144965527147371,100.22722062734874
2023,00-0034184,RB,59,position_rank,178.2,77.97277937265125,43.12928584736147,0.0,123.90798890703537,81.16260676337421,9.539051741487317,0.737358223062382,100.22722062734874
2023,00-0039144,TE,24,pooled,56.6,65.07532336789106,6.91247625763267,1.0,140.31374194381684,0.0,19.638953233648476,0.0757659880511652,-8.475323367891058
2023,00-0039144,TE,24,position,56.6,65.07532336789106,4.799612089844563,1.0,105.9242986337787,0.0,12.692781037815287,0.041259765625,-8.475323367891058
2023,00-0039144,TE,24,position_rank,56.6,65.07532336789106,5.982401625114106,1.0,106.17992741335024,0.0,15.226921698457474,0.08163265306122448,-8.475323367891058
2023,00-0030578,RB,60,pooled,30.400000000000002,77.14834959304065,14.416969869803241,1.0,145.81533788372593,0.0,14.70855525415517,0.04322502781416068,-46.74834959304064
2023,00-0030578,RB,60,position,30.400000000000002,77.14834959304065,14.279959693554483,1.0,155.74552824737071,0.0,15.932794809330579,0.04669994254524562,-46.74834959304064
2023,00-0030578,RB,60,position_rank,30.400000000000002,77.14834959304065,10.886476909577166,1.0,123.90798890703537,0.0,9.270215943788209,0.019966918714555762,-46.74834959304064
2023,00-0038104,WR,90,pooled,20.700000000000003,73.96402444728889,16.603794855885642,1.0,145.81533788372593,0.0,11.972747661458193,0.03349489484210775,-53.26402444728889
2023,00-0038104,WR,90,position,20.700000000000003,73.96402444728889,16.633027102671164,1.0,144.22933143943646,0.0,10.950633783563097,0.02980402975097879,-53.26402444728889
2023,00-0038104,WR,90,position_rank,20.700000000000003,73.96402444728889,12.721810674329266,1.0,136.22974575149422,0.0,8.279350411747611,0.019357277882797733,-53.26402444728889
2023,00-0038559,WR,91,pooled,83.0,73.47068708392302,7.33673382795073,1.0,145.81533788372593,0.0,11.8208638136894,0.03349489484210775,9.529312916076975
2023,00-0038559,WR,91,position,83.0,73.47068708392302,7.171164084633694,1.0,144.22933143943646,0.0,10.797972384475939,0.02980402975097879,9.529312916076975
2023,00-0038559,WR,91,position_rank,83.0,73.47068708392302,8.251184300586416,1.0,136.22974575149422,0.0,8.172103158841988,0.019357277882797733,9.529312916076975
2023,00-0038040,RB,61,pooled,53.8,76.33754737767978,8.473801536260577,1.0,145.81533788372593,0.0,14.417923749371285,0.042618368278780426,-22.537547377679786
2023,00-0038040,RB,61,position,53.8,76.33754737767978,9.041865078572261,1.0,155.74552824737071,0.0,15.616428986400269,0.04669994254524562,-22.537547377679786
2023,00-0038040,RB,61,position_rank,53.8,76.33754737767978,7.5470831394471025,1.0,123.90798890703537,0.0,9.0058239170401,0.019966918714555762,-22.537547377679786
2023,00-0035689,TE,25,pooled,34.4,63.38121803653911,9.55721389414418,1.0,138.6196366124649,0.0,18.910658477485946,0.07178947413551015,-28.98121803653911
2023,00-0035689,TE,25,position,34.4,63.38121803653911,8.774587467082405,1.0,105.9242986337787,0.0,12.03162695553018,0.03228759765625,-28.98121803653911
2023,00-0035689,TE,25,position_rank,34.4,63.38121803653911,6.865424552573037,1.0,102.33047823093548,0.0,11.6483780528914,0.025829081632653066,-28.98121803653911
2023,00-0034411,WR,92,pooled,0.0,72.98274149365841,24.317494687639098,0.0,145.81533788372593,0.0,11.671551034238004,0.03243163290023988,-72.98274149365841
2023,00-0034411,WR,92,position,0.0,72.98274149365841,24.342585372335673,0.0,144.22933143943646,0.0,10.646979449377767,0.02980402975097879,-72.98274149365841
2023,00-0034411,WR,92,position_rank,0.0,72.98274149365841,20.26949310667983,0.0,136.22974575149422,0.0,8.066028030523594,0.019357277882797733,-72.98274149365841
2023,00-0037744,TE,26,pooled,130.1,61.75356559002694,22.374729552356474,1.0,136.99198416595272,57.458365259650876,18.22801682791113,0.5466902756549457,68.34643440997306
2023,00-0037744,TE,26,position,130.1,61.75356559002694,25.073839202722723,0.0,105.9242986337787,57.458365259650876,11.423692784916176,0.685791015625,68.34643440997306
2023,00-0037744,TE,26,position_rank,130.1,61.75356559002694,27.162295000849266,0.0,102.33047823093548,57.458365259650876,11.130770902119481,0.7044005102040817,68.34643440997306
2023,00-0036955,WR,93,pooled,22.400000000000002,72.50007109417336,15.517537252574764,1.0,145.81533788372593,0.0,11.5262741044572,0.03138552034453117,-50.10007109417336
2023,00-0036955,WR,93,position,22.400000000000002,72.50007109417336,15.546769499360284,1.0,144.22933143943646,0.0,10.50106438321449,0.028689959575167904,-50.10007109417336
2023,00-0036955,WR,93,position_rank,22.400000000000002,72.50007109417336,11.763221971836174,1.0,136.22974575149422,0.0,7.961425054783459,0.017013232514177693,-50.10007109417336
2023,00-0034829,TE,27,pooled,49.900000000000006,60.18734885823574,6.998727477368102,1.0,135.42576743416151,0.0,17.585742689095802,0.06415799729468433,-10.287348858235731
2023,00-0034829,TE,27,position,49.900000000000006,60.18734885823574,4.929803643004258,1.0,105.9242986337787,0.0,10.867810596018538,0.02691650390625,-10.287348858235731
2023,00-0034829,TE,27,position_rank,49.900000000000006,60.18734885823574,4.362526896360777,1.0,102.33047823093548,0.0,10.699227719527311,0.025829081632653066,-10.287348858235731
2023,00-0034286,WR,94,pooled,13.9,72.02256304390039,18.3224857675585,1.0,145.81533788372593,0.0,11.38591997561135,0.0308688950864865,-58.12256304390039
2023,00-0034286,WR,94,position,13.9,72.02256304390039,18.359955591520073,1.0,144.22933143943646,0.0,10.360757642692146,0.028689959575167904,-58.12256304390039
2023,00-0034286,WR,94,position_rank,13.9,72.02256304390039,14.377758430900121,1.0,136.02554142190348,0.0,7.861771200813448,0.017013232514177693,-58.12256304390039
2023,00-0036370,RB,62,pooled,57.6,75.53992952396305,7.866752824314386,1.0,145.81533788372593,0.0,14.13616624152179,0.040824113751878395,-17.939929523963052
2023,00-0036370,RB,62,position,57.6,75.53992952396305,8.434816366626066,1.0,155.74552824737066,0.0,15.306221431397763,0.043109020396437804,-17.939929523963052
2023,00-0036370,RB,62,position_rank,57.6,75.53992952396305,7.337987981606917,1.0,123.90798890703537,0.0,8.746846053580416,0.019966918714555762,-17.939929523963052
2023,00-0033555,WR,95,pooled,34.1,71.55010808367985,11.710641428911009,1.0,145.81533788372593,0.0,11.249228626587369,0.02984850661001653,-37.450108083679844
2023,00-0033555,WR,95,position,34.1,71.55010808367985,11.742018346787065,1.0,144.22933143943646,0.0,10.22393616236951,0.027597109783658178,-37.450108083679844
2023,00-0033555,WR,95,position_rank,34.1,71.55010808367985,8.651633011672342,1.0,135.74206844577114,0.0,7.76317190476742,0.014820415879017014,-37.450108083679844
2023,00-0039075,WR,96,pooled,233.9,71.08260038670454,67.71453593277374,0.0,145.81533788372593,131.87075056730532,11.115068291877035,0.6867385940504491,162.81739961329546
2023,00-0039075,WR,96,position,233.9,71.08260038670454,68.78647570055678,0.0,144.22364001100172,131.87075056730532,10.089927441412419,0.6953495527804009,162.81739961329546
2023,00-0039075,WR,96,position_rank,233.9,71.08260038670454,74.51322484786154,0.0,135.46156382758596,131.87075056730532,7.665605081050836,0.7713421550094519,162.81739961329546
2023,00-0033856,RB,63,pooled,2.0,74.75507410487054,24.220307520579286,0.0,145.81533788372593,0.0,13.865755144245755,0.039068445343834475,-72.75507410487054
2023,00-0033856,RB,63,position,2.0,74.75507410487054,23.51335866719009,0.0,155.74552824737071,0.0,15.011158485741804,0.041367423154266024,-72.75507410487054
2023,00-0033856,RB,63,position_rank,2.0,74.75507410487054,19.788833578811005,0.0,123.90798890703537,0.0,8.50719300100597,0.019966918714555762,-72.75507410487054
2023,00-0037276,RB,64,pooled,80.60000000000001,73.98257912863076,7.108194698223035,1.0,145.81533788372593,0.0,13.604299675061474,0.03849179723423275,6.617420871369248
2023,00-0037276,RB,64,position,80.60000000000001,73.98257912863076,7.688118825177457,1.0,155.74552824737071,0.0,14.7231095115507,0.041367423154266024,6.617420871369248
2023,00-0037276,RB,64,position_rank,80.60000000000001,73.98257912863076,8.034761648478034,1.0,123.90798890703537,0.0,8.272085834324296,0.019966918714555762,6.617420871369248
2023,00-0033923,RB,65,pooled,110.0,73.22206130229824,11.877588442724822,1.0,145.81533788372593,12.962606763374225,13.348166765698595,0.03849179723423275,36.77793869770176
2023,00-0033923,RB,65,position,110.0,73.22206130229824,11.933890768310755,1.0,155.74552824737066,12.962606763374225,14.439526593257218,0.041367423154266024,36.77793869770176
2023,00-0033923,RB,65,position_rank,110.0,73.22206130229824,14.549694190814197,1.0,123.90798890703537,12.962606763374225,8.040623887179617,0.019966918714555762,36.77793869770176
2023,00-0036493,RB,66,pooled,1.5000000000000002,72.47315488972609,23.417128084290603,0.0,145.81533788372593,0.0,13.098068516457,0.03567286688432096,-70.97315488972609
2023,00-0036493,RB,66,position,1.5000000000000002,72.47315488972609,22.792051533538157,1.0,155.49946639146114,0.0,14.16460761626083,0.0396617351335823,-70.97315488972609
2023,00-0036493,RB,66,position_rank,1.5000000000000002,72.47315488972609,18.986488325357907,0.0,123.90798890703537,0.0,7.8183008304637935,0.019966918714555762,-70.97315488972609
2023,00-0035644,TE,28,pooled,57.400000000000006,58.678098254421656,6.735466470879418,1.0,133.91651683034743,0.0,16.97574056290562,0.05978490382409875,-1.27809825442165
2023,00-0035644,TE,28,position,57.400000000000006,58.678098254421656,4.54619080209698,1.0,105.9242986337787,0.0,10.363408888540214,0.0244140625,-1.27809825442165
2023,00-0035644,TE,28,position_rank,57.400000000000006,58.678098254421656,4.773808058066797,1.0,102.33047823093548,0.0,10.315787657540278,0.025829081632653066,-1.27809825442165
2023,00-0036924,RB,67,pooled,44.400000000000006,71.7355106554152,9.31391436383556,1.0,145.81533788372593,0.0,12.855503341213534,0.03567286688432096,-27.33551065541519
2023,00-0036924,RB,67,position,44.400000000000006,71.7355106554152,9.697524885383093,1.0,154.92770407737055,0.0,13.89781397369288,0.0396617351335823,-27.33551065541519
2023,00-0036924,RB,67,position_rank,44.400000000000006,71.7355106554152,7.917832031866986,1.0,123.90798890703536,0.0,7.601818283437771,0.019966918714555762,-27.33551065541519
2023,00-0034270,TE,29,pooled,90.0,57.22181487887636,10.817882450163507,1.0,132.46023345480214,17.35836525965088,16.39912281604318,0.056955255107837485,32.77818512112364
2023,00-0034270,TE,29,position,90.0,57.22181487887636,10.85958959617352,1.0,105.9242986337787,17.35836525965088,9.90942890998883,0.0244140625,32.77818512112364
2023,00-0034270,TE,29,position_rank,90.0,57.22181487887636,13.059025671370204,1.0,102.33047823093548,17.35836525965088,9.977721873931548,0.025829081632653066,32.77818512112364
2023,00-0030061,TE,30,pooled,38.2,55.814906664081036,7.685415819738219,1.0,131.0533252400068,0.0,15.85278702945689,0.05487803570930933,-17.614906664081033
2023,00-0030061,TE,30,position,38.2,55.814906664081036,5.99424917390236,1.0,105.9242986337787,0.0,9.485965810462952,0.0244140625,-17.614906664081033
2023,00-0030061,TE,30,position_rank,38.2,55.814906664081036,5.010859268629367,1.0,102.33047823093548,0.0,9.651118181211205,0.025829081632653066,-17.614906664081033
2023,00-0037840,RB,68,pooled,239.0,71.00879488660598,70.30124445782276,0.0,145.81533788372593,141.96260676337423,12.619088996004699,0.6603049589593752,167.99120511339402
2023,00-0037840,RB,68,position,239.0,71.00879488660598,69.47945707894644,0.0,154.2009883085613,141.96260676337423,13.640074855199012,0.6481614478598103,167.99120511339402
2023,00-0037840,RB,68,position_rank,239.0,71.00879488660598,77.00132799832804,0.0,123.90798890703536,141.96260676337423,7.3921396539304824,0.737358223062382,167.99120511339402
2023,00-0034681,RB,69,pooled,29.8,70.29268848675815,12.586583437067874,1.0,145.53110706268393,0.0,12.389117457474951,0.03512194285395797,-40.492688486758155
2023,00-0034681,RB,69,position,29.8,70.29268848675815,12.47487212928308,1.0,153.48488190871348,0.0,13.396296163516944,0.03799195633438667,-40.492688486758155
2023,00-0034681,RB,69,position_rank,29.8,70.29268848675815,9.4468669539345,1.0,123.90798890703536,0.0,7.189761758321313,0.019966918714555762,-40.492688486758155
2023,00-0039066,TE,31,pooled,57.900000000000006,54.454134994020876,6.806723200392847,1.0,129.69255356994665,0.0,15.337553762062146,0.04887789422687352,3.4458650059791296
2023,00-0039066,TE,31,position,57.900000000000006,54.454134994020876,4.666439831263152,1.0,105.9242986337787,0.0,9.108399778189533,0.02203369140625,3.4458650059791296
2023,00-0039066,TE,31,position_rank,57.900000000000006,54.454134994020876,5.253597506606636,1.0,102.33047823093548,0.0,9.34233045688679,0.02040816326530612,3.4458650059791296
2023,00-0038129,TE,32,pooled,91.0,53.13656980127834,11.959917820071658,1.0,128.37498837720412,18.35836525965088,14.848585660095383,0.04383597469608073,37.86343019872166
2023,00-0038129,TE,32,position,91.0,53.13656980127834,12.58852805672653,1.0,105.9242986337787,18.35836525965088,8.758882620392034,0.019775390625,37.86343019872166
2023,00-0038129,TE,32,position_rank,91.0,53.13656980127834,14.796027115629,1.0,102.33047823093548,18.35836525965088,9.059995058441961,0.02040816326530612,37.86343019872166
2023,00-0038397,RB,70,pooled,1.2000000000000002,69.58688613425448,22.3625718736016,1.0,144.82530471018026,0.0,12.164968216555627,0.03403295683285137,-68.38688613425448
2023,00-0038397,RB,70,position,1.2000000000000002,69.58688613425448,21.749242702625747,1.0,152.7790795562098,0.0,13.163298686610629,0.03635808675667911,-68.38688613425448
2023,00-0038397,RB,70,position_rank,1.2000000000000002,69.58688613425448,17.821877911711475,0.0,123.90798890703536,0.0,6.992866394614709,0.017013232514177693,-68.38688613425448
2023,00-0038622,RB,71,pooled,11.5,68.89109550077762,18.016635118543803,1.0,144.1295140767034,0.0,11.947701760516264,0.03349489484210775,-57.391095500777624
2023,00-0038622,RB,71,position,11.5,68.89109550077762,17.583301194828692,1.0,152.08328892273295,0.0,12.941835581629523,0.03635808675667911,-57.391095500777624
2023,00-0038622,RB,71,position_rank,11.5,68.89109550077762,13.675944216914248,1.0,123.90798890703536,0.0,6.811017342233341,0.017013232514177693,-57.391095500777624
2023,00-0038597,RB,72,pooled,40.7,68.20503652435113,9.323368498381754,1.0,143.4434551002769,0.0,11.737081936717036,0.03296112019790392,-27.505036524351127
2023,00-0038597,RB,72,position,40.7,68.20503652435113,9.700881170731313,1.0,151.39722994630648,0.0,12.7334576116803,0.03476012640045964,-27.505036524351127
2023,00-0038597,RB,72,position_rank,40.7,68.20503652435113,7.919724312546214,1.0,123.48987126758186,0.0,6.632045435339473,0.014295841209829869,-27.505036524351127
2023,00-0037755,TE,33,pooled,0.0,51.85955157582089,15.926440599336777,1.0,127.09797015174667,0.0,14.38866508867365,0.04201599608993996,-51.85955157582089
2023,00-0037755,TE,33,position,0.0,51.85955157582089,17.227824426376504,0.0,105.76707725691172,0.0,8.429651359141285,0.015625,-51.85955157582089
2023,00-0037755,TE,33,position_rank,0.0,51.85955157582089,15.63719103753569,0.0,102.33047823093548,0.0,8.786348295843936,0.015625,-51.85955157582089
2023,00-0031260,TE,34,pooled,97.9,50.6206590468575,14.666739372310644,1.0,125.85907762278327,25.258365259650887,13.954785001459484,0.6414063354119819,47.27934095314251
2023,00-0031260,TE,34,position,97.9,50.6206590468575,16.035679187183273,1.0,105.3954094982227,25.258365259650887,8.118547688732193,0.77935791015625,47.27934095314251
2023,00-0031260,TE,34,position_rank,97.9,50.6206590468575,18.372252494429084,1.0,102.33047823093548,25.258365259650887,8.52087132535178,0.765625,47.27934095314251
2023,00-0033357,TE,35,pooled,117.12,49.41768155061166,21.963612204609415,1.0,124.65610012653744,44.478365259650886,13.547313341475633,0.6461052672195915,67.70231844938834
2023,00-0033357,TE,35,position,117.12,49.41768155061166,24.73357088971947,0.0,104.92522116557933,44.478365259650886,7.817803314670734,0.77935791015625,67.70231844938834
2023,00-0033357,TE,35,position_rank,117.12,49.41768155061166,26.860168315927346,0.0,102.33047823093548,44.478365259650886,8.263090433299102,0.765625,67.70231844938834
2023,00-0037838,TE,36,pooled,76.0,48.24859529162302,9.573987601811307,1.0,123.4870138675488,3.3583652596508813,13.15496771101835,0.03567286688432096,27.75140470837698
2023,00-0037838,TE,36,position,76.0,48.24859529162302,9.35417772402171,1.0,103.75613490659069,3.3583652596508813,7.525531749923573,0.01373291015625,27.75140470837698
2023,00-0037838,TE,36,position_rank,76.0,48.24859529162302,11.325272962924956,1.0,102.33047823093548,3.3583652596508813,8.012571949230107,0.015625,27.75140470837698
2024,00-0033280,RB,1,pooled,40.300000000000004,274.2213370547457,103.83276282525973,0.0,148.33127254905958,0.0,23.478588660121392,0.11062378226361304,-233.92133705474566
2024,00-0033280,RB,1,position,40.300000000000004,274.2213370547457,102.58524661661393,0.0,156.69276475057757,0.0,25.31196560502132,0.1322314049586777,-233.92133705474566
2024,00-0033280,RB,1,position_rank,40.300000000000004,274.2213370547457,104.67376801565021,0.0,180.29866699463275,0.0,30.97675323435793,0.17122473246135553,-233.92133705474566
2024,00-0036358,WR,1,pooled,212.9,280.00190699066184,21.66731691065083,1.0,148.33127254905958,0.0,23.47858866012139,0.11062378226361304,-67.10190699066183
2024,00-0036358,WR,1,position,212.9,280.00190699066184,21.696617065425897,1.0,142.61744136500462,0.0,21.968466168470535,0.10246353342487179,-67.10190699066183
2024,00-0036358,WR,1,position_rank,212.9,280.00190699066184,25.288492822751916,1.0,153.9512926525023,0.0,26.323330103507452,0.15892074506939372,-67.10190699066183
2024,00-0033040,WR,2,pooled,174.7,248.20434141247105,24.335361250282094,0.0,148.33127254905958,0.0,23.478588660121392,0.11062378226361304,-73.50434141247106
2024,00-0033040,WR,2,position,174.7,248.20434141247105,24.423910262392347,0.0,142.61744136500465,0.0,21.96846616847054,0.10246353342487179,-73.50434141247106
2024,00-0033040,WR,2,position_rank,174.7,248.20434141247105,27.815769568202917,1.0,153.95129265250233,0.0,26.323330103507452,0.15892074506939372,-73.50434141247106
2024,00-0036963,WR,3,pooled,247.98000000000002,229.6039579350076,8.45709746251346,1.0,148.33127254905958,18.37604206499242,23.478588660121392,0.11062378226361304,18.37604206499242
2024,00-0036963,WR,3,position,247.98000000000002,229.6039579350076,8.212633250622753,1.0,142.61744136500462,18.37604206499242,21.96846616847054,0.10246353342487179,18.37604206499242
2024,00-0036963,WR,3,position_rank,247.98000000000002,229.6039579350076,6.851090572910369,1.0,153.9512926525023,18.37604206499242,26.323330103507452,0.15892074506939372,18.37604206499242
2024,00-0036900,WR,4,pooled,318.90000000000003,216.40677583428027,37.434595113582304,0.0,148.33127254905958,102.49322416571977,23.478588660121392,0.4454207087180587,102.49322416571977
2024,00-0036900,WR,4,position,318.90000000000003,216.40677583428027,38.69267463491676,0.0,142.61744136500462,102.49322416571977,21.96846616847054,0.46226502225861865,102.49322416571977
2024,00-0036900,WR,4,position_rank,318.90000000000003,216.40677583428027,35.06629339057935,0.0,153.9512926525023,102.49322416571977,26.323330103507452,0.3616234477720964,102.49322416571977
2024,00-0038120,RB,2,pooled,195.70000000000002,241.05699895200388,13.89418876600647,1.0,148.33127254905958,0.0,23.478588660121392,0.11062378226361304,-45.35699895200386
2024,00-0038120,RB,2,position,195.70000000000002,241.05699895200388,13.705161514180224,1.0,156.69276475057757,0.0,25.31196560502132,0.1322314049586777,-45.35699895200386
2024,00-0038120,RB,2,position_rank,195.70000000000002,241.05699895200388,16.932845345670035,1.0,180.29866699463275,0.0,30.97675323435793,0.17122473246135553,-45.35699895200386
2024,00-0038542,RB,3,pooled,280.90000000000003,221.65710480066213,19.021052263652134,1.0,148.33127254905958,59.24289519933791,23.478588660121392,0.4454207087180587,59.24289519933791
2024,00-0038542,RB,3,position,280.90000000000003,221.65710480066213,19.049303030637713,1.0,156.69276475057757,59.24289519933791,25.31196560502132,0.4049586776859504,59.24289519933791
2024,00-0038542,RB,3,position_rank,280.90000000000003,221.65710480066213,16.23340191360038,1.0,180.29866699463275,59.24289519933791,30.976753234357933,0.3436385255648039,59.24289519933791
2024,00-0036322,WR,5,pooled,259.08,206.17024612563733,16.854451284055337,1.0,148.33127254905958,52.90975387436265,23.478588660121392,0.4454207087180587,52.90975387436265
2024,00-0036322,WR,5,position,259.08,206.17024612563733,17.07988041551153,1.0,142.61744136500462,52.90975387436265,21.968466168470535,0.46226502225861865,52.90975387436265
2024,00-0036322,WR,5,position_rank,259.08,206.17024612563733,13.878773733885456,1.0,153.9512926525023,52.90975387436265,26.323330103507452,0.3616234477720964,52.90975387436265
2024,00-0035676,WR,6,pooled,183.4,197.80639235681681,7.557500863650262,1.0,148.33127254905963,0.0,23.47858866012139,0.11062378226361304,-14.40639235681681
2024,00-0035676,WR,6,position,183.4,197.80639235681681,7.274416342419469,1.0,142.6174413650046,0.0,21.96846616847054,0.10246353342487179,-14.40639235681681
2024,00-0035676,WR,6,position_rank,183.4,197.80639235681681,9.310538191135624,1.0,153.95129265250227,0.0,26.323330103507452,0.15892074506939372,-14.40639235681681
2024,00-0037740,WR,7,pooled,194.3,190.7348547552785,7.149230456084083,1.0,148.33127254905958,3.5651452447215206,23.478588660121392,0.11062378226361304,3.5651452447215206
2024,00-0037740,WR,7,position,194.3,190.7348547552785,6.88222799642233,1.0,142.61744136500462,3.5651452447215206,21.968466168470535,0.10246353342487179,3.5651452447215206
2024,00-0037740,WR,7,position_rank,194.3,190.7348547552785,7.136500003270765,1.0,153.9512926525023,3.5651452447215206,26.323330103507452,0.15892074506939372,3.5651452447215206
2024,00-0039139,RB,4,pooled,293.40000000000003,207.89266084926209,29.603586619169043,0.0,148.33127254905958,85.50733915073795,23.478588660121392,0.4454207087180587,85.50733915073795
2024,00-0039139,RB,4,position,293.40000000000003,207.89266084926209,29.14037592053401,0.0,156.69276475057757,85.50733915073795,25.311965605021314,0.4049586776859504,85.50733915073795
2024,00-0039139,RB,4,position_rank,293.40000000000003,207.89266084926209,25.418711645925107,1.0,180.29866699463275,85.50733915073795,30.97675323435793,0.3436385255648039,85.50733915073795
2024,00-0036223,RB,5,pooled,211.2,197.21612866564607,7.888340807615717,1.0,148.33127254905958,13.983871334353921,23.478588660121392,0.11062378226361304,13.983871334353921
2024,00-0036223,RB,5,position,211.2,197.21612866564607,8.743188138067717,1.0,156.69276475057757,13.983871334353921,25.311965605021314,0.1322314049586777,13.983871334353921
2024,00-0036223,RB,5,position_rank,211.2,197.21612866564607,8.015018492515523,1.0,180.29866699463275,13.983871334353921,30.97675323435793,0.17122473246135553,13.983871334353921
2024,00-0039075,WR,8,pooled,167.1,184.60921025608945,7.918086862317541,1.0,148.33127254905958,0.0,23.478588660121392,0.11062378226361304,-17.50921025608946
2024,00-0039075,WR,8,position,167.1,184.60921025608945,7.649454151883927,1.0,142.61744136500462,0.0,21.96846616847054,0.10246353342487179,-17.50921025608946
2024,00-0039075,WR,8,position_rank,167.1,184.60921025608945,9.882109909422692,1.0,153.9512926525023,0.0,26.323330103507452,0.15892074506939372,-17.50921025608946
2024,00-0034844,RB,6,pooled,338.8,188.49276669792033,61.34159968176226,0.0,148.33127254905958,150.30723330207968,23.478588660121392,0.4454207087180587,150.30723330207968
2024,00-0034844,RB,6,position,338.8,188.49276669792033,60.56072355305502,0.0,156.69276475057757,150.30723330207968,25.311965605021314,0.4049586776859504,150.30723330207968
2024,00-0034844,RB,6,position_rank,338.8,188.49276669792033,55.82879222591939,0.0,180.29866699463275,150.30723330207968,30.97675323435793,0.3436385255648039,150.30723330207968
2024,00-0039849,WR,9,pooled,150.7,179.20600887935336,9.631964318850448,1.0,148.33127254905958,0.0,23.478588660121392,0.11062378226361304,-28.506008879353374
2024,00-0039849,WR,9,position,150.7,179.20600887935336,9.337123435786468,1.0,142.6174413650046,0.0,21.96846616847054,0.10246353342487179,-28.506008879353374
2024,00-0039849,WR,9,position_rank,150.7,179.20600887935336,12.47888470805143,1.0,153.9512926525023,0.0,26.323330103507452,0.15892074506939372,-28.506008879353374
2024,00-0031381,WR,10,pooled,181.0,174.37268054744652,7.3075603958946305,1.0,148.33127254905958,6.627319452553479,23.47858866012139,0.11062378226361304,6.627319452553479
2024,00-0031381,WR,10,position,181.0,174.37268054744652,7.052019375338124,1.0,142.6174413650046,6.627319452553479,21.96846616847054,0.10246353342487179,6.627319452553479
2024,00-0031381,WR,10,position_rank,181.0,174.37268054744652,6.974477389434088,1.0,153.9512926525023,6.627319452553479,26.323330103507452,0.15892074506939372,6.627319452553479
2024,00-0037238,WR,11,pooled,195.1,170.00040323377564,9.539972804758758,1.0,148.33127254905958,25.09959676622435,23.478588660121392,0.4454207087180587,25.09959676622435
2024,00-0037238,WR,11,position,195.1,170.00040323377564,9.330418423708274,1.0,142.6174413650046,25.09959676622435,21.96846616847054,0.46226502225861865,25.09959676622435
2024,00-0037238,WR,11,position_rank,195.1,170.00040323377564,7.307784697173813,1.0,153.9512926525023,25.09959676622435,26.323330103507452,0.3616234477720964,25.09959676622435
2024,00-0037239,WR,12,pooled,60.7,166.00882677862603,39.5265076871999,0.0,148.33127254905958,0.0,23.478588660121392,0.11062378226361304,-105.30882677862603
2024,00-0037239,WR,12,position,60.7,166.00882677862603,39.853379631469004,0.0,142.6174413650046,0.0,21.96846616847054,0.10246353342487179,-105.30882677862603
2024,00-0037239,WR,12,position_rank,60.7,166.00882677862603,41.67444770915045,0.0,153.9512926525023,0.0,26.323330103507452,0.15892074506939372,-105.30882677862603
2024,00-0036973,RB,7,pooled,103.2,181.11726924523097,26.30956580704311,0.0,148.33127254905958,0.0,23.478588660121392,0.11062378226361304,-77.91726924523097
2024,00-0036973,RB,7,position,103.2,181.11726924523097,25.269818597316863,0.0,156.6927647505776,0.0,25.31196560502132,0.1322314049586777,-77.91726924523097
2024,00-0036973,RB,7,position_rank,103.2,181.11726924523097,28.82602005977428,1.0,180.29866699463273,0.0,30.976753234357922,0.17122473246135553,-77.91726924523097
2024,00-0034857,QB,1,pooled,385.04,378.07751132361943,7.334021124091506,1.0,148.33127254905958,6.9624886763805875,23.47858866012139,0.11062378226361304,6.9624886763805875
2024,00-0034857,QB,1,position,385.04,378.07751132361943,10.036962707097263,1.0,214.5967145594729,6.9624886763805875,33.149956277028174,0.16416468489892982,6.9624886763805875
2024,00-0034857,QB,1,position_rank,385.04,378.07751132361943,8.145610265532977,1.0,173.19704220091086,6.9624886763805875,31.066360057451366,0.14792899408284024,6.9624886763805875
2024,00-0036613,WR,13,pooled,113.6,162.33693238492862,14.90869303800946,1.0,148.33127254905958,0.0,23.478588660121392,0.11062378226361304,-48.73693238492862
2024,00-0036613,WR,13,position,113.6,162.33693238492862,14.840089910144405,1.0,142.6174413650046,0.0,21.968466168470535,0.10246353342487179,-48.73693238492862
2024,00-0036613,WR,13,position_rank,113.6,162.33693238492862,18.438692140678675,1.0,153.9512926525023,0.0,26.323330103507452,0.15892074506939372,-48.73693238492862
2024,00-0036389,QB,2,pooled,320.12,338.42444752963263,8.02272334567848,1.0,148.33127254905958,0.0,23.47858866012139,0.11062378226361304,-18.304447529632625
2024,00-0036389,QB,2,position,320.12,338.42444752963263,11.196344175689864,1.0,214.59671455947293,0.0,33.149956277028174,0.16416468489892982,-18.304447529632625
2024,00-0036389,QB,2,position_rank,320.12,338.42444752963263,10.239763372653655,1.0,173.19704220091086,0.0,31.066360057451366,0.14792899408284024,-18.304447529632625
2024,00-0033908,WR,14,pooled,141.5,158.93728917708768,7.908623562448883,1.0,148.33127254905958,0.0,23.478588660121392,0.11062378226361304,-17.437289177087678
2024,00-0033908,WR,14,position,141.5,158.93728917708768,7.639990852015272,1.0,142.6174413650046,0.0,21.96846616847054,0.10246353342487179,-17.437289177087678
2024,00-0033908,WR,14,position_rank,141.5,158.93728917708768,9.868861289606576,1.0,153.9512926525023,0.0,26.323330103507452,0.15892074506939372,-17.437289177087678
2024,00-0036252,WR,15,pooled,121.1,155.7722970699831,11.037898853736525,1.0,148.33127254905958,0.0,23.478588660121392,0.11062378226361304,-34.6722970699831
2024,00-0036252,WR,15,position,121.1,155.7722970699831,10.717832553728666,1.0,142.6174413650046,0.0,21.96846616847054,0.10246353342487179,-34.6722970699831
2024,00-0036252,WR,15,position_rank,121.1,155.7722970699831,14.083860921834344,1.0,153.9512926525023,0.0,26.323330103507452,0.15892074506939372,-34.6722970699831
2024,00-0031408,WR,16,pooled,190.0,152.81164467789867,12.206986542942593,1.0,148.33127254905958,37.18835532210133,23.478588660121392,0.4454207087180587,37.18835532210133
2024,00-0031408,WR,16,position,190.0,152.81164467789867,12.124200540424493,1.0,142.6174413650046,37.18835532210133,21.96846616847054,0.46226502225861865,37.18835532210133
2024,00-0031408,WR,16,position_rank,190.0,152.81164467789867,9.477429222431635,1.0,153.9512926525023,37.18835532210133,26.323330103507452,0.3616234477720964,37.18835532210133
2024,00-0036554,WR,17,pooled,164.3,150.0305392475861,7.916757816121551,1.0,148.33127254905958,14.26946075241392,23.47858866012139,0.11062378226361304,14.26946075241392
2024,00-0036554,WR,17,position,164.3,150.0305392475861,7.6722936042308465,1.0,142.6174413650046,14.26946075241392,21.968466168470535,0.10246353342487179,14.26946075241392
2024,00-0036554,WR,17,position_rank,164.3,150.0305392475861,6.773368407858813,1.0,153.9512926525023,14.26946075241392,26.323330103507452,0.15892074506939372,14.26946075241392
2024,00-0039065,TE,1,pooled,134.8,189.9074187818732,17.088069963279967,1.0,148.33127254905963,0.0,23.478588660121392,0.11062378226361304,-55.10741878187318
2024,00-0039065,TE,1,position,134.8,189.9074187818732,18.092797076572037,0.0,111.57590796155569,0.0,16.555645253660632,0.06874628197501488,-55.10741878187318
2024,00-0039065,TE,1,position_rank,134.8,189.9074187818732,17.99023566742599,1.0,123.39148410475389,0.0,18.67290855165509,0.07006920415224914,-55.10741878187318
2024,00-0037197,RB,8,pooled,50.9,174.7283227465203,48.78625567114704,0.0,148.33127254905958,0.0,23.478588660121392,0.11062378226361304,-123.82832274652029
2024,00-0037197,RB,8,position,50.9,174.7283227465203,47.53873946250125,0.0,156.69276475057757,0.0,25.31196560502132,0.1322314049586777,-123.82832274652029
2024,00-0037197,RB,8,position_rank,50.9,174.7283227465203,49.627260861537536,0.0,180.29866699463275,0.0,30.97675323435793,0.17122473246135553,-123.82832274652029
2024,00-0039040,RB,9,pooled,242.8,169.09287254657858,24.524249174190178,1.0,148.33127254905958,73.70712745342144,23.478588660121392,0.4454207087180587,73.70712745342144
2024,00-0039040,RB,9,position,242.8,169.09287254657858,24.32500243842074,1.0,156.69276475057754,73.70712745342144,25.31196560502132,0.4049586776859504,73.70712745342144
2024,00-0039040,RB,9,position_rank,242.8,169.09287254657858,21.18169189526054,1.0,180.29866699463275,73.70712745342144,30.97675323435793,0.3436385255648039,73.70712745342144
2024,00-0033873,QB,3,pooled,293.52,315.22889217144655,8.470676588022423,1.0,148.33127254905958,0.0,23.47858866012139,0.11062378226361304,-21.708892171446564
2024,00-0033873,QB,3,position,293.52,315.22889217144655,11.641117503495567,1.0,214.59671455947293,0.0,33.149956277028174,0.16416468489892982,-21.708892171446564
2024,00-0033873,QB,3,position_rank,293.52,315.22889217144655,10.866897911935173,1.0,173.1970422009109,0.0,31.066360057451366,0.14792899408284024,-21.708892171446564
2024,00-0036261,WR,18,pooled,49.900000000000006,147.40844330116258,35.62631594846818,0.0,148.33127254905958,0.0,23.478588660121392,0.11062378226361304,-97.50844330116257
2024,00-0036261,WR,18,position,49.900000000000006,147.40844330116258,35.953187892737276,0.0,142.6174413650046,0.0,21.96846616847054,0.10246353342487179,-97.50844330116257
2024,00-0036261,WR,18,position_rank,49.900000000000006,147.40844330116258,38.18480246923259,0.0,153.9512926525023,0.0,26.323330103507452,0.15892074506939372,-97.50844330116257
2024,00-0030506,TE,2,pooled,146.9,163.3980239904335,7.785036037889123,1.0,148.33127254905958,0.0,23.478588660121392,0.11062378226361304,-16.498023990433495
2024,00-0030506,TE,2,position,146.9,163.3980239904335,5.877380511746075,1.0,111.57590796155566,0.0,16.555645253660632,0.06874628197501488,-16.498023990433495
2024,00-0030506,TE,2,position_rank,146.9,163.3980239904335,6.768791991116853,1.0,123.39148410475389,0.0,18.67290855165509,0.07006920415224914,-16.498023990433495
2024,00-0037840,RB,10,pooled,255.1,164.05179056290427,32.08239701043436,0.0,148.33127254905958,91.04820943709572,23.478588660121392,0.4454207087180587,91.04820943709572
2024,00-0037840,RB,10,position,255.1,164.05179056290427,31.619186311799318,0.0,156.69276475057754,91.04820943709572,25.31196560502132,0.4049586776859504,91.04820943709572
2024,00-0037840,RB,10,position_rank,255.1,164.05179056290427,27.605897285276857,1.0,180.29866699463275,91.04820943709572,30.97675323435793,0.3436385255648039,91.04820943709572
2024,00-0034796,QB,4,pooled,411.4,298.77138373564577,42.502291162899525,0.0,148.33127254905958,112.6286162643542,23.478588660121392,0.4454207087180587,112.6286162643542
2024,00-0034796,QB,4,position,411.4,298.77138373564577,36.17708164087525,0.0,214.59671455947293,112.6286162643542,33.149956277028174,0.353819857312723,112.6286162643542
2024,00-0034796,QB,4,position_rank,411.4,298.77138373564577,36.803421737046165,0.0,173.1970422009109,112.6286162643542,31.066360057451366,0.37869822485207105,112.6286162643542
2024,00-0032764,RB,11,pooled,297.8,159.49157721094303,55.34219442525091,0.0,148.33127254905958,138.30842278905698,23.478588660121392,0.4454207087180587,138.30842278905698
2024,00-0032764,RB,11,position,297.8,159.49157721094303,54.56131829654366,0.0,156.69276475057754,138.30842278905698,25.311965605021314,0.4049586776859504,138.30842278905698
2024,00-0032764,RB,11,position_rank,297.8,159.49157721094303,49.82938696940805,0.0,180.29866699463275,138.30842278905698,30.976753234357922,0.3436385255648039,138.30842278905698
2024,00-0035719,WR,19,pooled,130.1,144.92815331053848,7.590797781049343,1.0,148.33127254905958,0.0,23.478588660121392,0.11062378226361304,-14.828153310538482
2024,00-0035719,WR,19,position,130.1,144.92815331053848,7.30771325981855,1.0,142.6174413650046,0.0,21.96846616847054,0.10246353342487179,-14.828153310538482
2024,00-0035719,WR,19,position_rank,130.1,144.92815331053848,9.388230998400145,1.0,153.9512926525023,0.0,26.323330103507452,0.15892074506939372,-14.828153310538482
2024,00-0036912,WR,20,pooled,165.4,142.57511496925574,9.120946958749268,1.0,148.33127254905958,22.82488503074427,23.478588660121392,0.11062378226361304,22.82488503074427
2024,00-0036912,WR,20,position,165.4,142.57511496925574,8.911392577698786,1.0,142.6174413650046,22.82488503074427,21.96846616847054,0.10246353342487179,22.82488503074427
2024,00-0036912,WR,20,position_rank,165.4,142.57511496925574,7.125039807928647,1.0,153.9512926525023,22.82488503074427,26.323330103507452,0.15892074506939372,22.82488503074427
2024,00-0034827,WR,21,pooled,171.5,140.33690569962423,10.779951037797067,1.0,148.33127254905958,31.163094300375775,23.478588660121392,0.4454207087180587,31.163094300375775
2024,00-0034827,WR,21,position,171.5,140.33690569962423,10.597934302598441,1.0,142.6174413650046,31.163094300375775,21.96846616847054,0.46226502225861865,31.163094300375775
2024,00-0034827,WR,21,position_rank,171.5,140.33690569962423,8.231945735326983,1.0,153.9512926525023,31.163094300375775,26.323330103507452,0.3616234477720964,31.163094300375775
2024,00-0035640,WR,22,pooled,145.4,138.20283765558486,7.35254799262055,1.0,148.33127254905958,7.197162344415148,23.47858866012139,0.11062378226361304,7.197162344415148
2024,00-0035640,WR,22,position,145.4,138.20283765558486,7.097006972064044,1.0,142.6174413650046,7.197162344415148,21.96846616847054,0.10246353342487179,7.197162344415148
2024,00-0035640,WR,22,position_rank,145.4,138.20283765558486,6.95948152385878,1.0,153.9512926525023,7.197162344415148,26.323330103507452,0.15892074506939372,7.197162344415148
2024,00-0039337,WR,23,pooled,204.20000000000002,136.16364904592996,22.285784766551473,1.0,148.33127254905958,68.03635095407006,23.47858866012139,0.4454207087180587,68.03635095407006
2024,00-0039337,WR,23,position,204.20000000000002,136.16364904592996,22.618806777086412,1.0,142.6174413650046,68.03635095407006,21.968466168470535,0.46226502225861865,68.03635095407006
2024,00-0039337,WR,23,position_rank,204.20000000000002,136.16364904592996,19.17630562598516,1.0,153.9512926525023,68.03635095407006,26.323330103507452,0.3616234477720964,68.03635095407006
2024,00-0035700,RB,12,pooled,264.0,155.32842859517854,40.523768733133146,0.0,148.33127254905958,108.67157140482146,23.478588660121392,0.4454207087180587,108.67157140482146
2024,00-0035700,RB,12,position,264.0,155.32842859517854,39.7428926044259,0.0,156.69276475057754,108.67157140482146,25.311965605021314,0.4049586776859504,108.67157140482146
2024,00-0035700,RB,12,position_rank,264.0,155.32842859517854,35.166468467267066,0.0,180.29866699463275,108.67157140482146,30.976753234357922,0.3436385255648039,108.67157140482146
2024,00-0037256,RB,13,pooled,174.1,151.49870311349997,9.079759669020067,1.0,148.33127254905958,22.601296886500023,23.47858866012139,0.11062378226361304,22.601296886500023
2024,00-0037256,RB,13,position,174.1,151.49870311349997,9.642904412670783,1.0,156.69276475057754,22.601296886500023,25.311965605021314,0.1322314049586777,22.601296886500023
2024,00-0037256,RB,13,position_rank,174.1,151.49870311349997,8.306286188660367,1.0,180.29866699463275,22.601296886500023,30.976753234357922,0.17122473246135553,22.601296886500023
2024,00-0033906,RB,14,pooled,231.3,147.95293114248918,28.637149909041124,0.0,148.33127254905958,83.34706885751083,23.478588660121392,0.4454207087180587,83.34706885751083
2024,00-0033906,RB,14,position,231.3,147.95293114248918,28.173939210406083,0.0,156.69276475057754,83.34706885751083,25.31196560502132,0.4049586776859504,83.34706885751083
2024,00-0033906,RB,14,position_rank,231.3,147.95293114248918,24.56597337228282,1.0,180.29866699463273,83.34706885751083,30.976753234357922,0.3436385255648039,83.34706885751083
2024,00-0037248,RB,15,pooled,241.9,144.65189641156252,34.856033867613576,0.0,148.33127254905958,97.24810358843749,23.47858866012139,0.4454207087180587,97.24810358843749
2024,00-0037248,RB,15,position,241.9,144.65189641156252,34.39282316897853,0.0,156.69276475057754,97.24810358843749,25.311965605021314,0.4049586776859504,97.24810358843749
2024,00-0037248,RB,15,position_rank,241.9,144.65189641156252,30.055969707305806,0.0,180.29866699463275,97.24810358843749,30.976753234357922,0.3436385255648039,97.24810358843749
2024,00-0031588,WR,24,pooled,98.42,134.21126120043522,11.302916674106763,1.0,148.33127254905958,0.0,23.47858866012139,0.11062378226361304,-35.791261200435216
2024,00-0031588,WR,24,position,98.42,134.21126120043522,11.01218530371078,1.0,142.6174413650046,0.0,21.968466168470535,0.10246353342487179,-35.791261200435216
2024,00-0031588,WR,24,position_rank,98.42,134.21126120043522,14.407771591175745,1.0,153.9512926525023,0.0,26.323330103507452,0.15892074506939372,-35.791261200435216
2024,00-0031544,WR,25,pooled,100.7,132.3385852606128,10.319388162043559,1.0,148.33127254905958,0.0,23.478588660121392,0.11062378226361304,-31.6385852606128
2024,00-0031544,WR,25,position,100.7,132.3385852606128,9.9993218620357,1.0,142.6174413650046,0.0,21.96846616847054,0.10246353342487179,-31.6385852606128
2024,00-0031544,WR,25,position_rank,100.7,132.3385852606128,13.220810693086554,1.0,153.9512926525023,0.0,26.323330103507452,0.15892074506939372,-31.6385852606128
2024,00-0033897,RB,16,pooled,219.20000000000002,141.56398464377853,26.082204921622207,0.0,148.33127254905958,77.63601535622149,23.478588660121392,0.4454207087180587,77.63601535622149
2024,00-0033897,RB,16,position,219.20000000000002,141.56398464377853,25.875879242157602,1.0,156.69276475057754,77.63601535622149,25.31196560502132,0.4049586776859504,77.63601535622149
2024,00-0033897,RB,16,position_rank,219.20000000000002,141.56398464377853,22.52578512516582,1.0,180.29866699463273,77.63601535622149,30.976753234357922,0.3436385255648039,77.63601535622149
2024,00-0038134,RB,17,pooled,158.2,138.66333740512582,8.609810690129478,1.0,148.33127254905958,19.536662594874173,23.478588660121392,0.11062378226361304,19.536662594874173
2024,00-0038134,RB,17,position,158.2,138.66333740512582,9.239663058509485,1.0,156.69276475057754,19.536662594874173,25.31196560502132,0.1322314049586777,19.536662594874173
2024,00-0038134,RB,17,position_rank,158.2,138.66333740512582,8.161144578318686,1.0,180.29866699463273,19.536662594874173,30.976753234357922,0.17122473246135553,19.536662594874173
2024,00-0037744,TE,3,pooled,172.3,147.89102212062855,9.412753536127964,1.0,148.33127254905958,24.408977879371463,23.478588660121392,0.11062378226361304,24.408977879371463
2024,00-0037744,TE,3,position,172.3,147.89102212062855,8.589562101916957,1.0,111.57590796155569,24.408977879371463,16.555645253660632,0.06874628197501488,24.408977879371463
2024,00-0037744,TE,3,position_rank,172.3,147.89102212062855,8.166121626417626,1.0,123.39148410475389,24.408977879371463,18.67290855165509,0.07006920415224914,24.408977879371463
2024,00-0039067,WR,26,pooled,52.900000000000006,130.5393668067378,26.185241031927745,0.0,148.33127254905958,0.0,23.47858866012139,0.11062378226361304,-77.6393668067378
2024,00-0039067,WR,26,position,52.900000000000006,130.5393668067378,26.27379004403799,0.0,142.6174413650046,0.0,21.96846616847054,0.10246353342487179,-77.6393668067378
2024,00-0039067,WR,26,position_rank,52.900000000000006,130.5393668067378,29.448016434360834,1.0,153.9512926525023,0.0,26.323330103507452,0.15892074506939372,-77.6393668067378
2024,00-0039164,QB,5,pooled,174.86,286.00594845200055,42.445068523887166,0.0,148.33127254905958,0.0,23.47858866012139,0.11062378226361304,-111.14594845200054
2024,00-0039164,QB,5,position,174.86,286.00594845200055,40.08056315846013,1.0,214.59671455947293,0.0,33.149956277028174,0.16416468489892982,-111.14594845200054
2024,00-0039164,QB,5,position_rank,174.86,286.00594845200055,43.15269053521103,0.0,173.1970422009109,0.0,31.066360057451366,0.14792899408284024,-111.14594845200054
2024,00-0035659,WR,27,pooled,210.6,128.80805982369912,27.941434446394556,0.0,148.33127254905958,81.79194017630087,23.478588660121392,0.4454207087180587,81.79194017630087
2024,00-0035659,WR,27,position,210.6,128.80805982369912,28.515935556649836,0.0,142.6174413650046,81.79194017630087,21.968466168470535,0.46226502225861865,81.79194017630087
2024,00-0035659,WR,27,position_rank,210.6,128.80805982369912,25.0465766279491,0.0,153.9512926525023,81.79194017630087,26.323330103507452,0.3616234477720964,81.79194017630087
2024,00-0039064,WR,28,pooled,169.9,127.1397235988969,13.777528259722027,1.0,148.33127254905958,42.76027640110311,23.478588660121392,0.4454207087180587,42.76027640110311
2024,00-0039064,WR,28,position,169.9,127.1397235988969,13.737125063293433,1.0,142.6174413650046,42.76027640110311,21.96846616847054,0.46226502225861865,42.76027640110311
2024,00-0039064,WR,28,position_rank,169.9,127.1397235988969,10.940767096889275,1.0,153.9512926525023,42.76027640110311,26.323330103507452,0.3616234477720964,42.76027640110311
2024,00-0036410,WR,29,pooled,178.3,125.52993772048828,16.80666205423792,1.0,148.33127254905958,52.770062279511734,23.478588660121392,0.4454207087180587,52.770062279511734
2024,00-0036410,WR,29,position,178.3,125.52993772048828,17.03209118569411,1.0,142.6174413650046,52.770062279511734,21.96846616847054,0.46226502225861865,52.770062279511734
2024,00-0036410,WR,29,position_rank,178.3,125.52993772048828,13.838336693270719,1.0,153.9512926525023,52.770062279511734,26.323330103507452,0.3616234477720964,52.770062279511734
2024,00-0039163,QB,6,pooled,226.38,275.5758283774597,15.065683772296405,1.0,148.33127254905958,0.0,23.478588660121392,0.11062378226361304,-49.19582837745969
2024,00-0039163,QB,6,position,226.38,275.5758283774597,17.498842059959745,1.0,214.59671455947293,0.0,33.149956277028174,0.16416468489892982,-49.19582837745969
2024,00-0039163,QB,6,position_rank,226.38,275.5758283774597,17.275933087777247,1.0,173.1970422009109,0.0,31.066360057451366,0.14792899408284024,-49.19582837745969
2024,00-0035228,QB,7,pooled,280.36,266.7572875069063,7.858249320147805,1.0,148.33127254905958,13.60271249309369,23.47858866012139,0.11062378226361304,13.60271249309369
2024,00-0035228,QB,7,position,280.36,266.7572875069063,10.404783540686486,1.0,214.59671455947293,13.60271249309369,33.149956277028174,0.16416468489892982,13.60271249309369
2024,00-0035228,QB,7,position_rank,280.36,266.7572875069063,8.398455130911747,1.0,173.1970422009109,13.60271249309369,31.066360057451366,0.14792899408284024,13.60271249309369
2024,00-0037247,WR,30,pooled,134.4,123.97473149179228,7.607398479235752,1.0,148.33127254905958,10.425268508207722,23.478588660121392,0.11062378226361304,10.425268508207722
2024,00-0037247,WR,30,position,134.4,123.97473149179228,7.351857458679249,1.0,142.6174413650046,10.425268508207722,21.968466168470535,0.10246353342487179,10.425268508207722
2024,00-0037247,WR,30,position_rank,134.4,123.97473149179228,6.874531361653713,1.0,153.9512926525023,10.425268508207722,26.323330103507452,0.15892074506939372,10.425268508207722
2024,00-0034775,WR,31,pooled,57.400000000000006,122.47052492390429,20.865455568509695,1.0,148.33127254905958,0.0,23.478588660121392,0.11062378226361304,-65.07052492390429
2024,00-0034775,WR,31,position,57.400000000000006,122.47052492390429,20.894755723284756,1.0,142.6174413650046,0.0,21.968466168470535,0.10246353342487179,-65.07052492390429
2024,00-0034775,WR,31,position_rank,57.400000000000006,122.47052492390429,24.486631480610775,1.0,153.9512926525023,0.0,26.323330103507452,0.15892074506939372,-65.07052492390429
2024,00-0038977,WR,32,pooled,114.5,121.01407909970786,7.110953253728461,1.0,148.33127254905958,0.0,23.478588660121392,0.11062378226361304,-6.514079099707857
2024,00-0038977,WR,32,position,114.5,121.01407909970786,6.822384029538549,1.0,142.6174413650046,0.0,21.96846616847054,0.10246353342487179,-6.514079099707857
2024,00-0038977,WR,32,position_rank,114.5,121.01407909970786,8.110302752867208,1.0,153.9512926525023,0.0,26.323330103507452,0.15892074506939372,-6.514079099707857
2024,00-0034753,TE,4,pooled,147.9,136.8886291989938,7.653669712877736,1.0,148.33127254905958,11.011370801006194,23.478588660121392,0.11062378226361304,11.011370801006194
2024,00-0034753,TE,4,position,147.9,136.8886291989938,5.805507620521999,1.0,111.57590796155569,11.011370801006194,16.555645253660632,0.06874628197501488,11.011370801006194
2024,00-0034753,TE,4,position_rank,147.9,136.8886291989938,5.768282437167618,1.0,123.39148410475389,11.011370801006194,18.67290855165509,0.07006920415224914,11.011370801006194
2024,00-0036442,QB,8,pooled,367.84000000000003,259.11831994165897,40.54882305989296,0.0,148.33127254905958,108.72168005834106,23.478588660121392,0.4454207087180587,108.72168005834106
2024,00-0036442,QB,8,position,367.84000000000003,259.11831994165897,34.42924175923779,0.0,214.59671455947293,108.72168005834106,33.149956277028174,0.353819857312723,108.72168005834106
2024,00-0036442,QB,8,position_rank,367.84000000000003,259.11831994165897,34.997840592149124,0.0,173.1970422009109,108.72168005834106,31.066360057451366,0.37869822485207105,108.72168005834106
2024,00-0033553,RB,18,pooled,230.3,135.92853444383678,33.569116853175096,0.0,148.33127254905958,94.37146555616323,23.47858866012139,0.4454207087180587,94.37146555616323
2024,00-0033553,RB,18,position,230.3,135.92853444383678,33.105906154540044,0.0,156.69276475057754,94.37146555616323,25.31196560502132,0.4049586776859504,94.37146555616323
2024,00-0033553,RB,18,position_rank,230.3,135.92853444383678,28.91770891122456,1.0,180.29866699463275,94.37146555616323,30.976753234357922,0.3436385255648039,94.37146555616323
2024,00-0033293,RB,19,pooled,206.10000000000002,133.3416327629634,24.149738562459333,1.0,148.33127254905958,72.75836723703662,23.47858866012139,0.4454207087180587,72.75836723703662
2024,00-0033293,RB,19,position,206.10000000000002,133.3416327629634,23.950491826689895,1.0,156.69276475057754,72.75836723703662,25.31196560502132,0.4049586776859504,72.75836723703662
2024,00-0033293,RB,19,position_rank,206.10000000000002,133.3416327629634,20.857116031760473,1.0,180.29866699463275,72.75836723703662,30.976753234357922,0.3436385255648039,72.75836723703662
2024,00-0033921,WR,33,pooled,112.80000000000001,119.6024541781214,7.118542071581447,1.0,148.33127254905958,0.0,23.478588660121392,0.11062378226361304,-6.802454178121394
2024,00-0033921,WR,33,position,112.80000000000001,119.6024541781214,6.829972847391537,1.0,142.6174413650046,0.0,21.96846616847054,0.10246353342487179,-6.802454178121394
2024,00-0033921,WR,33,position_rank,112.80000000000001,119.6024541781214,6.755813425702495,1.0,132.23885320257904,0.0,23.112695500017043,0.1141344046749452,-6.802454178121394
2024,00-0036875,RB,20,pooled,159.4,130.88745246016248,10.168674263055923,1.0,148.33127254905958,28.512547539837527,23.478588660121392,0.4454207087180587,28.512547539837527
2024,00-0036875,RB,20,position,159.4,130.88745246016248,10.560269060487277,1.0,156.69276475057754,28.512547539837527,25.31196560502132,0.4049586776859504,28.512547539837527
2024,00-0036875,RB,20,position_rank,159.4,130.88745246016248,8.91175986998688,1.0,180.29866699463275,28.512547539837527,30.976753234357922,0.3436385255648039,28.512547539837527
2024,00-0033077,QB,9,pooled,124.52,252.3802730192736,50.8022308075237,0.0,148.33127254905958,0.0,23.478588660121392,0.11062378226361304,-127.8602730192736
2024,00-0033077,QB,9,position,124.52,252.3802730192736,47.36747318086845,0.0,214.59671455947293,0.0,33.149956277028174,0.16416468489892982,-127.8602730192736
2024,00-0033077,QB,9,position_rank,124.52,252.3802730192736,46.48094304535194,0.0,213.9647569706685,0.0,29.997428479055966,0.14792899408284024,-127.8602730192736
2024,00-0038933,TE,5,pooled,78.80000000000001,128.35451023716865,15.188390724302101,1.0,148.33127254905958,0.0,23.478588660121392,0.11062378226361304,-49.55451023716864
2024,00-0038933,TE,5,position,78.80000000000001,128.35451023716865,15.764577138382402,1.0,111.57590796155566,0.0,16.555645253660632,0.06874628197501488,-49.55451023716864
2024,00-0038933,TE,5,position_rank,78.80000000000001,128.35451023716865,16.090556428448114,1.0,123.39148410475389,0.0,18.67290855165509,0.07006920415224914,-49.55451023716864
2024,00-0035216,WR,34,pooled,70.4,118.2329736693953,14.610918289461887,1.0,148.33127254905958,0.0,23.478588660121392,0.11062378226361304,-47.8329736693953
2024,00-0035216,WR,34,position,70.4,118.2329736693953,14.530840875883007,1.0,142.6174413650046,0.0,21.96846616847054,0.10246353342487179,-47.8329736693953
2024,00-0035216,WR,34,position_rank,70.4,118.2329736693953,16.016089038788486,1.0,132.23885320257904,0.0,23.112695500017043,0.1141344046749452,-47.8329736693953
2024,00-0030279,WR,35,pooled,147.4,116.90319389025396,10.62214594001634,1.0,148.33127254905958,30.496806109746046,23.478588660121392,0.4454207087180587,30.496806109746046
2024,00-0030279,WR,35,position,147.4,116.90319389025396,10.440129204817714,1.0,142.6174413650046,30.496806109746046,21.96846616847054,0.46226502225861865,30.496806109746046
2024,00-0030279,WR,35,position_rank,147.4,116.90319389025396,9.831368863753594,1.0,132.23885320257904,30.496806109746046,23.112695500017043,0.4384587289992696,30.496806109746046
2024,00-0036264,QB,10,pooled,242.1,246.3528846580137,7.051448136841769,1.0,148.33127254905958,0.0,23.478588660121392,0.11062378226361304,-4.2528846580136985
2024,00-0036264,QB,10,position,242.1,246.3528846580137,10.263729121082628,1.0,214.59671455947293,0.0,33.149956277028174,0.16416468489892982,-4.2528846580136985
2024,00-0036264,QB,10,position_rank,242.1,246.3528846580137,9.220792444073789,1.0,213.9647569706685,0.0,29.997428479055966,0.14792899408284024,-4.2528846580136985
2024,00-0035685,RB,21,pooled,203.72,128.5530369911474,25.100500051334063,1.0,148.33127254905958,75.1669630088526,23.478588660121392,0.4454207087180587,75.1669630088526
2024,00-0035685,RB,21,position,203.72,128.5530369911474,24.901253315564624,1.0,156.69276475057754,75.1669630088526,25.31196560502132,0.4049586776859504,75.1669630088526
2024,00-0035685,RB,21,position_rank,203.72,128.5530369911474,21.68110932211857,1.0,180.29866699463275,75.1669630088526,30.976753234357922,0.3436385255648039,75.1669630088526
2024,00-0034837,WR,36,pooled,158.4,115.6108777229718,13.785878381700346,1.0,148.33127254905958,42.78912227702821,23.478588660121392,0.4454207087180587,42.78912227702821
2024,00-0034837,WR,36,position,158.4,115.6108777229718,13.745475185271749,1.0,142.6174413650046,42.78912227702821,21.96846616847054,0.46226502225861865,42.78912227702821
2024,00-0034837,WR,36,position_rank,158.4,115.6108777229718,12.94882932668461,1.0,132.23885320257904,42.78912227702821,23.112695500017043,0.4384587289992696,42.78912227702821
2024,00-0036275,RB,22,pooled,181.0,126.32723910820124,17.45758526370453,1.0,148.33127254905958,54.67276089179876,23.478588660121392,0.4454207087180587,54.67276089179876
2024,00-0036275,RB,22,position,181.0,126.32723910820124,17.485836030690113,1.0,156.69276475057754,54.67276089179876,25.31196560502132,0.4049586776859504,54.67276089179876
2024,00-0036275,RB,22,position_rank,181.0,126.32723910820124,14.854384093963937,1.0,180.29866699463275,54.67276089179876,30.976753234357922,0.3436385255648039,54.67276089179876
2024,00-0036893,RB,23,pooled,173.0,124.2003989153709,15.525753826005865,1.0,148.33127254905958,48.7996010846291,23.47858866012139,0.4454207087180587,48.7996010846291
2024,00-0036893,RB,23,position,173.0,124.2003989153709,15.690868709498186,1.0,156.69276475057754,48.7996010846291,25.31196560502132,0.4049586776859504,48.7996010846291
2024,00-0036893,RB,23,position_rank,173.0,124.2003989153709,13.154258886625353,1.0,180.29866699463275,48.7996010846291,30.976753234357922,0.3436385255648039,48.7996010846291
2024,00-0036997,RB,24,pooled,122.60000000000001,122.16409049243674,7.066882147211498,1.0,148.33127254905958,0.43590950756326663,23.478588660121392,0.11062378226361304,0.43590950756326663
2024,00-0036997,RB,24,position,122.60000000000001,122.16409049243674,7.877808727130422,1.0,156.69276475057754,0.43590950756326663,25.31196560502132,0.1322314049586777,0.43590950756326663
2024,00-0036997,RB,24,position_rank,122.60000000000001,122.16409049243674,8.377856892489586,1.0,180.29866699463275,0.43590950756326663,30.976753234357922,0.17122473246135553,0.43590950756326663
2024,00-0039910,QB,11,pooled,360.6,240.90044865885955,46.03775870129266,0.0,148.33127254905958,119.69955134114048,23.47858866012139,0.4454207087180587,119.69955134114048
2024,00-0039910,QB,11,position,360.6,240.90044865885955,39.68527892268592,0.0,214.59671455947293,119.69955134114048,33.149956277028174,0.353819857312723,119.69955134114048
2024,00-0039910,QB,11,position_rank,360.6,240.90044865885955,42.12539520561774,0.0,213.96475697066856,119.69955134114048,29.997428479055966,0.37869822485207105,119.69955134114048
2024,00-0033881,TE,6,pooled,66.0,121.38162732918886,17.181878150519545,1.0,148.33127254905958,0.0,23.47858866012139,0.11062378226361304,-55.38162732918886
2024,00-0033881,TE,6,position,66.0,121.38162732918886,18.215469321423793,0.0,111.57590796155566,0.0,16.555645253660632,0.06874628197501488,-55.38162732918886
2024,00-0033881,TE,6,position_rank,66.0,121.38162732918886,18.08404385466556,1.0,123.39148410475389,0.0,18.67290855165509,0.07006920415224914,-55.38162732918886
2024,00-0038040,RB,25,pooled,26.3,120.21092027654646,33.82755443616013,0.0,148.33127254905958,0.0,23.478588660121392,0.11062378226361304,-93.91092027654646
2024,00-0038040,RB,25,position,26.3,120.21092027654646,32.58003822751434,0.0,156.69276475057754,0.0,25.31196560502132,0.1322314049586777,-93.91092027654646
2024,00-0038040,RB,25,position_rank,26.3,120.21092027654646,33.37731922809788,0.0,158.36112975390785,0.0,25.762652776246885,0.13741082045184305,-93.91092027654646
2024,00-0031687,RB,26,pooled,61.400000000000006,118.33436501075815,17.713077883687983,1.0,148.33127254905958,0.0,23.478588660121392,0.11062378226361304,-56.93436501075814
2024,00-0031687,RB,26,position,61.400000000000006,118.33436501075815,17.090151271725286,1.0,156.69276475057754,0.0,25.311965605021314,0.1322314049586777,-56.93436501075814
2024,00-0031687,RB,26,position_rank,61.400000000000006,118.33436501075815,17.886165774756993,1.0,158.36112975390787,0.0,25.762652776246888,0.13741082045184305,-56.93436501075814
2024,00-0035261,RB,27,pooled,174.0,116.528640292495,18.415000648025085,1.0,148.33127254905958,57.471359707505,23.478588660121392,0.4454207087180587,57.471359707505
2024,00-0035261,RB,27,position,174.0,116.528640292495,18.443251415010668,1.0,156.69276475057754,57.471359707505,25.311965605021314,0.4049586776859504,57.471359707505
2024,00-0035261,RB,27,position_rank,174.0,116.528640292495,17.91818950670611,1.0,158.36112975390787,57.471359707505,25.762652776246888,0.3960315101070154,57.471359707505
2024,00-0037834,QB,12,pooled,278.86,235.92276458347285,13.828753237871092,1.0,148.33127254905963,42.93723541652716,23.478588660121392,0.4454207087180587,42.93723541652716
2024,00-0037834,QB,12,position,278.86,235.92276458347285,13.618657026320031,1.0,214.5967145594729,42.93723541652716,33.149956277028174,0.353819857312723,42.93723541652716
2024,00-0037834,QB,12,position_rank,278.86,235.92276458347285,13.891772206204985,1.0,213.96475697066853,42.93723541652716,29.997428479055966,0.37869822485207105,42.93723541652716
2024,00-0036970,TE,7,pooled,105.2,115.48613883335676,7.232217690745522,1.0,148.33127254905958,0.0,23.478588660121392,0.11062378226361304,-10.286138833356759
2024,00-0036970,TE,7,position,105.2,115.48613883335676,5.0633359349477445,1.0,111.57590796155569,0.0,16.555645253660632,0.06874628197501488,-10.286138833356759
2024,00-0036970,TE,7,position_rank,105.2,115.48613883335676,5.687514870571504,1.0,123.39148410475389,0.0,18.67290855165509,0.07006920415224914,-10.286138833356759
2024,00-0039146,WR,37,pooled,165.4,114.35397197054857,16.216860863427815,1.0,148.33127254905958,51.046028029451435,23.478588660121392,0.4454207087180587,51.046028029451435
2024,00-0039146,WR,37,position,165.4,114.35397197054857,16.442289994884007,1.0,142.6174413650046,51.046028029451435,21.96846616847054,0.46226502225861865,51.046028029451435
2024,00-0039146,WR,37,position_rank,165.4,114.35397197054857,15.338986255017652,1.0,132.23885320257904,51.046028029451435,23.112695500017043,0.4384587289992696,51.046028029451435
2024,00-0038543,WR,38,pooled,199.70000000000002,113.13058773234769,30.07872459252547,0.0,148.33127254905958,86.56941226765232,23.478588660121392,0.4454207087180587,86.56941226765232
2024,00-0038543,WR,38,position,199.70000000000002,113.13058773234769,30.730768685883042,0.0,142.6174413650046,86.56941226765232,21.96846616847054,0.46226502225861865,86.56941226765232
2024,00-0038543,WR,38,position_rank,199.70000000000002,113.13058773234769,29.183110690023955,0.0,132.23885320257904,86.56941226765232,23.112695500017043,0.4384587289992696,86.56941226765232
2024,00-0037746,RB,28,pooled,147.70000000000002,114.78859303974738,11.194025088820531,1.0,148.33127254905958,32.911406960252634,23.478588660121392,0.4454207087180587,32.911406960252634
2024,00-0037746,RB,28,position,147.70000000000002,114.78859303974738,11.537863735837455,1.0,156.69276475057754,32.911406960252634,25.31196560502132,0.4049586776859504,32.911406960252634
2024,00-0037746,RB,28,position_rank,147.70000000000002,114.78859303974738,11.619683308321804,1.0,158.36112975390787,32.911406960252634,25.762652776246888,0.3960315101070154,32.911406960252634
2024,00-0037228,RB,29,pooled,103.0,113.10961283564083,7.218281427767947,1.0,148.33127254905958,0.0,23.478588660121392,0.11062378226361304,-10.109612835640831
2024,00-0037228,RB,29,position,103.0,113.10961283564083,7.9234032576313425,1.0,156.69276475057754,0.0,25.31196560502132,0.1322314049586777,-10.109612835640831
2024,00-0037228,RB,29,position_rank,103.0,113.10961283564083,7.62533544466724,1.0,158.36112975390787,0.0,25.762652776246888,0.13741082045184305,-10.109612835640831
2024,00-0033288,TE,8,pooled,193.9,110.37923440755412,28.714856343091014,0.0,148.33127254905958,83.52076559244588,23.478588660121392,0.4454207087180587,83.52076559244588
2024,00-0033288,TE,8,position,193.9,110.37923440755412,32.495755379369754,0.0,111.57590796155566,83.52076559244588,16.555645253660632,0.5443560380725758,83.52076559244588
2024,00-0033288,TE,8,position_rank,193.9,110.37923440755412,31.1759837160736,0.0,123.39148410475389,83.52076559244588,18.67290855165509,0.5406574394463669,83.52076559244588
2024,00-0039918,QB,13,pooled,249.62,231.34373911436805,8.44396835996603,1.0,148.33127254905958,18.276260885631956,23.478588660121392,0.11062378226361304,18.276260885631956
2024,00-0039918,QB,13,position,249.62,231.34373911436805,10.773747887465824,1.0,214.5967145594729,18.276260885631956,33.149956277028174,0.16416468489892982,18.276260885631956
2024,00-0039918,QB,13,position_rank,249.62,231.34373911436805,10.063659429126574,1.0,213.96475697066853,18.276260885631956,29.997428479055966,0.14792899408284024,18.276260885631956
2024,00-0036212,QB,14,pooled,188.57999999999998,227.10422371291952,11.95019726916884,1.0,148.33127254905958,0.0,23.478588660121392,0.11062378226361304,-38.524223712919536
2024,00-0036212,QB,14,position,188.57999999999998,227.10422371291952,14.6576201749557,1.0,214.59671455947293,0.0,33.149956277028174,0.16416468489892982,-38.524223712919536
2024,00-0036212,QB,14,position_rank,188.57999999999998,227.10422371291952,14.068634332359776,1.0,213.96475697066856,0.0,29.997428479055966,0.14792899408284024,-38.524223712919536
2024,00-0039032,RB,30,pooled,98.60000000000001,111.48755830882072,7.437592912492676,1.0,148.33127254905958,0.0,23.478588660121392,0.11062378226361304,-12.887558308820715
2024,00-0039032,RB,30,position,98.60000000000001,111.48755830882072,8.109784301192011,1.0,156.69276475057754,0.0,25.31196560502132,0.1322314049586777,-12.887558308820715
2024,00-0039032,RB,30,position_rank,98.60000000000001,111.48755830882072,7.832010599387596,1.0,158.36112975390785,0.0,25.762652776246888,0.13741082045184305,-12.887558308820715
2024,00-0035250,RB,31,pooled,83.9,109.91869558971942,9.17377502865472,1.0,148.33127254905958,0.0,23.478588660121392,0.11062378226361304,-26.018695589719414
2024,00-0035250,RB,31,position,83.9,109.91869558971942,9.521780891339926,1.0,156.69276475057754,0.0,25.311965605021314,0.1322314049586777,-26.018695589719414
2024,00-0035250,RB,31,position_rank,83.9,109.91869558971942,9.335034329789899,1.0,158.36112975390787,0.0,25.762652776246888,0.13741082045184305,-26.018695589719414
2024,00-0030564,WR,39,pooled,119.0,111.93898332927438,7.341799649960852,1.0,148.33127254905958,7.061016670725621,23.478588660121392,0.11062378226361304,7.061016670725621
2024,00-0030564,WR,39,position,119.0,111.93898332927438,7.086258629404347,1.0,142.6174413650046,7.061016670725621,21.96846616847054,0.10246353342487179,7.061016670725621
2024,00-0030564,WR,39,position_rank,119.0,111.93898332927438,6.8037629825271955,1.0,132.23885320257904,7.061016670725621,23.112695500017043,0.1141344046749452,7.061016670725621
2024,00-0033106,QB,15,pooled,324.72,223.15732929982764,36.96931838080862,0.0,148.33127254905958,101.56267070017239,23.478588660121392,0.4454207087180587,101.56267070017239
2024,00-0033106,QB,15,position,324.72,223.15732929982764,31.226527046372865,0.0,214.5967145594729,101.56267070017239,33.149956277028174,0.353819857312723,101.56267070017239
2024,00-0033106,QB,15,position_rank,324.72,223.15732929982764,33.60758656455849,0.0,213.96475697066853,101.56267070017239,29.997428479055966,0.37869822485207105,101.56267070017239
2024,00-0038041,TE,9,pooled,72.7,105.87462545938389,10.683187156489344,1.0,148.33127254905958,0.0,23.478588660121392,0.11062378226361304,-33.17462545938389
2024,00-0038041,TE,9,position,72.7,105.87462545938389,9.990722879331974,1.0,111.57590796155569,0.0,16.555645253660632,0.06874628197501488,-33.17462545938389
2024,00-0038041,TE,9,position_rank,72.7,105.87462545938389,11.155950659975504,1.0,123.39148410475387,0.0,18.67290855165509,0.07006920415224914,-33.17462545938389
2024,00-0039919,WR,40,pooled,115.1,110.77754939106495,7.169159544616019,1.0,148.33127254905958,4.322450608935043,23.478588660121392,0.11062378226361304,4.322450608935043
2024,00-0039919,WR,40,position,115.1,110.77754939106495,6.902157084954266,1.0,142.6174413650046,4.322450608935043,21.96846616847054,0.10246353342487179,4.322450608935043
2024,00-0039919,WR,40,position_rank,115.1,110.77754939106495,6.7316954545853385,1.0,132.23885320257904,4.322450608935043,23.112695500017043,0.1141344046749452,4.322450608935043
2024,00-0036971,QB,16,pooled,152.2,219.4652561476721,21.73179684104963,1.0,148.33127254905958,0.0,23.478588660121392,0.11062378226361304,-67.26525614767212
2024,00-0036971,QB,16,position,152.2,219.4652561476721,23.41879502938329,1.0,214.59671455947293,0.0,33.149956277028174,0.16416468489892982,-67.26525614767212
2024,00-0036971,QB,16,position_rank,152.2,219.4652561476721,22.959232620194204,1.0,213.96475697066856,0.0,29.997428479055966,0.14792899408284024,-67.26525614767212
2024,00-0034348,WR,41,pooled,181.5,109.64479578525078,23.793226843135358,1.0,148.33127254905958,71.85520421474922,23.478588660121392,0.4454207087180587,71.85520421474922
2024,00-0034348,WR,41,position,181.5,109.64479578525078,24.12624885367029,1.0,142.6174413650046,71.85520421474922,21.96846616847054,0.46226502225861865,71.85520421474922
2024,00-0034348,WR,41,position_rank,181.5,109.64479578525078,22.49709604292487,1.0,132.23885320257904,71.85520421474922,23.112695500017043,0.4384587289992696,71.85520421474922
2024,00-0033885,TE,10,pooled,116.5,101.84511544572896,7.967471474260646,1.0,148.33127254905958,14.654884554271035,23.478588660121392,0.11062378226361304,14.654884554271035
2024,00-0033885,TE,10,position,116.5,101.84511544572896,6.4192666588072775,1.0,111.57590796155569,14.654884554271035,16.555645253660632,0.06874628197501488,14.654884554271035
2024,00-0033885,TE,10,position_rank,116.5,101.84511544572896,6.198055422046143,1.0,123.39148410475389,14.654884554271035,18.67290855165509,0.07006920415224914,14.654884554271035
2024,00-0039894,WR,42,pooled,157.7,108.53934012143344,15.630270845303546,1.0,148.33127254905958,49.16065987856655,23.478588660121392,0.4454207087180587,49.16065987856655
2024,00-0039894,WR,42,position,157.7,108.53934012143344,15.797295627476016,1.0,142.6174413650046,49.16065987856655,21.96846616847054,0.46226502225861865,49.16065987856655
2024,00-0039894,WR,42,position_rank,157.7,108.53934012143344,14.793221790287811,1.0,132.23885320257904,49.16065987856655,23.112695500017043,0.4384587289992696,49.16065987856655
2024,00-0038597,RB,32,pooled,228.0,108.39964654103673,45.988159760204056,0.0,148.33127254905958,119.60035345896327,23.478588660121392,0.4454207087180587,119.60035345896327
2024,00-0038597,RB,32,position,228.0,108.39964654103673,45.20728363149681,0.0,156.69276475057754,119.60035345896327,25.31196560502132,0.4049586776859504,119.60035345896327
2024,00-0038597,RB,32,position_rank,228.0,108.39964654103673,44.08407957733838,0.0,158.36112975390787,119.60035345896327,25.762652776246888,0.3960315101070154,119.60035345896327
2024,00-0039915,WR,43,pooled,185.9,107.45989760839649,26.441928069029952,0.0,148.33127254905958,78.44010239160352,23.478588660121392,0.4454207087180587,78.44010239160352
2024,00-0039915,WR,43,position,185.9,107.45989760839649,27.016429179285236,0.0,142.6174413650046,78.44010239160352,21.96846616847054,0.46226502225861865,78.44010239160352
2024,00-0039915,WR,43,position_rank,185.9,107.45989760839649,25.375049724482746,0.0,132.23885320257904,78.44010239160352,23.112695500017043,0.4384587289992696,78.44010239160352
2024,00-0033699,RB,33,pooled,110.6,106.92734495685949,7.1520596613056355,1.0,148.33127254905958,3.6726550431405087,23.478588660121392,0.11062378226361304,3.6726550431405087
2024,00-0033699,RB,33,position,110.6,106.92734495685949,7.962986241224561,1.0,156.69276475057754,3.6726550431405087,25.31196560502132,0.1322314049586777,3.6726550431405087
2024,00-0033699,RB,33,position_rank,110.6,106.92734495685949,7.956205441245306,1.0,158.36112975390785,3.6726550431405087,25.762652776246888,0.13741082045184305,3.6726550431405087
2024,00-0039338,TE,11,pooled,193.70000000000002,98.19998024942784,34.07399636120015,0.0,148.33127254905958,95.50001975057218,23.478588660121392,0.4454207087180587,95.50001975057218
2024,00-0039338,TE,11,position,193.70000000000002,98.19998024942784,38.4853824584329,0.0,111.57590796155569,95.50001975057218,16.555645253660632,0.5443560380725758,95.50001975057218
2024,00-0039338,TE,11,position_rank,193.70000000000002,98.19998024942784,37.16561079513674,0.0,123.39148410475387,95.50001975057218,18.67290855165509,0.5406574394463669,95.50001975057218
2024,00-0038124,WR,44,pooled,90.8,106.40527207739407,7.667568680910253,1.0,148.33127254905958,0.0,23.478588660121392,0.11062378226361304,-15.605272077394076
2024,00-0038124,WR,44,position,90.8,106.40527207739407,7.39893597047664,1.0,142.6174413650046,0.0,21.968466168470535,0.10246353342487179,-15.605272077394076
2024,00-0038124,WR,44,position_rank,90.8,106.40527207739407,7.355620298904331,1.0,132.23885320257904,0.0,23.112695500017043,0.1141344046749452,-15.605272077394076
2024,00-0039893,WR,45,pooled,226.7,105.37434801432886,46.850809023557986,0.0,148.33127254905958,121.32565198567113,23.478588660121392,0.4454207087180587,121.32565198567113
2024,00-0039893,WR,45,position,226.7,105.37434801432886,48.10888854489245,0.0,142.6174413650046,121.32565198567113,21.96846616847054,0.46226502225861865,121.32565198567113
2024,00-0039893,WR,45,position_rank,226.7,105.37434801432886,46.561230549033354,0.0,132.23885320257904,121.32565198567113,23.112695500017043,0.4384587289992696,121.32565198567113
2024,00-0036251,RB,34,pooled,70.4,105.49899930238402,11.13895990877885,1.0,148.33127254905958,0.0,23.478588660121392,0.11062378226361304,-35.098999302384016
2024,00-0036251,RB,34,position,70.4,105.49899930238402,11.148454651954475,1.0,156.69276475057754,0.0,25.31196560502132,0.1322314049586777,-35.098999302384016
2024,00-0036251,RB,34,position_rank,70.4,105.49899930238402,11.34766945106176,1.0,158.36112975390787,0.0,25.762652776246888,0.13741082045184305,-35.098999302384016
2024,00-0035662,WR,46,pooled,13.600000000000001,104.36608346773914,32.25513603175646,0.0,148.33127254905958,0.0,23.478588660121392,0.11062378226361304,-90.76608346773915
2024,00-0035662,WR,46,position,13.600000000000001,104.36608346773914,32.58200797602556,0.0,142.6174413650046,0.0,21.96846616847054,0.10246353342487179,-90.76608346773915
2024,00-0035662,WR,46,position_rank,13.600000000000001,104.36608346773914,35.41598724420471,0.0,132.23885320257904,0.0,23.112695500017043,0.1141344046749452,-90.76608346773915
2024,00-0038994,WR,47,pooled,180.5,103.37950371955466,25.871631605910146,1.0,148.33127254905958,77.12049628044534,23.478588660121392,0.4454207087180587,77.12049628044534
2024,00-0038994,WR,47,position,180.5,103.37950371955466,26.426079076924992,0.0,142.6174413650046,77.12049628044534,21.968466168470535,0.46226502225861865,77.12049628044534
2024,00-0038994,WR,47,position_rank,180.5,103.37950371955466,24.784699622122506,0.0,132.23885320257904,77.12049628044534,23.112695500017043,0.4384587289992696,77.12049628044534
2024,00-0034351,TE,12,pooled,75.1,94.87223253774916,8.215852952009604,1.0,148.33127254905958,0.0,23.478588660121392,0.11062378226361304,-19.77223253774916
2024,00-0034351,TE,12,position,75.1,94.87223253774916,6.527224331450346,1.0,111.57590796155569,0.0,16.555645253660632,0.06874628197501488,-19.77223253774916
2024,00-0034351,TE,12,position_rank,75.1,94.87223253774916,7.542091537839483,1.0,123.39148410475387,0.0,18.67290855165509,0.07006920415224914,-19.77223253774916
2024,00-0029604,QB,17,pooled,192.32,215.99708652396905,8.742425990227023,1.0,148.33127254905958,0.0,21.82446886759269,0.09245337809261363,-23.677086523969052
2024,00-0029604,QB,17,position,192.32,215.99708652396905,11.900090444616945,1.0,214.5967145594729,0.0,31.314636409332735,0.15725326991676578,-23.677086523969052
2024,00-0029604,QB,17,position_rank,192.32,215.99708652396905,10.567807329465081,1.0,180.37686051920713,0.0,28.68886706634799,0.14792899408284024,-23.677086523969052
2024,00-0036355,QB,18,pooled,260.36,212.7272092252868,15.187992946819685,1.0,148.33127254905958,40.894743852327906,20.35049529792518,0.5169467937309695,47.632790774713214
2024,00-0036355,QB,18,position,260.36,212.7272092252868,14.415332981335379,1.0,214.59671455947293,40.894743852327906,29.659669389071425,0.38525564803804996,47.632790774713214
2024,00-0036355,QB,18,position_rank,260.36,212.7272092252868,14.483756665853186,1.0,180.37686051920707,40.894743852327906,27.120173481995362,0.37869822485207105,47.632790774713214
2024,00-0037267,RB,35,pooled,115.5,104.11206085613136,7.683398792577407,1.0,148.33127254905958,11.387939143868635,23.478588660121392,0.11062378226361304,11.387939143868635
2024,00-0037267,RB,35,position,115.5,104.11206085613136,8.538246123029404,1.0,156.69276475057754,11.387939143868635,25.31196560502132,0.1322314049586777,11.387939143868635
2024,00-0037267,RB,35,position_rank,115.5,104.11206085613136,8.565306817618577,1.0,158.36112975390787,11.387939143868635,25.762652776246888,0.13741082045184305,11.387939143868635
2024,00-0039344,RB,36,pooled,6.000000000000001,102.76419634109499,35.25419246843438,0.0,148.33127254905958,0.0,23.478588660121392,0.11062378226361304,-96.76419634109499
2024,00-0039344,RB,36,position,6.000000000000001,102.76419634109499,34.0066762597886,0.0,156.69276475057754,0.0,25.31196560502132,0.1322314049586777,-96.76419634109499
2024,00-0039344,RB,36,position_rank,6.000000000000001,102.76419634109499,34.80395726037214,0.0,158.36112975390785,0.0,25.762652776246888,0.13741082045184305,-96.76419634109499
2024,00-0026498,QB,19,pooled,222.58,209.6341706408091,7.806390125366005,1.0,148.33127254905958,3.114743852327905,19.032446207184897,0.0711501456162695,12.945829359190924
2024,00-0026498,QB,19,position,222.58,209.6341706408091,10.352924345904688,1.0,214.59671455947293,3.114743852327905,28.19420941519369,0.13741082045184305,12.945829359190924
2024,00-0026498,QB,19,position_rank,222.58,209.6341706408091,10.146790497638772,1.0,180.37686051920713,3.114743852327905,25.773024254660374,0.1335059171597633,12.945829359190924
2024,00-0032211,WR,48,pooled,92.7,102.4136956222444,7.195153688532052,1.0,148.33127254905958,0.0,23.478588660121385,0.11062378226361304,-9.713695622244401
2024,00-0032211,WR,48,position,92.7,102.4136956222444,6.906584464342142,1.0,142.6174413650046,0.0,21.968466168470528,0.10246353342487179,-9.713695622244401
2024,00-0032211,WR,48,position_rank,92.7,102.4136956222444,6.860624612854602,1.0,132.23885320257904,0.0,23.112695500017036,0.1141344046749452,-9.713695622244401
2024,00-0036894,TE,13,pooled,119.3,91.81100139174717,9.980125775658742,1.0,148.33127254905958,27.488998608252828,23.478588660121392,0.4454207087180587,27.488998608252828
2024,00-0036894,TE,13,position,119.3,91.81100139174717,9.379281735082468,1.0,111.57590796155569,27.488998608252828,16.555645253660632,0.5443560380725758,27.488998608252828
2024,00-0036894,TE,13,position_rank,119.3,91.81100139174717,8.273375349826257,1.0,110.55665900055575,27.488998608252828,18.957209868864282,0.4576124567474049,27.488998608252828
2024,00-0034960,WR,49,pooled,151.70000000000002,101.46780251989512,15.940452782590963,1.0,148.33127254905958,49.2863043777556,23.020942566377858,0.4572194220895724,50.2321974801049
2024,00-0034960,WR,49,position,151.70000000000002,101.46780251989512,16.163874280633873,1.0,142.6174413650046,49.2863043777556,21.515274890992487,0.4724430296350571,50.2321974801049
2024,00-0034960,WR,49,position_rank,151.70000000000002,101.46780251989512,15.103403727575232,1.0,132.23885320257904,49.2863043777556,22.645608253113416,0.4657140248356465,50.2321974801049
2024,00-0037240,WR,50,pooled,176.8,100.54101968242202,25.531559515304615,1.0,148.33127254905958,74.3863043777556,22.577054535030825,0.4631766156055817,76.258980317578
2024,00-0037240,WR,50,position,176.8,100.54101968242202,26.040664040905398,0.0,142.6174413650046,74.3863043777556,21.07542799162442,0.4758603279374912,76.258980317578
2024,00-0037240,WR,50,position_rank,176.8,100.54101968242202,24.399284586102905,0.0,132.23885320257904,74.3863043777556,22.18847888057601,0.4657140248356465,76.258980317578
2024,00-0034383,TE,14,pooled,87.30000000000001,88.97674404191707,7.011286001172541,1.0,148.33127254905958,0.0,23.478588660121392,0.11062378226361304,-1.6767440419170612
2024,00-0034383,TE,14,position,87.30000000000001,88.97674404191707,4.792661860799338,1.0,111.57590796155566,0.0,16.555645253660632,0.06874628197501488,-1.6767440419170612
2024,00-0034383,TE,14,position_rank,87.30000000000001,88.97674404191707,5.291407608700895,1.0,110.55665900055573,0.0,18.957209868864282,0.10467128027681662,-1.6767440419170612
2024,00-0034184,RB,37,pooled,62.6,101.45326430656104,12.028127936083928,1.0,148.33127254905958,0.0,23.478588660121392,0.11062378226361304,-38.85326430656104
2024,00-0034184,RB,37,position,62.6,101.45326430656104,12.03384695612857,1.0,156.69276475057754,0.0,25.31196560502132,0.1322314049586777,-38.85326430656104
2024,00-0034184,RB,37,position_rank,62.6,101.45326430656104,12.351654891280447,1.0,158.36112975390785,0.0,25.762652776246888,0.13741082045184305,-38.85326430656104
2024,00-0039901,WR,51,pooled,92.0,99.63259019193188,7.140387756155407,1.0,148.33127254905958,0.0,22.146662983605488,0.09582116852085922,-7.632590191931882
2024,00-0039901,WR,51,position,92.0,99.63259019193188,6.851818531965497,1.0,142.6174413650046,0.0,20.65290232117505,0.09164516744761683,-7.632590191931882
2024,00-0039901,WR,51,position_rank,92.0,99.63259019193188,6.777659110276455,1.0,132.23885320257904,0.0,21.74996520291221,0.10084915997078157,-7.632590191931882
2024,00-0023459,QB,20,pooled,241.62,206.6998208640269,11.669786919912225,1.0,148.33127254905958,22.154743852327897,17.832831209875255,0.06374100667412923,34.920179135973115
2024,00-0023459,QB,20,position,241.62,206.6998208640269,12.563781199931336,1.0,214.59671455947293,22.154743852327897,26.899515461571635,0.13741082045184305,34.920179135973115
2024,00-0023459,QB,20,position_rank,241.62,206.6998208640269,12.519437136305038,1.0,180.37686051920707,22.154743852327897,24.5315685798679,0.1335059171597633,34.920179135973115
2024,00-0036988,WR,52,pooled,87.9,98.74180122854702,7.27608577457633,1.0,148.33127254905958,0.0,21.72987438053714,0.09178704961074609,-10.841801228547013
2024,00-0036988,WR,52,position,87.9,98.74180122854702,6.99300125334554,1.0,142.6174413650046,0.0,20.2416105764563,0.08719344371309472,-10.841801228547013
2024,00-0036988,WR,52,position_rank,87.9,98.74180122854702,6.949685581773228,1.0,132.23885320257904,0.0,21.322627254261363,0.10084915997078157,-10.841801228547013
2024,00-0033045,RB,38,pooled,51.5,100.1772946602216,14.888290658504431,1.0,148.33127254905958,0.0,23.478588660121392,0.11062378226361304,-48.677294660221605
2024,00-0033045,RB,38,position,51.5,100.1772946602216,14.666299745506409,1.0,156.69276475057754,0.0,25.31196560502132,0.1322314049586777,-48.677294660221605
2024,00-0033045,RB,38,position_rank,51.5,100.1772946602216,15.19545315155061,1.0,158.36112975390785,0.0,25.762652776246888,0.13741082045184305,-48.677294660221605
2024,00-0033537,QB,21,pooled,79.72,203.90866835473344,48.966428475253615,0.0,148.33127254905958,0.0,16.721700657725943,0.05778983782793785,-124.18866835473344
2024,00-0033537,QB,21,position,79.72,203.90866835473344,45.72491319936365,0.0,214.59671455947293,0.0,25.68442829002922,0.13741082045184305,-124.18866835473344
2024,00-0033537,QB,21,position_rank,79.72,203.90866835473344,45.810300027542915,0.0,180.37686051920713,0.0,23.3506963643976,0.1335059171597633,-124.18866835473344
2024,00-0039165,RB,39,pooled,156.8,98.93447085941642,18.549848085657235,1.0,148.33127254905958,57.86552914058359,23.478588660121392,0.4454207087180587,57.86552914058359
2024,00-0039165,RB,39,position,156.8,98.93447085941642,18.578098852642814,1.0,156.69276475057754,57.86552914058359,25.31196560502132,0.4049586776859504,57.86552914058359
2024,00-0039165,RB,39,position_rank,156.8,98.93447085941642,18.032291184702544,1.0,158.36112975390785,57.86552914058359,25.762652776246888,0.3960315101070154,57.86552914058359
2024,00-0037816,WR,53,pooled,109.1,97.86798071002809,7.671089330427664,1.0,148.33127254905958,6.686304377755576,21.327439794014296,0.0871902265396345,11.232019289971902
2024,00-0037816,WR,53,position,109.1,97.86798071002809,7.41554830987116,1.0,142.6174413650046,6.686304377755576,19.84252911557337,0.08143021630574658,11.232019289971902
2024,00-0037816,WR,53,position_rank,109.1,97.86798071002809,7.02994825629369,1.0,132.23885320257904,6.686304377755576,20.903659672725592,0.09244886778670562,11.232019289971902
2024,00-0036555,RB,40,pooled,220.10000000000002,97.72311435742068,47.37642585201208,0.0,148.33127254905958,122.37688564257932,23.478588660121385,0.4454207087180587,122.37688564257934
2024,00-0036555,RB,40,position,220.10000000000002,97.72311435742068,46.595549723304835,0.0,156.69276475057754,122.37688564257932,25.31196560502131,0.4049586776859504,122.37688564257934
2024,00-0036555,RB,40,position_rank,220.10000000000002,97.72311435742068,45.47234566914641,0.0,158.36112975390785,122.37688564257932,25.76265277624688,0.3960315101070154,122.37688564257934
2024,00-0034791,RB,41,pooled,60.8,96.5416709705695,11.291171619664883,1.0,148.33127254905958,0.0,22.907433702605807,0.10485937818177875,-35.7416709705695
2024,00-0034791,RB,41,position,60.8,96.5416709705695,11.29689063970952,1.0,156.69276475057754,0.0,24.742933198313835,0.1184432450666217,-35.7416709705695
2024,00-0034791,RB,41,position_rank,60.8,96.5416709705695,11.499881161947796,1.0,158.36112975390785,0.0,25.206172408527763,0.11890606420927469,-35.7416709705695
2024,00-0030565,QB,22,pooled,254.68,201.2473848648727,17.03332487326429,1.0,148.33127254905958,35.2147438523279,15.70295125448048,0.5988823032553701,53.43261513512729
2024,00-0030565,QB,22,position,254.68,201.2473848648727,15.483721679306392,1.0,214.5967145594729,35.2147438523279,24.54852758431753,0.40695600475624266,53.43261513512729
2024,00-0030565,QB,22,position_rank,254.68,201.2473848648727,15.798294968054222,1.0,180.37686051920713,35.2147438523279,22.225296858659235,0.4275147928994083,53.43261513512729
2024,00-0037261,WR,54,pooled,144.5,97.01049424550834,15.146515704123972,1.0,148.33127254905958,42.08630437775558,20.940603138873772,0.502838221951246,47.48950575449166
2024,00-0037261,WR,54,position,144.5,97.01049424550834,15.225585006081976,1.0,142.6174413650046,42.08630437775558,19.457914090005158,0.5214058334205617,47.48950575449166
2024,00-0037261,WR,54,position_rank,144.5,97.01049424550834,14.30946664910824,1.0,132.23885320257904,42.08630437775558,20.5013919596306,0.5033327246165084,47.48950575449166
2024,00-0034855,QB,23,pooled,359.16,198.70442050403886,66.41577277870302,0.0,148.33127254905958,139.69474385232792,14.771652797212521,0.6125510741383818,160.45557949596116
2024,00-0034855,QB,23,position,359.16,198.70442050403886,60.063293000096266,0.0,214.59671455947293,139.69474385232792,23.507887114436915,0.42925089179548154,160.45557949596116
2024,00-0034855,QB,23,position_rank,359.16,198.70442050403886,62.46942846344679,0.0,180.37686051920707,139.69474385232792,21.198330482168647,0.4530325443786983,160.45557949596116
2024,00-0035229,TE,15,pooled,64.1,86.33811357592401,8.538529255681084,1.0,148.33127254905958,0.0,23.478588660121392,0.11062378226361304,-22.238113575924018
2024,00-0035229,TE,15,position,64.1,86.33811357592401,7.1112487878601796,1.0,111.57590796155566,0.0,16.555645253660632,0.06874628197501488,-22.238113575924018
2024,00-0035229,TE,15,position_rank,64.1,86.33811357592401,8.159571746658823,1.0,110.55665900055573,0.0,18.957209868864282,0.10467128027681662,-22.238113575924018
2024,00-0039738,RB,42,pooled,27.3,95.3886988884056,22.056840028181266,1.0,148.33127254905958,0.0,22.357994897237976,0.09924920564728451,-68.0886988884056
2024,00-0039738,RB,42,position,27.3,95.3886988884056,21.193207392511415,1.0,156.69276475057754,0.0,24.19613710069244,0.10541406645302749,-68.0886988884056
2024,00-0039738,RB,42,position_rank,27.3,95.3886988884056,22.134818123119757,1.0,158.36112975390785,0.0,24.678700042785113,0.10173900118906067,-68.0886988884056
2024,00-0033282,WR,55,pooled,39.5,96.16874236875111,17.62220697984347,1.0,148.33127254905958,0.0,20.56701123594218,0.08208130653399542,-56.66874236875111
2024,00-0033282,WR,55,position,39.5,96.16874236875111,17.578262609408508,1.0,142.6174413650046,0.0,19.086122938484593,0.07586402231403432,-56.66874236875111
2024,00-0033282,WR,55,position_rank,39.5,96.16874236875111,19.503892472744734,1.0,132.23885320257904,0.0,20.10895358465594,0.08441380569758947,-56.66874236875111
2024,00-0039921,RB,43,pooled,44.0,94.26285809481405,15.430720254549215,1.0,148.33127254905958,0.0,21.8281432383323,0.09245337809261363,-50.26285809481405
2024,00-0039921,RB,43,position,44.0,94.26285809481405,15.125278634467385,1.0,156.69276475057754,0.0,23.6687261216101,0.09513619497385732,-50.26285809481405
2024,00-0039921,RB,43,position_rank,44.0,94.26285809481405,15.654432040511585,1.0,158.36112975390787,0.0,24.176512891613076,0.09631391200951249,-50.26285809481405
2024,00-0037545,WR,56,pooled,65.80000000000001,95.34215802070608,9.822865921013019,1.0,148.33127254905958,0.0,20.205969071207637,0.07712661807569636,-29.54215802070607
2024,00-0037545,WR,56,position,65.80000000000001,95.34215802070608,9.527993014456701,1.0,142.6174413650046,0.0,18.72492774037197,0.07315481284904161,-29.54215802070607
2024,00-0037545,WR,56,position_rank,65.80000000000001,95.34215802070608,9.830519380192474,1.0,132.23885320257904,0.0,19.728575610543793,0.08053323593864134,-29.54215802070607
2024,00-0031236,WR,57,pooled,54.1,94.53020425488424,12.468011353682371,1.0,148.33127254905958,0.0,19.856540717112132,0.07470711067679936,-40.43020425488424
2024,00-0031236,WR,57,position,54.1,94.53020425488424,12.355037240524972,1.0,142.6174413650046,0.0,18.37483399237058,0.06788416898078309,-40.43020425488424
2024,00-0031236,WR,57,position_rank,54.1,94.53020425488424,13.207844105893475,1.0,132.23885320257904,0.0,19.35551577219322,0.06943937180423665,-40.43020425488424
2024,00-0036139,RB,44,pooled,162.9,93.16290100545947,22.957132677263505,1.0,148.33127254905958,65.17688564257931,21.32083512607343,0.496630402170809,69.73709899454053
2024,00-0036139,RB,44,position,162.9,93.16290100545947,22.75788594149407,1.0,156.69276475057754,65.17688564257931,23.16611080015514,0.48727652217911954,69.73709899454053
2024,00-0036139,RB,44,position_rank,162.9,93.16290100545947,21.990084841081014,1.0,158.36112975390787,65.17688564257931,23.69788775403915,0.47562425683709875,69.73709899454053
2024,00-0038794,RB,45,pooled,79.4,92.08766415747897,7.421811795281485,1.0,148.33127254905958,0.0,20.83735311318959,0.08334407732784206,-12.687664157478963
2024,00-0038794,RB,45,position,79.4,92.08766415747897,8.09400318398082,1.0,156.69276475057754,0.0,22.684348835800236,0.08922246584584247,-12.687664157478963
2024,00-0038794,RB,45,position_rank,79.4,92.08766415747897,7.816229482176405,1.0,158.36112975390785,0.0,23.23442359542686,0.09631391200951249,-12.687664157478963
2024,00-0033536,WR,58,pooled,43.3,93.73237214229752,15.488711902372506,1.0,148.33127254905958,0.0,19.516615344299773,0.073511816184914,-50.432372142297524
2024,00-0033536,WR,58,position,43.3,93.73237214229752,15.420108774507447,1.0,142.6174413650046,0.0,18.03277899127504,0.06532273457751726,-50.432372142297524
2024,00-0033536,WR,58,position_rank,43.3,93.73237214229752,17.04216738335516,1.0,132.23885320257904,0.0,18.990138788274994,0.06592403214024835,-50.432372142297524
2024,00-0039144,TE,16,pooled,5.6000000000000005,83.86983961611443,26.459017471718894,0.0,148.33127254905958,0.0,23.478588660121392,0.11062378226361304,-78.26983961611444
2024,00-0039144,TE,16,position,5.6000000000000005,83.86983961611443,29.278011121520194,0.0,111.57590796155569,0.0,16.555645253660632,0.06874628197501488,-78.26983961611444
2024,00-0039144,TE,16,position_rank,5.6000000000000005,83.86983961611443,29.965035237829003,0.0,110.55665900055575,0.0,18.957209868864282,0.10467128027681662,-78.26983961611444
2024,00-0039152,QB,24,pooled,120.14,196.26970078948602,25.509864129473005,0.0,148.33127254905958,0.0,13.928839528485096,0.04168589540450236,-76.12970078948602
2024,00-0039152,QB,24,position,120.14,196.26970078948602,26.451368196319624,1.0,214.59671455947293,0.0,22.521405850781886,0.10731272294887038,-76.12970078948602
2024,00-0039152,QB,24,position_rank,120.14,196.26970078948602,25.225420822474305,1.0,180.37686051920713,0.0,20.215078289753077,0.09467455621301776,-76.12970078948602
2024,00-0036328,RB,46,pooled,83.80000000000001,91.0360608126291,7.129952772489543,1.0,148.33127254905958,0.0,20.372682716849596,0.08020522435267935,-7.236060812629091
2024,00-0036328,RB,46,position,83.80000000000001,91.0360608126291,7.847783467552085,1.0,156.69276475057754,0.0,22.217188941615163,0.08729338842975208,-7.236060812629091
2024,00-0036328,RB,46,position_rank,83.80000000000001,91.0360608126291,7.5966739956949425,1.0,158.36112975390785,0.0,22.791201304602403,0.09631391200951249,-7.236060812629091
2024,00-0036158,RB,47,pooled,166.8,90.00707435598824,25.742327407317948,1.0,148.33127254905958,69.07688564257931,19.928197326460342,0.524869234541601,76.79292564401177
2024,00-0036158,RB,47,position,166.8,90.00707435598824,25.54056565388275,1.0,156.69276475057754,69.07688564257931,21.76654835625901,0.5009698094113679,76.79292564401177
2024,00-0036158,RB,47,position_rank,166.8,90.00707435598824,24.77289650839376,1.0,158.36112975390787,69.07688564257931,22.365413805302737,0.47562425683709875,76.79292564401177
2024,00-0036407,WR,59,pooled,186.6,92.94817885549043,33.24717066901424,0.0,148.33127254905958,84.18630437775558,19.18542430931047,0.5344556891559558,93.65182114450957
2024,00-0036407,WR,59,position,186.6,92.94817885549043,34.27197312431166,0.0,142.6174413650046,84.18630437775558,17.700119017641157,0.5578570153131909,93.65182114450957
2024,00-0036407,WR,59,position_rank,186.6,92.94817885549043,32.72431512845259,0.0,132.23885320257904,84.18630437775558,18.637527986896913,0.5524105186267347,93.65182114450957
2024,00-0037276,RB,48,pooled,25.400000000000002,88.99975238969495,20.28488746290074,1.0,148.33127254905958,0.0,19.498803207875362,0.073511816184914,-63.59975238969494
2024,00-0037276,RB,48,position,25.400000000000002,88.99975238969495,19.416088962285418,1.0,156.69276475057754,0.0,21.332659412533527,0.08349848203744309,-63.59975238969494
2024,00-0037276,RB,48,position_rank,25.400000000000002,88.99975238969495,20.35783164781783,1.0,158.36112975390785,0.0,21.950477375489815,0.09103745541022591,-63.59975238969494
2024,00-0038997,WR,60,pooled,133.1,92.1771659136015,13.245637063360164,1.0,148.33127254905958,30.686304377755576,18.863678181350902,0.5408948562574029,40.922834086398495
2024,00-0038997,WR,60,position,133.1,92.1771659136015,13.20523386693157,1.0,142.6174413650046,30.686304377755576,17.37840297656978,0.5615698637390785,40.922834086398495
2024,00-0038997,WR,60,position_rank,133.1,92.1771659136015,12.408588008344429,1.0,132.23885320257904,30.686304377755576,18.29851828833015,0.5524105186267347,40.922834086398495
2024,00-0037263,RB,49,pooled,91.8,88.01320143571627,7.155063438177827,1.0,148.33127254905958,0.0,19.083079275994837,0.0711501456162695,3.7867985642837283
2024,00-0037263,RB,49,position,91.8,88.01320143571627,7.958227966430275,1.0,156.69276475057754,0.0,20.913054948341294,0.07978790689829651,3.7867985642837283
2024,00-0037263,RB,49,position_rank,91.8,88.01320143571627,8.122058050670717,1.0,127.50414052819991,0.0,14.485703251719361,0.04644768133174791,3.7867985642837283
2024,00-0036290,TE,17,pooled,95.60000000000001,81.55125262782816,7.879083869912722,1.0,148.33127254905958,14.048747372171846,23.478588660121392,0.11062378226361304,14.048747372171846
2024,00-0036290,TE,17,position,95.60000000000001,81.55125262782816,6.307609809473216,1.0,111.57590796155567,14.048747372171846,16.555645253660632,0.06874628197501488,14.048747372171846
2024,00-0036290,TE,17,position_rank,95.60000000000001,81.55125262782816,5.903419432862281,1.0,110.55665900055574,14.048747372171846,18.957209868864282,0.10467128027681662,14.048747372171846
2024,00-0033090,TE,18,pooled,112.4,79.36523066794422,11.203111073138224,1.0,148.33127254905958,33.03476933205579,23.478588660121392,0.4454207087180587,33.03476933205579
2024,00-0033090,TE,18,position,112.4,79.36523066794422,11.000037027651288,1.0,111.57590796155566,33.03476933205579,16.555645253660632,0.5443560380725758,33.03476933205579
2024,00-0033090,TE,18,position_rank,112.4,79.36523066794422,9.62955205603708,1.0,110.55665900055573,33.03476933205579,18.957209868864282,0.4576124567474049,33.03476933205579
2024,00-0030035,WR,61,pooled,108.6,91.41889757248128,8.299868562845866,1.0,148.33127254905958,6.186304377755576,18.55222375747969,0.06882703293446003,17.18110242751871
2024,00-0030035,WR,61,position,108.6,91.41889757248128,8.05540435095516,1.0,142.6174413650046,6.186304377755576,17.066054816972677,0.061572942386197815,17.18110242751871
2024,00-0030035,WR,61,position_rank,108.6,91.41889757248128,7.539854485351708,1.0,132.23885320257904,6.186304377755576,17.97424791835252,0.06592403214024835,17.18110242751871
2024,00-0036196,WR,62,pooled,43.9,90.67295934571351,14.304072037869787,1.0,148.33127254905958,0.0,18.247532006368775,0.06654247813948555,-46.77295934571351
2024,00-0036196,WR,62,position,43.9,90.67295934571351,14.191097924712393,1.0,142.6174413650046,0.0,16.76079008469247,0.05913465386770437,-46.77295934571351
2024,00-0036196,WR,62,position_rank,43.9,90.67295934571351,15.597662332071991,1.0,132.23885320257904,0.0,17.656720159660832,0.06592403214024835,-46.77295934571351
2024,00-0038393,WR,63,pooled,83.60000000000001,89.93895664396999,7.106344768051146,1.0,148.33127254905958,0.0,17.95003893299773,0.06541465994956146,-6.338956643969979
2024,00-0038393,WR,63,position,83.60000000000001,89.93895664396999,6.817775543861236,1.0,142.6174413650046,0.0,16.462639781122203,0.05913465386770437,-6.338956643969979
2024,00-0038393,WR,63,position_rank,83.60000000000001,89.93895664396999,6.743616122172194,1.0,132.23885320257904,0.0,17.345772190318108,0.06592403214024835,-6.338956643969979
2024,00-0034270,TE,19,pooled,87.8,77.29743128257846,7.587928130471248,1.0,148.33127254905958,10.50256871742154,23.478588660121392,0.11062378226361304,10.50256871742154
2024,00-0034270,TE,19,position,87.8,77.29743128257846,5.73855997794507,1.0,111.57590796155569,10.50256871742154,16.555645253660632,0.06874628197501488,10.50256871742154
2024,00-0034270,TE,19,position_rank,87.8,77.29743128257846,5.527428352101265,1.0,110.55665900055575,10.50256871742154,18.957209868864282,0.10467128027681662,10.50256871742154
2024,00-0038621,WR,64,pooled,109.80000000000001,89.2165135215171,8.74755067481484,1.0,148.33127254905958,7.386304377755593,17.659374201036563,0.06154320712453354,20.58348647848291
2024,00-0038621,WR,64,position,109.80000000000001,89.2165135215171,8.503086462924136,1.0,142.6174413650046,7.386304377755593,16.17157727888755,0.053254437869822494,20.58348647848291
2024,00-0038621,WR,64,position_rank,109.80000000000001,89.2165135215171,7.987536597320684,1.0,132.23885320257904,7.386304377755593,17.046235480636874,0.0625,20.58348647848291
2024,00-0039875,RB,50,pooled,94.10000000000001,87.04658217380467,7.340355499178468,1.0,148.33127254905958,0.0,18.682645369295912,0.06940419630302161,7.053417826195343
2024,00-0039875,RB,50,position,94.10000000000001,87.04658217380467,8.1857412850679,1.0,156.69276475057754,0.0,20.50477914825505,0.07796424354865912,7.053417826195343
2024,00-0039875,RB,50,position_rank,94.10000000000001,87.04658217380467,8.525732507380104,1.0,127.50414052819991,0.0,14.14793105985777,0.04644768133174791,7.053417826195343
2024,00-0039890,WR,65,pooled,42.26,88.50527151990408,14.151320298819691,1.0,148.33127254905958,0.0,17.373751774177368,0.059920161075572256,-46.24527151990409
2024,00-0039890,WR,65,position,42.26,88.50527151990408,14.038346185662297,1.0,142.6174413650046,0.0,15.88594784330524,0.052115338435677824,-46.24527151990409
2024,00-0039890,WR,65,position_rank,42.26,88.50527151990408,9.99566209704759,1.0,134.02433101048618,0.0,12.252684846083275,0.03373594335693461,-46.24527151990409
2024,00-0039874,RB,51,pooled,25.6,86.09910515104227,19.058537066226098,1.0,148.33127254905958,0.0,18.295004698705558,0.06654247813948555,-60.499105151042265
2024,00-0039874,RB,51,position,25.6,86.09910515104227,18.29686848835424,1.0,156.69276475057754,0.0,20.107946239370797,0.07438016528925619,-60.499105151042265
2024,00-0039874,RB,51,position_rank,25.6,86.09910515104227,14.396014640846237,1.0,127.50414052819994,0.0,13.821214845112115,0.04280618311533888,-60.499105151042265
2024,00-0039907,WR,66,pooled,26.7,87.80488859993065,19.30007280904642,1.0,148.33127254905958,0.0,17.09457109360133,0.059383965461772874,-61.104888599930646
2024,00-0039907,WR,66,position,26.7,87.80488859993065,19.32937296382148,1.0,142.6174413650046,0.0,15.606403007886618,0.052115338435677824,-61.104888599930646
2024,00-0039907,WR,66,position_rank,26.7,87.80488859993065,14.634747511675506,1.0,134.02433101048618,0.0,12.052915961894303,0.03373594335693461,-61.104888599930646
2024,00-0039811,RB,52,pooled,2.3,85.17002690801635,28.520417542548444,0.0,148.33127254905958,0.0,17.9183899347806,0.0648543656564902,-82.87002690801636
2024,00-0039811,RB,52,position,2.3,85.17002690801635,27.470281882876222,0.0,156.69276475057754,0.0,19.718819312908646,0.07088041828301567,-82.87002690801636
2024,00-0039811,RB,52,position_rank,2.3,85.17002690801635,24.24404023485426,0.0,127.50414052819994,0.0,13.500843037172144,0.039313317479191444,-82.87002690801636
2024,00-0036309,WR,67,pooled,161.20000000000002,87.11503815392652,24.672640160838796,1.0,148.33127254905958,58.7863043777556,16.822896087070916,0.5753330738708865,74.0849618460735
2024,00-0036309,WR,67,position,161.20000000000002,87.11503815392652,25.068076829969176,0.0,142.6174413650046,58.7863043777556,15.334626725632564,0.5993756503642039,74.0849618460735
2024,00-0036309,WR,67,position_rank,161.20000000000002,87.11503815392652,31.00268722246783,0.0,134.02433101048618,58.7863043777556,11.860508694641451,0.6663890045814245,74.0849618460735
2024,00-0036906,RB,53,pooled,14.700000000000001,84.25864647400127,22.629828486665073,1.0,148.33127254905958,0.0,17.551990450800215,0.06154320712453354,-69.55864647400126
2024,00-0036906,RB,53,position,14.700000000000001,84.25864647400127,21.755807401049246,1.0,156.69276475057754,0.0,19.33710478048025,0.06916216899983134,-69.55864647400126
2024,00-0036906,RB,53,position_rank,14.700000000000001,84.25864647400127,17.872844884101326,0.0,127.50414052819994,0.0,13.186573921994528,0.039313317479191444,-69.55864647400126
2024,00-0038559,WR,68,pooled,101.0,86.4354080912045,7.953942444585716,1.0,148.33127254905958,0.0,16.557014283135523,0.057263281685847205,14.564591908795506
2024,00-0038559,WR,68,position,101.0,86.4354080912045,7.711126651123159,1.0,142.6174413650046,0.0,15.068901389650636,0.04987408333282022,14.564591908795506
2024,00-0038559,WR,68,position_rank,101.0,86.4354080912045,9.990426837813484,1.0,134.02433101048618,0.0,11.672953639796289,0.03373594335693461,14.564591908795506
2024,00-0038129,TE,20,pooled,111.1,75.33572065428929,11.838969997388983,1.0,148.33127254905958,35.764279345710705,23.478588660121392,0.4454207087180587,35.764279345710705
2024,00-0038129,TE,20,position,111.1,75.33572065428929,11.933816769164816,1.0,111.57590796155567,35.764279345710705,16.555645253660632,0.5443560380725758,35.764279345710705
2024,00-0038129,TE,20,position_rank,111.1,75.33572065428929,10.419587130981814,1.0,110.55665900055574,35.764279345710705,18.957209868864282,0.4576124567474049,35.764279345710705
2024,00-0039361,RB,54,pooled,205.5,83.3643021897532,47.24622438874121,0.0,148.33127254905958,107.7768856425793,17.19369502756122,0.5703482620634975,122.1356978102468
2024,00-0039361,RB,54,position,205.5,83.3643021897532,46.45495981008798,0.0,156.69276475057754,107.7768856425793,18.96304193814041,0.5528019058863214,122.1356978102468
2024,00-0039361,RB,54,position_rank,205.5,83.3643021897532,53.36001743274486,0.0,127.50414052819994,107.7768856425793,12.878179341219335,0.6566587395957193,122.1356978102468
2024,00-0039021,RB,55,pooled,65.0,82.48636882184343,7.90316351237027,1.0,148.33127254905958,0.0,16.84722591354857,0.058318803837955666,-17.486368821843428
2024,00-0039021,RB,55,position,65.0,82.48636882184343,8.450541941043456,1.0,156.69276475057754,0.0,18.598186512515568,0.06578891887333446,-17.486368821843428
2024,00-0039021,RB,55,position_rank,65.0,82.48636882184343,7.340601947777482,1.0,127.50414052819991,0.0,12.575443697112515,0.03596908442330558,-17.486368821843428
2024,00-0033357,TE,21,pooled,91.84,73.46974217211212,8.420690515743408,1.0,148.33127254905958,16.504279345710714,22.580237849147608,0.10203501297111413,18.370257827887883
2024,00-0033357,TE,21,position,91.84,73.46974217211212,7.159338931828741,1.0,111.57590796155569,16.504279345710714,15.68305882568481,0.0625,18.370257827887883
2024,00-0033357,TE,21,position_rank,91.84,73.46974217211212,6.501324752028408,1.0,110.55665900055575,16.504279345710714,17.996779767743682,0.08650519031141869,18.370257827887883
2024,00-0038117,WR,69,pooled,126.9,85.76569999027569,13.30356280406177,1.0,148.33127254905958,24.486304377755587,16.297265110775466,0.05569807246713843,41.13430000972431
2024,00-0038117,WR,69,position,126.9,85.76569999027569,13.266447686841675,1.0,142.6174413650046,24.486304377755587,14.809112505503363,0.04987408333282022,41.13430000972431
2024,00-0038117,WR,69,position_rank,126.9,85.76569999027569,17.850476166934385,1.0,134.02433101048618,24.486304377755587,11.490720142944914,0.03373594335693461,41.13430000972431
2024,00-0037741,WR,70,pooled,19.5,85.10562831206315,21.071655480210712,1.0,148.33127254905958,0.0,16.044914965430525,0.05364486499317405,-65.60562831206315
2024,00-0037741,WR,70,position,19.5,85.10562831206315,21.105980744926413,1.0,142.6174413650046,0.0,14.556100959646463,0.04877192766410728,-65.60562831206315
2024,00-0037741,WR,70,position_rank,19.5,85.10562831206315,16.411355292780442,1.0,134.02433101048618,0.0,11.31185526872072,0.03373594335693461,-65.60562831206315
2024,00-0036550,WR,71,pooled,136.0,84.45491966892178,16.380851781298603,1.0,148.33127254905958,33.58630437775558,15.800218655886681,0.597184551300666,51.545080331078225
2024,00-0036550,WR,71,position,136.0,84.45491966892178,16.613018413861596,1.0,142.6174413650046,33.58630437775558,14.31135409325827,0.6148427734916168,51.545080331078225
2024,00-0036550,WR,71,position_rank,136.0,84.45491966892178,21.756826832518158,1.0,134.02433101048618,33.58630437775558,11.139218281764844,0.6775417650053219,51.545080331078225
2024,00-0035644,TE,22,pooled,65.2,71.69058545798815,7.070007145705526,1.0,148.3312725490596,0.0,21.742299342665152,0.09178704961074609,-6.490585457988146
2024,00-0035644,TE,22,position,65.2,71.69058545798815,4.876484795953577,1.0,111.57590796155567,0.0,14.88403327372458,0.059488399762046396,-6.490585457988146
2024,00-0035644,TE,22,position_rank,65.2,71.69058545798815,5.596450138375457,1.0,110.55665900055574,0.0,17.11762336106131,0.08650519031141869,-6.490585457988146
2024,00-0039794,RB,56,pooled,72.4,81.62425493700556,7.168087051677086,1.0,148.33127254905958,0.0,16.510029628110058,0.057263281685847205,-9.224254937005554
2024,00-0039794,RB,56,position,72.4,81.62425493700556,7.8755292967936485,1.0,156.69276475057754,0.0,18.242153117870103,0.06578891887333446,-9.224254937005554
2024,00-0039794,RB,56,position_rank,72.4,81.62425493700556,7.436556027406038,1.0,127.50414052819991,0.0,12.278163047168425,0.03596908442330558,-9.224254937005554
2024,00-0039342,WR,72,pooled,96.10000000000001,83.81331214478098,7.745926696250531,1.0,148.33127254905958,0.0,15.559583667839018,0.05113257767908029,12.286687855219029
2024,00-0039342,WR,72,position,96.10000000000001,83.81331214478098,7.498811617653826,1.0,142.6174413650046,0.0,14.071967588364833,0.045539348188831895,12.286687855219029
2024,00-0039342,WR,72,position_rank,96.10000000000001,83.81331214478098,9.45092324617695,1.0,134.02433101048618,0.0,10.971784820756097,0.03128326160396131,12.286687855219029
2024,00-0038976,WR,73,pooled,90.4,83.1805546621786,7.344216083080712,1.0,148.33127254905958,0.0,15.324756173324973,0.050144531828933116,7.219445337821412
2024,00-0038976,WR,73,position,90.4,83.1805546621786,7.0987661557540145,1.0,142.6174413650046,0.0,13.83829471314301,0.044486450874027916,7.219445337821412
2024,00-0038976,WR,73,position_rank,90.4,83.1805546621786,8.323646855311098,1.0,134.02433101048618,0.0,10.811389415660102,0.0289231338794021,7.219445337821412
2024,00-0036040,TE,23,pooled,86.8,69.99052902522067,8.201751010485593,1.0,147.4920444512341,11.464279345710708,20.966414588128227,0.08525630752806591,16.80947097477933
2024,00-0036040,TE,23,position,86.8,69.99052902522067,6.816164157321962,1.0,111.57590796155566,11.464279345710708,14.152622110539575,0.059488399762046396,16.80947097477933
2024,00-0036040,TE,23,position_rank,86.8,69.99052902522067,6.25744320272659,1.0,110.55665900055573,11.464279345710708,16.294665454920885,0.08650519031141869,16.80947097477933
2024,00-0038551,RB,57,pooled,26.6,80.77740050887982,16.753490634149017,1.0,148.33127254905958,0.0,16.18274774475076,0.05466664899430187,-54.17740050887982
2024,00-0038551,RB,57,position,26.6,80.77740050887982,16.231632016012487,1.0,156.69276475057754,0.0,17.893210628698547,0.059295412379827966,-54.17740050887982
2024,00-0038551,RB,57,position_rank,26.6,80.77740050887982,12.451367803552596,1.0,127.50414052819994,0.0,11.986801397014114,0.02972651605231867,-54.17740050887982
2024,00-0037809,TE,24,pooled,87.60000000000001,68.36283774630947,8.508333879193032,1.0,145.86435317232292,12.264279345710719,20.248640353005452,0.07835083098270798,19.237162253690542
2024,00-0037809,TE,24,position,87.60000000000001,68.36283774630947,7.364658401097792,1.0,111.57590796155567,12.264279345710719,13.497071712411653,0.045545806067816774,19.237162253690542
2024,00-0037809,TE,24,position_rank,87.60000000000001,68.36283774630947,6.652282178158447,1.0,110.55665900055574,12.264279345710719,15.552629724829016,0.07006920415224914,19.237162253690542
2024,00-0039916,WR,74,pooled,62.10000000000001,82.55640639235776,8.294142238939296,1.0,148.33127254905958,0.0,15.09586519698356,0.04868053706316625,-20.45640639235775
2024,00-0039916,WR,74,position,62.10000000000001,82.55640639235776,8.037243117182388,1.0,142.6174413650046,0.0,13.611915172897957,0.04241760000985167,-20.45640639235775
2024,00-0039916,WR,74,position_rank,62.10000000000001,82.55640639235776,6.259026187767772,1.0,134.02433101048618,0.0,10.654290871555537,0.02448054051552594,-20.45640639235775
2024,00-0032775,WR,75,pooled,99.3,81.94063620495857,8.309969969402681,1.0,148.33127254905958,0.0,14.873884140785925,0.04723823110874409,17.359363795041432
2024,00-0032775,WR,75,position,99.3,81.94063620495857,8.07742190411992,1.0,142.6174413650046,0.0,13.392859629544889,0.0394066831271666,17.359363795041432
2024,00-0032775,WR,75,position_rank,99.3,81.94063620495857,10.652346495082256,1.0,134.02433101048618,0.0,10.499301096495877,0.02040816326530612,17.359363795041432
2024,00-0038544,WR,76,pooled,122.10000000000001,81.33302215415688,13.185567762316905,1.0,148.33127254905958,19.68630437775559,14.65850472672699,0.04723823110874409,40.76697784584313
2024,00-0038544,WR,76,position,122.10000000000001,81.33302215415688,13.157080712496253,1.0,142.6174413650046,19.68630437775559,13.180390922443697,0.0394066831271666,40.76697784584313
2024,00-0038544,WR,76,position_rank,122.10000000000001,81.33302215415688,17.724813321396084,1.0,134.02433101048618,19.68630437775559,10.346364226566202,0.02040816326530612,40.76697784584313
2024,00-0039384,RB,58,pooled,155.7,79.94527473289907,25.31390648128312,1.0,148.33127254905958,57.97688564257929,15.868144259015052,0.5954892092138891,75.75472526710092
2024,00-0039384,RB,58,position,155.7,79.94527473289907,25.10427129556771,1.0,156.69276475057754,57.97688564257929,17.554622673135764,0.5772052622701973,75.75472526710092
2024,00-0039384,RB,58,position_rank,155.7,79.94527473289907,30.54567856978857,0.0,127.50414052819991,57.97688564257929,11.707034972330929,0.6848989298454221,75.75472526710092
2024,00-0039391,RB,59,pooled,30.200000000000003,79.1273740279656,14.953086768360166,1.0,148.33127254905958,0.0,15.561321662867389,0.05113257767908029,-48.9273740279656
2024,00-0039391,RB,59,position,30.200000000000003,79.1273740279656,14.70754533342965,1.0,156.69276475057754,0.0,17.224669424451474,0.05772474278967785,-48.9273740279656
2024,00-0039391,RB,59,position_rank,30.200000000000003,79.1273740279656,11.207940479125542,1.0,127.50414052819994,0.0,11.43554535192396,0.02972651605231867,-48.9273740279656
2024,00-0037838,TE,25,pooled,97.4,66.80160169246415,10.571812830918653,1.0,144.3031171184776,22.064279345710716,19.57908322266875,0.073511816184914,30.59839830753586
2024,00-0037838,TE,25,position,97.4,66.80160169246415,10.279371121717027,1.0,111.57590796155567,22.064279345710716,12.893579919280192,0.0380725758477097,30.59839830753586
2024,00-0037838,TE,25,position_rank,97.4,66.80160169246415,11.987755231761977,1.0,109.05124335629338,22.064279345710716,12.586749614306381,0.03654844290657439,30.59839830753586
2024,00-0034972,RB,60,pooled,114.30000000000001,78.32322020607893,11.897160891838254,1.0,148.33127254905958,16.576885642579313,15.26326814758848,0.04916612545049469,35.97677979392108
2024,00-0034972,RB,60,position,114.30000000000001,78.32322020607893,12.230611088909203,1.0,156.69276475057754,16.576885642579313,16.90818106951526,0.05464665204924945,35.97677979392108
2024,00-0034972,RB,60,position_rank,114.30000000000001,78.32322020607893,14.781584913361158,1.0,127.50414052819991,16.576885642579313,11.17211565165074,0.026828180737217596,35.97677979392108
2024,00-0039810,WR,77,pooled,12.700000000000001,80.73335099839227,22.018461073988863,1.0,148.33127254905958,0.0,14.448892907677344,0.04534889465382849,-68.03335099839227
2024,00-0039810,WR,77,position,12.700000000000001,80.73335099839227,22.059677375371873,1.0,142.6174413650046,0.0,12.976057157851873,0.0394066831271666,-68.03335099839227
2024,00-0039810,WR,77,position_rank,12.700000000000001,80.73335099839227,17.447127184089318,0.0,134.02433101048618,0.0,10.19766354334429,0.02040816326530612,-68.03335099839227
2024,00-0037258,RB,61,pooled,18.900000000000002,77.53235879325544,18.299119434579225,1.0,148.33127254905958,0.0,14.974932747982212,0.04771658989229095,-58.632358793255435
2024,00-0037258,RB,61,position,18.900000000000002,77.53235879325544,17.63570066501194,1.0,156.69276475057754,0.0,16.597602892997628,0.05464665204924945,-58.632358793255435
2024,00-0037258,RB,61,position_rank,18.900000000000002,77.53235879325544,13.75739088686653,1.0,127.50414052819994,0.0,10.913168010015116,0.026828180737217596,-58.632358793255435
2024,00-0033009,WR,78,pooled,58.800000000000004,80.14141775108357,8.404235868663024,1.0,148.33127254905958,0.0,14.244104470266343,0.04441868563393383,-21.34141775108356
2024,00-0033009,WR,78,position,58.800000000000004,80.14141775108357,8.147519304837353,1.0,142.6174413650046,0.0,12.777825412476854,0.037460978147762745,-21.34141775108356
2024,00-0033009,WR,78,position_rank,58.800000000000004,80.14141775108357,6.282315960365819,1.0,134.02433101048618,0.0,10.052996993208765,0.02040816326530612,-21.34141775108356
2024,00-0033858,TE,26,pooled,164.20000000000002,65.30160660030747,35.550943244951135,0.0,142.80312202632092,88.86427934571073,18.947877654577134,0.5376704529708249,98.89839339969255
2024,00-0033858,TE,26,position,164.20000000000002,65.30160660030747,40.184569282993095,0.0,111.57590796155567,88.86427934571073,12.335786642809305,0.6478286734086854,98.89839339969255
2024,00-0033858,TE,26,position_rank,164.20000000000002,65.30160660030747,41.70241933063854,0.0,109.05124335629338,88.86427934571073,12.166349615039973,0.6541955017301039,98.89839339969255
2024,00-0036980,WR,79,pooled,85.30000000000001,79.55702525996378,7.218117011144473,1.0,148.33127254905958,0.0,14.044529137405613,0.042135335772922965,5.742974740036232
2024,00-0036980,WR,79,position,85.30000000000001,79.55702525996378,6.974492137195912,1.0,142.6174413650046,0.0,12.584794978688263,0.03463478009223627,5.742974740036232
2024,00-0036980,WR,79,position_rank,85.30000000000001,79.55702525996378,8.051665429403299,1.0,134.02433101048618,0.0,9.913855923894529,0.01851080568281735,5.742974740036232
2024,00-0039855,WR,80,pooled,100.4,78.97998381287417,8.841010102617899,1.0,148.33127254905958,0.0,13.847536941966679,0.04168589540450236,21.42001618712584
2024,00-0039855,WR,80,position,100.4,78.97998381287417,8.64337186817536,1.0,142.6174413650046,0.0,12.394356982502364,0.03371734325068192,21.42001618712584
2024,00-0039855,WR,80,position_rank,100.4,78.97998381287417,11.68571255925442,1.0,134.02433101048618,0.0,9.776465103158907,0.01851080568281735,21.42001618712584
2024,00-0037525,RB,62,pooled,109.5,76.75435748697763,11.127762949733032,1.0,148.33127254905958,11.776885642579302,14.698005672544138,0.04723823110874409,32.745642513022375
2024,00-0037525,RB,62,position,109.5,76.75435748697763,11.461213146803976,1.0,156.69276475057754,11.776885642579302,16.298627517664002,0.05464665204924945,32.745642513022375
2024,00-0037525,RB,62,position_rank,109.5,76.75435748697763,13.846255700469428,1.0,127.50414052819994,11.776885642579302,10.669303281670496,0.026828180737217596,32.745642513022375
2024,00-0039912,TE,27,pooled,11.3,63.85822879813925,16.11834707952578,1.0,141.35974422415268,0.0,18.354742559050152,0.06711000203633839,-52.558228798139254
2024,00-0039912,TE,27,position,11.3,63.85822879813925,16.95236997858581,0.0,111.57590796155567,0.0,11.808571703070978,0.0334622248661511,-52.558228798139254
2024,00-0039912,TE,27,position_rank,11.3,63.85822879813925,15.408150980171605,0.0,109.05124335629338,0.0,11.763052876198854,0.03654844290657439,-52.558228798139254
2024,00-0039373,RB,63,pooled,36.800000000000004,75.98880473706387,12.079642110754259,1.0,148.33127254905958,0.0,14.43015200984186,0.04534889465382849,-39.18880473706387
2024,00-0039373,RB,63,position,36.800000000000004,75.98880473706387,12.073911857216313,1.0,156.69276475057754,0.0,16.00722826711893,0.051652892561983466,-39.18880473706387
2024,00-0039373,RB,63,position_rank,36.800000000000004,75.98880473706387,9.172953746197814,1.0,127.50414052819994,0.0,10.431717945490368,0.026828180737217596,-39.18880473706387
2024,00-0034975,RB,64,pooled,106.10000000000001,75.23530843829494,10.678277069029766,1.0,148.33127254905958,8.37688564257931,14.170453222829508,0.04349811608574792,30.864691561705072
2024,00-0034975,RB,64,position,106.10000000000001,75.23530843829494,11.011727266100715,1.0,156.69276475057754,8.37688564257931,15.72460671470177,0.051652892561983466,30.864691561705072
2024,00-0034975,RB,64,position_rank,106.10000000000001,75.23530843829494,13.30138665199648,1.0,127.50414052819994,8.37688564257931,10.201419503601523,0.026828180737217596,30.864691561705072
2024,00-0038555,RB,65,pooled,114.80000000000001,74.49349472440036,13.034274314536539,1.0,148.33127254905958,17.076885642579313,13.917210560896233,0.04168589540450236,40.30650527559965
2024,00-0038555,RB,65,position,114.80000000000001,74.49349472440036,13.245700547502027,1.0,156.63697794851802,17.076885642579313,15.450039301117412,0.05018763703828639,40.30650527559965
2024,00-0038555,RB,65,position_rank,114.80000000000001,74.49349472440036,16.21940223003,1.0,127.50414052819991,17.076885642579313,9.977596400271263,0.026828180737217596,40.30650527559965
2024,00-0038938,WR,81,pooled,10.2,78.41011076804489,22.08212087719293,1.0,148.33127254905958,0.0,13.653255879054353,0.04168589540450236,-68.21011076804488
2024,00-0038938,WR,81,position,10.2,78.41011076804489,22.12333717857594,1.0,142.6174413650046,0.0,12.206881433287675,0.03371734325068192,-68.21011076804488
2024,00-0038938,WR,81,position_rank,10.2,78.41011076804489,17.52620392314444,0.0,134.02433101048618,0.0,9.641903751898525,0.01851080568281735,-68.21011076804488
2024,00-0035535,WR,82,pooled,90.5,77.84723020705997,7.759127686234502,1.0,148.33127254905958,0.0,13.46357099157699,0.04123886490400894,12.652769792940035
2024,00-0035535,WR,82,position,90.5,77.84723020705997,7.51550281228594,1.0,142.6174413650046,0.0,12.025232994781328,0.03371734325068192,12.652769792940035
2024,00-0035535,WR,82,position_rank,90.5,77.84723020705997,9.537626863005608,1.0,134.02433101048618,0.0,9.51171369017412,0.01851080568281735,12.652769792940035
2024,00-0039739,WR,83,pooled,0.0,77.29117260885585,26.003880476347266,0.0,148.33127254905958,0.0,13.2782864100072,0.04079424427144271,-77.29117260885585
2024,00-0039739,WR,83,position,0.0,77.29117260885585,26.104345635065457,0.0,142.6174413650046,0.0,11.846584115868875,0.03371734325068192,-77.29117260885585
2024,00-0039739,WR,83,position_rank,0.0,77.29117260885585,21.68041570726894,0.0,134.02433101048618,0.0,9.383101728684734,0.01851080568281735,-77.29117260885585
2024,00-0036919,RB,66,pooled,51.3,73.76300685411772,8.53502809038603,1.0,148.33127254905958,0.0,13.66800286195999,0.04168589540450236,-22.463006854117722
2024,00-0036919,RB,66,position,51.3,73.76300685411772,9.006491245690075,1.0,156.27983757457753,0.0,15.179663920558253,0.05018763703828639,-22.463006854117722
2024,00-0036919,RB,66,position_rank,51.3,73.76300685411772,7.475429482477549,1.0,127.50414052819994,0.0,9.757190577341156,0.026828180737217596,-22.463006854117722
2024,00-0035500,WR,84,pooled,52.4,76.74177454324266,8.837833268655679,1.0,148.33127254905958,0.0,13.096765368143135,0.0399122326100918,-24.341774543242657
2024,00-0035500,WR,84,position,52.4,76.74177454324266,8.554908532199642,1.0,142.6174413650046,0.0,11.671161090095216,0.03281222099760481,-24.341774543242657
2024,00-0035500,WR,84,position_rank,52.4,76.74177454324266,6.457138742204518,1.0,134.02433101048618,0.0,9.25603006725039,0.01851080568281735,-24.341774543242657
2024,00-0038996,TE,28,pooled,132.70000000000002,62.46734925047738,23.044133010587586,1.0,139.96886467649082,57.36427934571073,17.79147597389171,0.560443704882754,70.23265074952263
2024,00-0038996,TE,28,position,132.70000000000002,62.46734925047738,25.851266377374774,0.0,111.57590796155567,57.36427934571073,11.322455549831862,0.6776100535395599,70.23265074952263
2024,00-0038996,TE,28,position_rank,132.70000000000002,62.46734925047738,27.369548005553582,0.0,109.05124335629338,57.36427934571073,11.374424767293332,0.6782006920415224,70.23265074952263
2024,00-0030061,TE,29,pooled,131.5,61.12528269272531,23.08961665266536,1.0,138.62679811873875,56.16427934571071,17.25281669256185,0.5703482620634975,70.3747173072747
2024,00-0030061,TE,29,position,131.5,61.12528269272531,25.918767902151462,0.0,111.57590796155567,56.16427934571071,10.864188920355543,0.6776100535395599,70.3747173072747
2024,00-0030061,TE,29,position_rank,131.5,61.12528269272531,27.440581284429605,0.0,109.05124335629338,56.16427934571071,10.999435582039077,0.6782006920415224,70.3747173072747
2024,00-0036360,RB,67,pooled,4.0,73.04350418101689,22.396969312347593,1.0,148.33127254905958,0.0,13.425741192691438,0.04123886490400894,-69.04350418101689
2024,00-0036360,RB,67,position,4.0,73.04350418101689,21.516988069631235,1.0,155.5603349014767,0.0,14.915985980492657,0.04874346432787991,-69.04350418101689
2024,00-0036360,RB,67,position_rank,4.0,73.04350418101689,17.65507961820545,1.0,127.50414052819991,0.0,9.540099253560731,0.026828180737217596,-69.04350418101689
2024,00-0034829,TE,30,pooled,98.2,59.82871878448432,12.377586158677916,1.0,137.33023421049776,22.864279345710713,16.741132243410608,0.058318803837955666,38.37128121551568
2024,00-0034829,TE,30,position,98.2,59.82871878448432,12.818310484970027,1.0,111.57590796155567,22.864279345710713,10.43449354102998,0.027104402141582395,38.37128121551568
2024,00-0034829,TE,30,position_rank,98.2,59.82871878448432,14.533437880863053,1.0,109.05124335629338,22.864279345710713,10.637160372383507,0.026167820069204154,38.37128121551568
2024,00-0039868,WR,85,pooled,50.9,76.19887838256159,9.012713196528429,1.0,148.33127254905958,0.0,12.920208652783398,0.03903986042044966,-25.29887838256159
2024,00-0039868,WR,85,position,50.9,76.19887838256159,8.72978846007239,1.0,142.6174413650046,0.0,11.500402490700196,0.03281222099760481,-25.29887838256159
2024,00-0039868,WR,85,position_rank,50.9,76.19887838256159,6.532699571624433,1.0,134.02433101048618,0.0,9.132771048215604,0.01851080568281735,-25.29887838256159
2024,00-0039355,WR,86,pooled,25.8,75.66233203020573,15.263822290185054,1.0,148.33127254905958,0.0,12.747198992580248,0.03903986042044966,-49.862332030205735
2024,00-0039355,WR,86,position,25.8,75.66233203020573,15.207135308927942,1.0,142.6174413650046,0.0,11.332649234619735,0.03281222099760481,-49.862332030205735
2024,00-0039355,WR,86,position_rank,25.8,75.66233203020573,10.938467488008246,1.0,134.02433101048618,0.0,9.012321867074494,0.01851080568281735,-49.862332030205735
2024,00-0038619,WR,87,pooled,99.7,75.13198866483407,9.41077764265676,1.0,148.33127254905958,0.0,12.57855579636358,0.03732403445629162,24.568011335165934
2024,00-0038619,WR,87,position,99.7,75.13198866483407,9.213139408214218,1.0,142.6174413650046,0.0,11.168727577146917,0.03281222099760481,24.568011335165934
2024,00-0038619,WR,87,position_rank,99.7,75.13198866483407,12.595055549105274,1.0,134.02433101048618,0.0,8.89326519321555,0.01851080568281735,24.568011335165934
2024,00-0033948,RB,68,pooled,29.900000000000002,72.33466119964223,13.00961597219162,1.0,148.33127254905958,0.0,13.190129545456433,0.0399122326100918,-42.43466119964222
2024,00-0033948,RB,68,position,29.900000000000002,72.33466119964223,12.823360258357575,1.0,154.85149192010203,0.0,14.658224896356417,0.047320374430764034,-42.43466119964222
2024,00-0033948,RB,68,position_rank,29.900000000000002,72.33466119964223,9.693321634961906,1.0,127.50414052819994,0.0,9.326224216076998,0.024078478002378122,-42.43466119964222
2024,00-0039853,WR,88,pooled,0.0,74.60770649920326,24.796320727003604,0.0,148.33127254905958,0.0,12.414680940840285,0.03732403445629162,-74.60770649920326
2024,00-0039853,WR,88,position,0.0,74.60770649920326,24.896785885721794,0.0,142.6174413650046,0.0,11.009076467398327,0.03281222099760481,-74.60770649920326
2024,00-0039853,WR,88,position_rank,0.0,74.60770649920326,20.393489035294017,0.0,134.02433101048618,0.0,8.77556919684945,0.01851080568281735,-74.60770649920326
2024,00-0035243,RB,69,pooled,40.2,71.63616666128732,10.230975853181688,1.0,148.33127254905958,0.0,12.961615365568344,0.03903986042044966,-31.436166661287317
2024,00-0035243,RB,69,position,40.2,71.63616666128732,10.409495615054162,1.0,154.15299738174713,0.0,14.41130749711628,0.04453744307640411,-31.436166661287317
2024,00-0035243,RB,69,position_rank,40.2,71.63616666128732,8.178239887799279,1.0,127.50414052819994,0.0,9.124790504690248,0.024078478002378122,-31.436166661287317
2024,00-0039920,WR,89,pooled,3.7,74.08934855262535,22.930975891592013,1.0,148.33127254905958,0.0,12.255595684469734,0.036062468596408576,-70.38934855262535
2024,00-0039920,WR,89,position,3.7,74.08934855262535,23.008261651867,0.0,142.6174413650046,0.0,10.852456592314988,0.031919413333004944,-70.38934855262535
2024,00-0039920,WR,89,position_rank,3.7,74.08934855262535,18.49728181149686,0.0,134.02433101048618,0.0,8.660032105603522,0.016706002128742656,-70.38934855262535
2024,00-0037666,WR,90,pooled,115.7,73.57678243613805,13.55775231301178,1.0,148.33127254905958,13.286304377755584,12.100040105076838,0.036062468596408576,42.12321756386196
2024,00-0037666,WR,90,position,115.7,73.57678243613805,13.529265263191126,1.0,142.6174413650046,13.286304377755584,10.700472928587075,0.031919413333004944,42.12321756386196
2024,00-0037666,WR,90,position_rank,115.7,73.57678243613805,18.183596930399244,1.0,134.02433101048618,13.286304377755584,8.548453087048461,0.016706002128742656,42.12321756386196
2024,00-0034777,WR,91,pooled,4.0,73.06988014954524,22.40745028931544,1.0,148.33127254905958,0.0,11.949381449353078,0.036062468596408576,-69.06988014954524
2024,00-0034777,WR,91,position,4.0,73.06988014954524,22.44866659069845,1.0,142.6174413650046,0.0,10.554437052840754,0.031919413333004944,-69.06988014954524
2024,00-0034777,WR,91,position_rank,4.0,73.06988014954524,17.904310503795024,0.0,134.02433101048618,0.0,8.43810701105547,0.016706002128742656,-69.06988014954524
2024,00-0036244,TE,31,pooled,49.3,58.574672915533625,7.044256602594937,1.0,136.07618834154707,0.0,16.253707164033187,0.05518115579675656,-9.274672915533628
2024,00-0036244,TE,31,position,49.3,58.574672915533625,4.972807896862716,1.0,111.57590796155567,0.0,10.03314778196964,0.025133848899464604,-9.274672915533628
2024,00-0036244,TE,31,position_rank,49.3,58.574672915533625,4.789277029846462,1.0,109.05124335629338,0.0,10.28676520311787,0.026167820069204154,-9.274672915533628
2024,00-0033526,RB,70,pooled,65.5,70.94772275338954,7.040608488467147,1.0,148.33127254905958,0.0,12.739523743963554,0.038607289127519366,-5.447722753389542
2024,00-0033526,RB,70,position,65.5,70.94772275338954,7.731060147916721,1.0,153.46455347384935,0.0,14.176781929266633,0.043177601619160066,-5.447722753389542
2024,00-0033526,RB,70,position_rank,65.5,70.94772275338954,7.5253691738710655,1.0,127.50414052819991,0.0,8.934874943890861,0.024078478002378122,-5.447722753389542
2024,00-0038454,RB,71,pooled,5.300000000000001,70.26904433712997,20.778377570245603,1.0,147.7705597631434,0.0,12.524399131857594,0.03732403445629162,-64.96904433712997
2024,00-0038454,RB,71,position,5.300000000000001,70.26904433712997,19.88674502722414,1.0,152.78587505758978,0.0,13.953200129722077,0.04052116714454377,-64.96904433712997
2024,00-0038454,RB,71,position_rank,5.300000000000001,70.26904433712997,16.039161440127955,1.0,127.45140490693862,0.0,8.75064301264646,0.019024970273483946,-64.96904433712997
2024,00-0037252,TE,32,pooled,5.300000000000001,57.360444824674744,15.891228397841626,1.0,134.86196025068818,0.0,15.794024410341311,0.05163021540604466,-52.06044482467475
2024,00-0037252,TE,32,position,5.300000000000001,57.360444824674744,16.7398910412704,1.0,111.57590796155567,0.0,9.667059449114918,0.0214158239143367,-52.06044482467475
2024,00-0037252,TE,32,position_rank,5.300000000000001,57.360444824674744,15.185458149937478,0.0,109.05124335629338,0.0,9.947495589495537,0.026167820069204154,-52.06044482467475
2024,00-0033925,RB,72,pooled,25.6,69.59985823835319,13.44902932357986,1.0,147.10137366436663,0.0,12.317084881238362,0.03648058068177574,-43.99985823835319
2024,00-0033925,RB,72,position,25.6,69.59985823835319,13.232002164402001,1.0,152.116688958813,0.0,13.741082923748237,0.04052116714454377,-43.99985823835319
2024,00-0033925,RB,72,position_rank,25.6,69.59985823835319,10.024742402544225,1.0,127.11681185755023,0.0,8.582533962748663,0.019024970273483946,-43.99985823835319
2024,00-0033307,WR,92,pooled,48.9,72.56851788954836,8.70283005178122,1.0,148.33127254905958,0.0,11.801367015424608,0.034822591547870214,-23.66851788954836
2024,00-0033307,WR,92,position,48.9,72.56851788954836,8.433788007631312,1.0,142.6174413650046,0.0,10.411381636571948,0.031919413333004944,-23.66851788954836
2024,00-0033307,WR,92,position_rank,48.9,72.56851788954836,6.39614043673435,1.0,134.02433101048618,0.0,8.328966927246624,0.016706002128742656,-23.66851788954836
2024,00-0039066,TE,33,pooled,22.0,56.18358358818321,10.74911316633728,1.0,133.68509901419665,0.0,15.354632472304635,0.050144531828933116,-34.18358358818321
2024,00-0039066,TE,33,position,22.0,56.18358358818321,10.265821900129236,1.0,111.57590796155567,0.0,9.321300471515912,0.01799524092801904,-34.18358358818321
2024,00-0039066,TE,33,position_rank,22.0,56.18358358818321,8.3520081639842,1.0,109.05124335629338,0.0,9.632809777267724,0.021626297577854673,-34.18358358818321
2024,00-0039062,WR,93,pooled,20.3,72.07257586825006,15.907880034352962,1.0,148.33127254905958,0.0,11.656435696682218,0.034414118934211806,-51.77257586825006
2024,00-0039062,WR,93,position,20.3,72.07257586825006,15.851193053095852,1.0,142.6174413650046,0.0,10.272043417922625,0.031038920256882315,-51.77257586825006
2024,00-0039062,WR,93,position_rank,20.3,72.07257586825006,11.483223049800532,1.0,134.02433101048618,0.0,8.221006759344952,0.016706002128742656,-51.77257586825006
2024,00-0031235,WR,94,pooled,10.0,71.58193814136388,19.44776807027495,1.0,148.33127254905958,0.0,11.51438541436398,0.03400805618848059,-61.58193814136388
2024,00-0031235,WR,94,position,10.0,71.58193814136388,19.48898437165796,1.0,142.6174413650046,0.0,10.136665781252502,0.031038920256882315,-61.58193814136388
2024,00-0031235,WR,94,position_rank,10.0,71.58193814136388,14.812613814304358,1.0,134.02433101048618,0.0,8.117336217692102,0.016706002128742656,-61.58193814136388
2024,00-0033891,WR,95,pooled,5.800000000000001,71.09649244551395,20.912762017450376,1.0,148.33127254905958,0.0,11.374759603779184,0.033203160300799714,-65.29649244551395
2024,00-0033891,WR,95,position,5.800000000000001,71.09649244551395,20.953978318833386,1.0,142.6174413650046,0.0,10.003026889279809,0.03017074176923693,-65.29649244551395
2024,00-0033891,WR,95,position_rank,5.800000000000001,71.09649244551395,16.277607761479782,1.0,134.02433101048618,0.0,8.015153783698901,0.016706002128742656,-65.29649244551395
2024,00-0037742,WR,96,pooled,5.5,70.61613004405365,20.839177868033296,1.0,148.1176454700671,0.0,11.238700302824016,0.032407903884827595,-65.11613004405365
2024,00-0037742,WR,96,position,5.5,70.61613004405365,20.88151852246363,1.0,142.6174413650046,0.0,9.872629397747454,0.03017074176923693,-65.11613004405365
2024,00-0037742,WR,96,position_rank,5.5,70.61613004405365,16.20514796511003,1.0,134.02433101048618,0.0,7.917120640543739,0.016706002128742656,-65.11613004405365
2024,00-0033895,TE,34,pooled,7.6000000000000005,55.04185783638846,14.306635542116506,1.0,132.5433732624019,0.0,14.938007136404334,0.04723823110874409,-47.44185783638846
2024,00-0033895,TE,34,position,7.6000000000000005,55.04185783638846,14.9106630538198,1.0,111.57590796155567,0.0,8.992684973394727,0.01799524092801904,-47.44185783638846
2024,00-0033895,TE,34,position_rank,7.6000000000000005,55.04185783638846,13.137252080395852,1.0,109.05124335629338,0.0,9.330588254733819,0.021626297577854673,-47.44185783638846
2024,00-0039356,TE,35,pooled,51.7,53.933230288652226,6.789729685945655,1.0,131.43474571466567,0.0,14.545577649558993,0.04581761396566661,-2.233230288652223
2024,00-0039356,TE,35,position,51.7,53.933230288652226,4.7551276975576275,1.0,111.57590796155567,0.0,8.68848839017442,0.01799524092801904,-2.233230288652223
2024,00-0039356,TE,35,position_rank,51.7,53.933230288652226,5.092460579009676,1.0,109.05124335629338,0.0,9.03712802150952,0.021626297577854673,-2.233230288652223
2024,00-0039847,TE,36,pooled,53.6,52.85583587650453,6.849412968368148,1.0,130.35735130251797,0.0,14.173157366580387,0.04349811608574792,0.744164123495473
2024,00-0039847,TE,36,position,53.6,52.85583587650453,4.83064493363481,1.0,111.57590796155567,0.0,8.392861874646089,0.01639649018441404,0.744164123495473
2024,00-0039847,TE,36,position_rank,53.6,52.85583587650453,5.326917364824409,1.0,109.05124335629338,0.0,8.751935382999836,0.017517301038062285,0.744164123495473
2025,00-0036900,WR,1,pooled,231.5,280.9005758877485,14.973075529604847,1.0,147.48768494931483,0.0,23.561099748856687,0.10666905106754614,-49.400575887748516
2025,00-0036900,WR,1,position,231.5,280.9005758877485,15.094739153700752,1.0,140.45335890530345,0.0,21.798085203796024,0.10025662547539968,-49.400575887748516
2025,00-0036900,WR,1,position_rank,231.5,280.9005758877485,17.937479778177064,1.0,151.01926010619,0.0,24.933107774130097,0.14271604938271604,-49.400575887748516
2025,00-0038542,RB,1,pooled,325.5,279.9402659075028,14.60366871361996,1.0,147.48768494931483,45.559734092497195,23.561099748856687,0.4534644856592933,45.559734092497195
2025,00-0038542,RB,1,position,325.5,279.9402659075028,14.840866932529172,1.0,159.08220080232914,45.559734092497195,25.960714172132036,0.41568559556786705,45.559734092497195
2025,00-0038542,RB,1,position_rank,325.5,279.9402659075028,11.632314133675816,1.0,181.3505095336519,45.559734092497195,34.45105250303644,0.3184183673469388,45.559734092497195
2025,00-0036358,WR,2,pooled,162.5,248.83152620720688,29.99409739335778,0.0,147.48768494931483,0.0,23.561099748856687,0.10666905106754614,-86.33152620720688
2025,00-0036358,WR,2,position,162.5,248.83152620720688,30.49149218909649,0.0,140.45335890530345,0.0,21.798085203796024,0.10025662547539968,-86.33152620720688
2025,00-0036358,WR,2,position_rank,162.5,248.83152620720688,32.047069351932585,0.0,151.01926010619,0.0,24.933107774130097,0.14271604938271604,-86.33152620720688
2025,00-0036322,WR,3,pooled,145.1,230.07233471032623,29.362299013621282,0.0,147.48768494931483,0.0,23.561099748856687,0.10666905106754614,-84.97233471032624
2025,00-0036322,WR,3,position,145.1,230.07233471032623,29.81189644065617,0.0,140.45335890530345,0.0,21.798085203796028,0.10025662547539968,-84.97233471032624
2025,00-0036322,WR,3,position_rank,145.1,230.07233471032623,31.439009998064922,0.0,151.01926010619,0.0,24.93310777413009,0.14271604938271604,-84.97233471032624
2025,00-0039139,RB,2,pooled,309.6,245.83573545744824,20.60905331728918,1.0,147.48768494931483,63.764264542551786,23.56109974885669,0.4534644856592933,63.764264542551786
2025,00-0039139,RB,2,position,309.6,245.83573545744824,20.519387069040114,1.0,159.08220080232914,63.764264542551786,25.960714172132036,0.41568559556786705,63.764264542551786
2025,00-0039139,RB,2,position_rank,309.6,245.83573545744824,15.87193815480506,1.0,181.35050953365183,63.764264542551786,34.45105250303644,0.3184183673469388,63.764264542551786
2025,00-0039337,WR,4,pooled,48.1,216.76247652666524,71.15957255308697,0.0,147.48768494931483,0.0,23.56109974885669,0.10666905106754614,-168.66247652666524
2025,00-0039337,WR,4,position,48.1,216.76247652666524,71.65696734882566,0.0,140.45335890530345,0.0,21.798085203796024,0.10025662547539968,-168.66247652666524
2025,00-0039337,WR,4,position_rank,48.1,216.76247652666524,72.47440531452445,0.0,151.01926010619,0.0,24.93310777413009,0.14271604938271604,-168.66247652666524
2025,00-0034844,RB,3,pooled,213.8,225.88586403946348,7.480971053711832,1.0,147.48768494931488,0.0,23.56109974885669,0.10666905106754614,-12.085864039463473
2025,00-0034844,RB,3,position,213.8,225.88586403946348,8.272700999546185,1.0,159.0822008023292,0.0,25.960714172132043,0.12621191135734072,-12.085864039463473
2025,00-0034844,RB,3,position_rank,213.8,225.88586403946348,10.795064874241303,1.0,181.35050953365183,0.0,34.45105250303644,0.1898469387755102,-12.085864039463473
2025,00-0036963,WR,5,pooled,246.10000000000002,206.43854845816026,12.896271133166495,1.0,147.48768494931483,39.66145154183977,23.56109974885669,0.4534644856592933,39.66145154183977
2025,00-0036963,WR,5,position,246.10000000000002,206.43854845816026,12.756028201677736,1.0,140.45335890530345,39.66145154183977,21.798085203796024,0.4669900924092675,39.66145154183977
2025,00-0036963,WR,5,position_rank,246.10000000000002,206.43854845816026,10.598607711348121,1.0,151.01926010619,39.66145154183977,24.93310777413009,0.3871604938271605,39.66145154183977
2025,00-0036554,WR,6,pooled,190.70000000000002,198.0032850297846,7.222906741798602,1.0,147.48768494931483,0.0,23.561099748856687,0.10666905106754614,-7.3032850297845755
2025,00-0036554,WR,6,position,190.70000000000002,198.0032850297846,6.858453747463057,1.0,140.45335890530345,0.0,21.798085203796024,0.10025662547539968,-7.3032850297845755
2025,00-0036554,WR,6,position_rank,190.70000000000002,198.0032850297846,7.802475459075957,1.0,151.01926010619,0.0,24.933107774130097,0.14271604938271604,-7.3032850297845755
2025,00-0039075,WR,7,pooled,289.5,190.8713714213701,35.5086479798961,0.0,147.48768494931483,98.6286285786299,23.561099748856687,0.4534644856592933,98.6286285786299
2025,00-0039075,WR,7,position,289.5,190.8713714213701,36.69708332660902,0.0,140.45335890530342,98.6286285786299,21.798085203796024,0.4669900924092675,98.6286285786299
2025,00-0039075,WR,7,position_rank,289.5,190.8713714213701,34.397731525751894,0.0,151.01926010619,98.6286285786299,24.933107774130097,0.3871604938271605,98.6286285786299
2025,00-0033280,RB,4,pooled,356.90000000000003,211.73120500739367,58.77873118688435,0.0,147.48768494931483,145.16879499260637,23.561099748856687,0.4534644856592933,145.16879499260637
2025,00-0033280,RB,4,position,356.90000000000003,211.73120500739367,57.28838666703837,0.0,159.08220080232914,145.16879499260637,25.960714172132043,0.41568559556786705,145.16879499260637
2025,00-0033280,RB,4,position_rank,356.90000000000003,211.73120500739367,50.474170850756,0.0,181.3505095336518,145.16879499260637,34.45105250303644,0.3184183673469388,145.16879499260637
2025,00-0039893,WR,8,pooled,108.4,184.6934268461236,25.47962970595168,0.0,147.48768494931483,0.0,23.56109974885669,0.10666905106754614,-76.2934268461236
2025,00-0039893,WR,8,position,108.4,184.6934268461236,25.744023239776435,0.0,140.45335890530342,0.0,21.798085203796024,0.10025662547539968,-76.2934268461236
2025,00-0039893,WR,8,position_rank,108.4,184.6934268461236,27.729479661142694,1.0,151.01926010619,0.0,24.933107774130097,0.14271604938271604,-76.2934268461236
2025,00-0037238,WR,9,pooled,152.1,179.24409353290395,9.417656239716223,1.0,147.48768494931483,0.0,23.56109974885669,0.10666905106754614,-27.144093532903952
2025,00-0037238,WR,9,position,152.1,179.24409353290395,9.163482291814779,1.0,140.45335890530342,0.0,21.798085203796024,0.10025662547539968,-27.144093532903952
2025,00-0037238,WR,9,position_rank,152.1,179.24409353290395,11.519643631590759,1.0,151.01926010619,0.0,24.933107774130097,0.14271604938271604,-27.144093532903952
2025,00-0040122,RB,5,pooled,206.7,200.75199849257956,7.320051716940318,1.0,147.48768494931483,5.948001507420429,23.561099748856687,0.10666905106754614,5.948001507420429
2025,00-0040122,RB,5,position,206.7,200.75199849257956,8.39986205311565,1.0,159.08220080232917,5.948001507420429,25.960714172132043,0.12621191135734072,5.948001507420429
2025,00-0040122,RB,5,position_rank,206.7,200.75199849257956,8.806282499816355,1.0,181.3505095336518,5.948001507420429,34.45105250303644,0.1898469387755102,5.948001507420429
2025,00-0035676,WR,10,pooled,181.3,174.36949877761862,7.3976174839109206,1.0,147.48768494931483,6.930501222381395,23.56109974885669,0.10666905106754614,6.930501222381395
2025,00-0035676,WR,10,position,181.3,174.36949877761862,7.012669310951682,1.0,140.45335890530342,6.930501222381395,21.798085203796024,0.10025662547539968,6.930501222381395
2025,00-0035676,WR,10,position_rank,181.3,174.36949877761862,6.816113525226325,1.0,151.01926010619,6.930501222381395,24.933107774130097,0.14271604938271604,6.930501222381395
2025,00-0039040,RB,6,pooled,289.3,191.78133358940892,34.966092875363934,0.0,147.48768494931483,97.5186664105911,23.56109974885669,0.4534644856592933,97.5186664105911
2025,00-0039040,RB,6,position,289.3,191.78133358940892,34.027804369723334,0.0,159.08220080232917,97.5186664105911,25.960714172132043,0.41568559556786705,97.5186664105911
2025,00-0039040,RB,6,position_rank,289.3,191.78133358940892,27.379932301311513,0.0,181.35050953365186,97.5186664105911,34.45105250303644,0.3184183673469388,97.5186664105911
2025,00-0039338,TE,1,pooled,144.20000000000002,185.61122795490084,12.629905552540393,1.0,147.48768494931488,0.0,23.56109974885669,0.10666905106754614,-41.41122795490082
2025,00-0039338,TE,1,position,144.20000000000002,185.61122795490084,12.53284057691963,1.0,112.01583947069375,0.0,16.794895630742236,0.065025,-41.41122795490082
2025,00-0039338,TE,1,position_rank,144.20000000000002,185.61122795490084,13.185794358959516,1.0,128.18802190424375,0.0,19.12866627322456,0.0625,-41.41122795490082
2025,00-0039915,WR,11,pooled,147.9,169.95989144323244,8.563146015496043,1.0,147.48768494931483,0.0,23.56109974885669,0.10666905106754614,-22.05989144323243
2025,00-0039915,WR,11,position,147.9,169.95989144323244,8.323363506861828,1.0,140.45335890530342,0.0,21.798085203796024,0.10025662547539968,-22.05989144323243
2025,00-0039915,WR,11,position_rank,147.9,169.95989144323244,10.315490505089612,1.0,151.01926010619,0.0,24.933107774130097,0.14271604938271604,-22.05989144323243
2025,00-0037744,TE,2,pooled,242.9,160.4642125720554,28.218489119969448,0.0,147.48768494931483,82.4357874279446,23.56109974885669,0.4534644856592933,82.4357874279446
2025,00-0037744,TE,2,position,242.9,160.4642125720554,31.774848624461328,0.0,112.01583947069372,82.4357874279446,16.794895630742236,0.555025,82.4357874279446
2025,00-0037744,TE,2,position_rank,242.9,160.4642125720554,30.329378082410017,0.0,128.18802190424375,82.4357874279446,19.12866627322456,0.5625,82.4357874279446
2025,00-0038543,WR,12,pooled,289.0,165.93423534924295,47.72721601595968,0.0,147.48768494931483,123.06576465075705,23.56109974885669,0.4534644856592933,123.06576465075705
2025,00-0038543,WR,12,position,289.0,165.93423534924295,48.9156513626726,0.0,140.45335890530342,123.06576465075705,21.798085203796024,0.4669900924092675,123.06576465075705
2025,00-0038543,WR,12,position_rank,289.0,165.93423534924295,46.61629956181546,0.0,151.01926010619,123.06576465075705,24.933107774130097,0.3871604938271605,123.06576465075705
2025,00-0032764,RB,7,pooled,259.4,184.19674448407866,25.124444490987678,1.0,147.48768494931483,75.20325551592131,23.56109974885669,0.4534644856592933,75.20325551592131
2025,00-0032764,RB,7,position,259.4,184.19674448407866,24.55867480924954,1.0,159.08220080232914,75.20325551592131,25.960714172132036,0.41568559556786705,75.20325551592131
2025,00-0032764,RB,7,position_rank,259.4,184.19674448407866,19.183225015517294,1.0,181.35050953365186,75.20325551592131,34.45105250303644,0.3184183673469388,75.20325551592131
2025,00-0038597,RB,8,pooled,231.1,177.62667455733907,17.06300989044201,1.0,147.48768494931483,53.47332544266092,23.56109974885669,0.4534644856592933,53.47332544266092
2025,00-0038597,RB,8,position,231.1,177.62667455733907,17.131643375997616,1.0,159.08220080232917,53.47332544266092,25.960714172132036,0.41568559556786705,53.47332544266092
2025,00-0038597,RB,8,position_rank,231.1,177.62667455733907,13.356476440852811,1.0,181.35050953365186,53.47332544266092,34.45105250303644,0.3184183673469388,53.47332544266092
2025,00-0036410,WR,13,pooled,166.4,162.23099072683232,7.245649594091232,1.0,147.48768494931483,4.169009273167688,23.56109974885669,0.10666905106754614,4.169009273167688
2025,00-0036410,WR,13,position,166.4,162.23099072683232,6.881196599755688,1.0,140.45335890530342,4.169009273167688,21.798085203796024,0.10025662547539968,4.169009273167688
2025,00-0036410,WR,13,position_rank,166.4,162.23099072683232,6.888784365995108,1.0,151.01926010619,4.169009273167688,24.93310777413009,0.14271604938271604,4.169009273167688
2025,00-0034857,QB,1,pooled,374.62,376.28710118022974,7.092067740054458,1.0,147.48768494931483,0.0,23.561099748856687,0.10666905106754614,-1.6671011802297357
2025,00-0034857,QB,1,position,374.62,376.28710118022974,10.00778585388065,1.0,217.3125616566552,0.0,32.71797399869123,0.16000000000000003,-1.6671011802297357
2025,00-0034857,QB,1,position_rank,374.62,376.28710118022974,8.49001137540396,1.0,184.39516033134566,0.0,30.90903052800564,0.13444444444444442,-1.6671011802297357
2025,00-0039361,RB,9,pooled,113.2,171.83146217142416,18.155239928345352,1.0,147.48768494931483,0.0,23.56109974885669,0.10666905106754614,-58.63146217142416
2025,00-0039361,RB,9,position,113.2,171.83146217142416,17.545783640043442,1.0,159.08220080232917,0.0,25.960714172132036,0.12621191135734072,-58.63146217142416
2025,00-0039361,RB,9,position_rank,113.2,171.83146217142416,23.18822976827993,1.0,181.3505095336518,0.0,34.45105250303644,0.1898469387755102,-58.63146217142416
2025,00-0034796,QB,2,pooled,200.44,337.6117339167917,55.414201248150206,0.0,147.48768494931483,0.0,23.561099748856687,0.10666905106754614,-137.1717339167917
2025,00-0034796,QB,2,position,200.44,337.6117339167917,51.354463615964484,0.0,217.31256165665522,0.0,32.71797399869123,0.16000000000000003,-137.1717339167917
2025,00-0034796,QB,2,position_rank,200.44,337.6117339167917,55.70730042123612,0.0,184.39516033134566,0.0,30.90903052800564,0.13444444444444442,-137.1717339167917
2025,00-0037740,WR,14,pooled,81.5,158.80232174082846,25.930977422003856,0.0,147.48768494931483,0.0,23.56109974885669,0.10666905106754614,-77.30232174082846
2025,00-0037740,WR,14,position,81.5,158.80232174082846,26.195370955828615,0.0,140.45335890530342,0.0,21.798085203796024,0.10025662547539968,-77.30232174082846
2025,00-0037740,WR,14,position_rank,81.5,158.80232174082846,28.12772764589461,1.0,151.01926010619,0.0,24.933107774130097,0.14271604938271604,-77.30232174082846
2025,00-0035700,RB,10,pooled,219.1,166.64746804252496,16.713791066562628,1.0,147.48768494931483,52.45253195747503,23.56109974885669,0.4534644856592933,52.45253195747503
2025,00-0035700,RB,10,position,219.1,166.64746804252496,16.836150525022756,1.0,159.08220080232914,52.45253195747503,25.960714172132036,0.41568559556786705,52.45253195747503
2025,00-0035700,RB,10,position_rank,219.1,166.64746804252496,13.114709562782465,1.0,181.35050953365186,52.45253195747503,34.45105250303644,0.3184183673469388,52.45253195747503
2025,00-0033040,WR,15,pooled,43.0,155.61030728073797,43.13348793012333,0.0,147.48768494931483,0.0,23.56109974885669,0.10666905106754614,-112.61030728073797
2025,00-0033040,WR,15,position,43.0,155.61030728073797,43.63088272586203,0.0,140.45335890530342,0.0,21.798085203796024,0.10025662547539968,-112.61030728073797
2025,00-0033040,WR,15,position_rank,43.0,155.61030728073797,44.44832069156081,0.0,151.01926010619,0.0,24.933107774130097,0.14271604938271604,-112.61030728073797
2025,00-0036223,RB,11,pooled,334.40000000000003,161.95797492980552,72.41534622567842,0.0,147.48768494931483,172.44202507019452,23.56109974885669,0.4534644856592933,172.44202507019452
2025,00-0036223,RB,11,position,334.40000000000003,161.95797492980552,70.92500170583246,0.0,159.08220080232914,172.44202507019452,25.960714172132036,0.41568559556786705,172.44202507019452
2025,00-0036223,RB,11,position_rank,334.40000000000003,161.95797492980552,64.11078588955009,0.0,181.35050953365186,172.44202507019452,34.45105250303644,0.3184183673469388,172.44202507019452
2025,00-0033288,TE,3,pooled,127.6,145.75415156803274,8.049232874022398,1.0,147.48768494931483,0.0,23.56109974885669,0.10666905106754614,-18.154151568032745
2025,00-0033288,TE,3,position,127.6,145.75415156803274,6.3770832194764004,1.0,112.01583947069369,0.0,16.794895630742232,0.065025,-18.154151568032745
2025,00-0033288,TE,3,position_rank,127.6,145.75415156803274,7.027631852325993,1.0,128.18802190424375,0.0,19.12866627322456,0.0625,-18.154151568032745
2025,00-0031381,WR,16,pooled,192.9,152.62437716558193,13.074057559965475,1.0,147.48768494931483,40.27562283441807,23.56109974885669,0.4534644856592933,40.27562283441807
2025,00-0031381,WR,16,position,192.9,152.62437716558193,12.93381462847672,1.0,140.45335890530342,40.27562283441807,21.798085203796024,0.4669900924092675,40.27562283441807
2025,00-0031381,WR,16,position_rank,192.9,152.62437716558193,10.776394138147106,1.0,151.01926010618996,40.27562283441807,24.933107774130097,0.3871604938271605,40.27562283441807
2025,00-0031408,WR,17,pooled,65.4,149.81952696432344,29.114990285146344,0.0,147.48768494931483,0.0,23.56109974885669,0.10666905106754614,-84.41952696432344
2025,00-0031408,WR,17,position,65.4,149.81952696432344,29.535492567654774,0.0,140.45335890530342,0.0,21.798085203796024,0.10025662547539968,-84.41952696432344
2025,00-0031408,WR,17,position_rank,65.4,149.81952696432344,31.19170126958999,0.0,151.01926010618996,0.0,24.933107774130097,0.14271604938271604,-84.41952696432344
2025,00-0039910,QB,3,pooled,117.28,314.98809436606183,85.68238147278525,0.0,147.48768494931483,0.0,23.561099748856687,0.10666905106754614,-197.70809436606183
2025,00-0039910,QB,3,position,117.28,314.98809436606183,80.55745997256633,0.0,217.31256165665522,0.0,32.71797399869123,0.16000000000000003,-197.70809436606183
2025,00-0039910,QB,3,position_rank,117.28,314.98809436606183,85.97548064587117,0.0,184.39516033134564,0.0,30.90903052800564,0.13444444444444442,-197.70809436606183
2025,00-0037840,RB,12,pooled,235.70000000000002,157.67680313935432,26.2444354451252,0.0,147.48768494931483,78.0231968606457,23.56109974885669,0.4534644856592933,78.0231968606457
2025,00-0037840,RB,12,position,235.70000000000002,157.67680313935432,25.671809550588105,1.0,159.08220080232914,78.0231968606457,25.960714172132036,0.41568559556786705,78.0231968606457
2025,00-0037840,RB,12,position_rank,235.70000000000002,157.67680313935432,20.05014154477881,1.0,181.35050953365186,78.0231968606457,34.45105250303644,0.3184183673469388,78.0231968606457
2025,00-0039849,WR,18,pooled,107.30000000000001,147.1750438523623,12.231734519152278,1.0,147.48768494931483,0.0,23.56109974885669,0.10666905106754614,-39.875043852362296
2025,00-0039849,WR,18,position,107.30000000000001,147.1750438523623,12.249226740709844,1.0,140.45335890530342,0.0,21.798085203796024,0.10025662547539968,-39.875043852362296
2025,00-0039849,WR,18,position_rank,107.30000000000001,147.1750438523623,14.922645706880877,1.0,151.01926010619,0.0,24.93310777413009,0.14271604938271604,-39.875043852362296
2025,00-0036389,QB,4,pooled,307.06,298.9363666533537,7.491812125300254,1.0,147.48768494931483,8.12363334664633,23.561099748856687,0.10666905106754614,8.12363334664633
2025,00-0036389,QB,4,position,307.06,298.9363666533537,9.878425579476822,1.0,217.31256165665522,8.12363334664633,32.71797399869123,0.16000000000000003,8.12363334664633
2025,00-0036389,QB,4,position_rank,307.06,298.9363666533537,8.252178123496616,1.0,184.39516033134564,8.12363334664633,30.90903052800564,0.13444444444444442,8.12363334664633
2025,00-0035659,WR,19,pooled,87.5,144.67357741978643,17.632260264249393,1.0,147.48768494931483,0.0,23.56109974885669,0.10666905106754614,-57.173577419786426
2025,00-0035659,WR,19,position,87.5,144.67357741978643,17.77668901585763,1.0,140.45335890530342,0.0,21.798085203796024,0.10025662547539968,-57.173577419786426
2025,00-0035659,WR,19,position_rank,87.5,144.67357741978643,20.596664512821615,1.0,151.01926010618996,0.0,24.933107774130097,0.14271604938271604,-57.173577419786426
2025,00-0033906,RB,13,pooled,84.2,153.73850686156857,22.460652306033932,1.0,147.48768494931483,0.0,23.56109974885669,0.10666905106754614,-69.53850686156856
2025,00-0033906,RB,13,position,84.2,153.73850686156857,21.578896859290655,1.0,159.08220080232914,0.0,25.960714172132036,0.12621191135734072,-69.53850686156856
2025,00-0033906,RB,13,position_rank,84.2,153.73850686156857,27.09182584841947,1.0,181.35050953365186,0.0,34.45105250303644,0.1898469387755102,-69.53850686156856
2025,00-0034827,WR,20,pooled,145.58,142.30044909707698,7.222242794874268,1.0,147.48768494931483,3.2795509029230345,23.56109974885669,0.10666905106754614,3.2795509029230345
2025,00-0034827,WR,20,position,145.58,142.30044909707698,6.857789800538723,1.0,140.45335890530342,3.2795509029230345,21.798085203796024,0.10025662547539968,3.2795509029230345
2025,00-0034827,WR,20,position_rank,145.58,142.30044909707698,6.920724987880965,1.0,151.01926010619,3.2795509029230345,24.93310777413009,0.14271604938271604,3.2795509029230345
2025,00-0037248,RB,14,pooled,284.2,150.0922140340241,53.24822667356911,0.0,147.48768494931483,134.1077859659759,23.56109974885669,0.4534644856592933,134.1077859659759
2025,00-0037248,RB,14,position,284.2,150.0922140340241,51.75788215372314,0.0,159.08220080232914,134.1077859659759,25.960714172132036,0.41568559556786705,134.1077859659759
2025,00-0037248,RB,14,position_rank,284.2,150.0922140340241,44.94366633744075,0.0,181.35050953365186,134.1077859659759,34.45105250303644,0.3184183673469388,134.1077859659759
2025,00-0038134,RB,15,pooled,161.1,146.69759662454024,8.012490215431637,1.0,147.48768494931483,14.402403375459755,23.56109974885669,0.10666905106754614,14.402403375459755
2025,00-0038134,RB,15,position,161.1,146.69759662454024,9.067314832171386,1.0,159.08220080232914,14.402403375459755,25.960714172132036,0.12621191135734072,14.402403375459755
2025,00-0038134,RB,15,position_rank,161.1,146.69759662454024,8.40113305436984,1.0,181.35050953365186,14.402403375459755,34.45105250303644,0.1898469387755102,14.402403375459755
2025,00-0040666,RB,16,pooled,119.7,143.5221441072845,8.805718187628429,1.0,147.48768494931483,0.0,23.56109974885669,0.10666905106754614,-23.8221441072845
2025,00-0040666,RB,16,position,119.7,143.5221441072845,9.423213253360908,1.0,159.08220080232914,0.0,25.960714172132036,0.12621191135734072,-23.8221441072845
2025,00-0040666,RB,16,position_rank,119.7,143.5221441072845,12.90487378342128,1.0,181.35050953365186,0.0,34.45105250303644,0.1898469387755102,-23.8221441072845
2025,00-0034348,WR,21,pooled,181.70000000000002,140.0431302439478,13.473892195175363,1.0,147.48768494931483,41.65686975605223,23.56109974885669,0.4534644856592933,41.65686975605223
2025,00-0034348,WR,21,position,181.70000000000002,140.0431302439478,13.333649263686608,1.0,140.45335890530342,41.65686975605223,21.798085203796024,0.4669900924092675,41.65686975605223
2025,00-0034348,WR,21,position_rank,181.70000000000002,140.0431302439478,11.176228773356993,1.0,151.01926010618996,41.65686975605223,24.933107774130097,0.3871604938271605,41.65686975605223
2025,00-0038120,RB,17,pooled,189.66,140.539264974614,15.634484773140397,1.0,147.48768494931483,49.12073502538598,23.56109974885669,0.4534644856592933,49.12073502538598
2025,00-0038120,RB,17,position,189.66,140.539264974614,15.87168299204961,1.0,159.08220080232914,49.12073502538598,25.960714172132036,0.41568559556786705,49.12073502538598
2025,00-0038120,RB,17,position_rank,189.66,140.539264974614,12.325599763077165,1.0,181.35050953365186,49.12073502538598,34.45105250303644,0.3184183673469388,49.12073502538598
2025,00-0035640,WR,22,pooled,157.70000000000002,137.89084176269077,8.723905328832885,1.0,147.48768494931483,19.809158237309248,23.56109974885669,0.10666905106754614,19.809158237309248
2025,00-0035640,WR,22,position,157.70000000000002,137.89084176269077,8.356455243257074,1.0,140.45335890530342,19.809158237309248,21.798085203796024,0.10025662547539968,19.809158237309248
2025,00-0035640,WR,22,position_rank,157.70000000000002,137.89084176269077,7.067345004779056,1.0,151.01926010618996,19.809158237309248,24.933107774130097,0.14271604938271604,19.809158237309248
2025,00-0040124,WR,23,pooled,167.9,135.83424278594802,11.030871041135956,1.0,147.48768494931483,32.065757214051985,23.56109974885669,0.4534644856592933,32.065757214051985
2025,00-0040124,WR,23,position,167.9,135.83424278594802,10.792245205896853,1.0,140.45335890530342,32.065757214051985,21.798085203796024,0.4669900924092675,32.065757214051985
2025,00-0040124,WR,23,position_rank,167.9,135.83424278594802,8.781292512025018,1.0,151.01926010618996,32.065757214051985,24.933107774130097,0.3871604938271605,32.065757214051985
2025,00-0036442,QB,5,pooled,117.32,286.48567935116597,71.41117396533733,0.0,147.48768494931483,0.0,23.561099748856687,0.10666905106754614,-169.16567935116598
2025,00-0036442,QB,5,position,117.32,286.48567935116597,66.2862524651184,0.0,217.31256165665522,0.0,32.71797399869123,0.16000000000000003,-169.16567935116598
2025,00-0036442,QB,5,position_rank,117.32,286.48567935116597,71.70427313842326,0.0,184.39516033134564,0.0,30.90903052800564,0.13444444444444442,-169.16567935116598
2025,00-0036912,WR,24,pooled,156.6,133.8651856687013,9.163961357840938,1.0,147.48768494931483,22.734814331298708,23.56109974885669,0.10666905106754614,22.734814331298708
2025,00-0036912,WR,24,position,156.6,133.8651856687013,8.844659320018042,1.0,140.45335890530342,22.734814331298708,21.798085203796024,0.10025662547539968,22.734814331298708
2025,00-0036912,WR,24,position_rank,156.6,133.8651856687013,7.322197321935332,1.0,151.01926010618996,22.734814331298708,24.933107774130097,0.14271604938271604,22.734814331298708
2025,00-0036555,RB,18,pooled,107.7,137.7269317213696,9.948705379696735,1.0,147.48768494931483,0.0,23.56109974885669,0.10666905106754614,-30.026931721369593
2025,00-0036555,RB,18,position,107.7,137.7269317213696,10.361417282683428,1.0,159.08220080232914,0.0,25.960714172132036,0.12621191135734072,-30.026931721369593
2025,00-0036555,RB,18,position_rank,107.7,137.7269317213696,14.37442874465196,1.0,181.35050953365186,0.0,34.45105250303644,0.1898469387755102,-30.026931721369593
2025,00-0033553,RB,19,pooled,29.3,135.06669267564143,39.711680627575056,0.0,147.48768494931483,0.0,23.56109974885669,0.10666905106754614,-105.76669267564144
2025,00-0033553,RB,19,position,29.3,135.06669267564143,38.280629385351716,0.0,159.08220080232914,0.0,25.960714172132036,0.12621191135734072,-105.76669267564144
2025,00-0033553,RB,19,position_rank,29.3,135.06669267564143,42.48955877437236,0.0,181.35050953365186,0.0,34.45105250303644,0.1898469387755102,-105.76669267564144
2025,00-0040734,RB,20,pooled,171.4,132.5429375924704,12.663421646918817,1.0,147.48768494931483,38.85706240752961,23.56109974885669,0.4534644856592933,38.85706240752961
2025,00-0040734,RB,20,position,171.4,132.5429375924704,13.156491548389482,1.0,159.08220080232914,38.85706240752961,25.960714172132036,0.41568559556786705,38.85706240752961
2025,00-0040734,RB,20,position_rank,171.4,132.5429375924704,10.397611454865999,1.0,181.35050953365186,38.85706240752961,34.45105250303644,0.3184183673469388,38.85706240752961
2025,00-0036613,WR,25,pooled,162.12,131.97652102857202,10.575594615251322,1.0,147.48768494931483,30.14347897142798,23.56109974885669,0.4534644856592933,30.14347897142798
2025,00-0036613,WR,25,position,162.12,131.97652102857202,10.336968780012223,1.0,140.45335890530342,30.14347897142798,21.798085203796024,0.4669900924092675,30.14347897142798
2025,00-0036613,WR,25,position_rank,162.12,131.97652102857202,8.427188625225861,1.0,151.01926010618996,30.14347897142798,24.933107774130097,0.3871604938271605,30.14347897142798
2025,00-0039894,WR,26,pooled,88.9,130.16194104629065,12.586690921100603,1.0,147.48768494931483,0.0,23.56109974885669,0.10666905106754614,-41.261941046290644
2025,00-0039894,WR,26,position,88.9,130.16194104629065,12.650696981057525,1.0,140.45335890530342,0.0,21.798085203796024,0.10025662547539968,-41.261941046290644
2025,00-0039894,WR,26,position_rank,88.9,130.16194104629065,15.324115947228558,1.0,151.01926010618996,0.0,24.933107774130097,0.14271604938271604,-41.261941046290644
2025,00-0034837,WR,27,pooled,38.800000000000004,128.41585235548166,31.63626046749517,0.0,147.48768494931483,0.0,23.56109974885669,0.10666905106754614,-89.61585235548165
2025,00-0034837,WR,27,position,38.800000000000004,128.41585235548166,32.133655263233884,0.0,140.45335890530342,0.0,21.798085203796024,0.10025662547539968,-89.61585235548165
2025,00-0034837,WR,27,position_rank,38.800000000000004,128.41585235548166,33.51637315510814,0.0,151.01926010619,0.0,24.933107774130097,0.14271604938271604,-89.61585235548165
2025,00-0037247,WR,28,pooled,244.0,126.7332720602868,44.827697660437764,0.0,147.48768494931483,117.2667279397132,23.56109974885669,0.4534644856592933,117.2667279397132
2025,00-0037247,WR,28,position,244.0,126.7332720602868,46.01613300715067,0.0,140.45335890530342,117.2667279397132,21.798085203796024,0.4669900924092675,117.2667279397132
2025,00-0037247,WR,28,position_rank,244.0,126.7332720602868,43.71678120629355,0.0,151.01926010618996,117.2667279397132,24.933107774130097,0.3871604938271605,117.2667279397132
2025,00-0039064,WR,29,pooled,172.5,125.10974200787524,15.133557210880571,1.0,147.48768494931483,47.39025799212476,23.56109974885669,0.4534644856592933,47.39025799212476
2025,00-0039064,WR,29,position,172.5,125.10974200787524,15.062450495000428,1.0,140.45335890530342,47.39025799212476,21.798085203796024,0.4669900924092675,47.39025799212476
2025,00-0039064,WR,29,position_rank,172.5,125.10974200787524,12.835893789062197,1.0,151.01926010619,47.39025799212476,24.93310777413009,0.3871604938271605,47.39025799212476
2025,00-0037240,WR,30,pooled,177.0,123.54125760019633,17.05802095472769,1.0,147.48768494931483,53.45874239980367,23.56109974885669,0.4534644856592933,53.45874239980367
2025,00-0037240,WR,30,position,177.0,123.54125760019633,17.138510950259,1.0,140.45335890530342,53.45874239980367,21.798085203796024,0.4669900924092675,53.45874239980367
2025,00-0037240,WR,30,position_rank,177.0,123.54125760019633,14.842925889341211,1.0,151.01926010619,53.45874239980367,24.933107774130097,0.3871604938271605,53.45874239980367
2025,00-0035261,RB,21,pooled,161.3,130.14234261603934,10.815794765588015,1.0,147.48768494931483,31.157657383960668,23.56109974885669,0.4534644856592933,31.157657383960668
2025,00-0035261,RB,21,position,161.3,130.14234261603934,11.414603865706802,1.0,159.08220080232914,31.157657383960668,25.960714172132036,0.41568559556786705,31.157657383960668
2025,00-0035261,RB,21,position_rank,161.3,130.14234261603934,9.177295249157003,1.0,181.35050953365186,31.157657383960668,34.45105250303644,0.3184183673469388,31.157657383960668
2025,00-0036275,RB,22,pooled,206.3,127.85344447975095,26.433832740210917,0.0,147.48768494931483,78.44655552024906,23.56109974885669,0.4534644856592933,78.44655552024906
2025,00-0036275,RB,22,position,206.3,127.85344447975095,25.838924810957856,1.0,159.08220080232914,78.44655552024906,25.960714172132036,0.41568559556786705,78.44655552024906
2025,00-0036275,RB,22,position_rank,206.3,127.85344447975095,20.194974770432594,1.0,181.35050953365186,78.44655552024906,34.45105250303644,0.3184183673469388,78.44655552024906
2025,00-0040730,RB,23,pooled,179.3,125.66630943444798,17.11787164301003,1.0,147.48768494931483,53.63369056555203,23.56109974885669,0.4534644856592933,53.63369056555203
2025,00-0040730,RB,23,position,179.3,125.66630943444798,17.17806485893978,1.0,159.08220080232914,53.63369056555203,25.960714172132036,0.41568559556786705,53.63369056555203
2025,00-0040730,RB,23,position_rank,179.3,125.66630943444798,13.394457654169123,1.0,181.35050953365186,53.63369056555203,34.45105250303644,0.3184183673469388,53.63369056555203
2025,00-0033873,QB,6,pooled,296.18,276.3127271026238,8.731551994631173,1.0,147.48768494931483,19.86727289737621,23.561099748856687,0.10666905106754614,19.86727289737621
2025,00-0033873,QB,6,position,296.18,276.3127271026238,10.599654303876349,1.0,217.31256165665522,19.86727289737621,32.71797399869123,0.16000000000000003,19.86727289737621
2025,00-0033873,QB,6,position_rank,296.18,276.3127271026238,9.229798215949204,1.0,184.39516033134564,19.86727289737621,30.90903052800564,0.13444444444444442,19.86727289737621
2025,00-0037239,WR,31,pooled,219.0,122.02420828279568,34.72322788095405,0.0,147.48768494931483,96.97579171720432,23.56109974885669,0.4534644856592933,96.97579171720432
2025,00-0037239,WR,31,position,219.0,122.02420828279568,35.87066489589623,0.0,140.45335890530342,96.97579171720432,21.798085203796024,0.4669900924092675,96.97579171720432
2025,00-0037239,WR,31,position_rank,219.0,122.02420828279568,33.5713130950391,0.0,151.01926010618996,96.97579171720432,24.933107774130097,0.3871604938271605,96.97579171720432
2025,00-0035229,TE,4,pooled,87.3,135.31719718920996,14.542159804577253,1.0,147.48768494931483,0.0,23.56109974885669,0.10666905106754614,-48.017197189209966
2025,00-0035229,TE,4,position,87.3,135.31719718920996,14.8176147839603,1.0,112.01583947069372,0.0,16.794895630742236,0.065025,-48.017197189209966
2025,00-0035229,TE,4,position_rank,87.3,135.31719718920996,15.098048610996372,1.0,128.18802190424375,0.0,19.12866627322456,0.0625,-48.017197189209966
2025,00-0035685,RB,24,pooled,148.92000000000002,123.57227268929975,9.64528743299386,1.0,147.48768494931483,25.347727310700265,23.56109974885669,0.4534644856592933,25.347727310700265
2025,00-0035685,RB,24,position,148.92000000000002,123.57227268929975,10.344353589053568,1.0,159.08220080232914,25.347727310700265,25.960714172132036,0.41568559556786705,25.347727310700265
2025,00-0035685,RB,24,position_rank,148.92000000000002,123.57227268929975,8.573562492019443,1.0,181.35050953365186,25.347727310700265,34.45105250303644,0.3184183673469388,25.347727310700265
2025,00-0037197,RB,25,pooled,77.8,121.56373107765631,13.310893298601192,1.0,147.48768494931483,0.0,23.56109974885669,0.10666905106754614,-43.76373107765632
2025,00-0037197,RB,25,position,77.8,121.56373107765631,13.200947557782147,1.0,159.08220080232914,0.0,25.960714172132036,0.12621191135734072,-43.76373107765632
2025,00-0037197,RB,25,position_rank,77.8,121.56373107765631,12.95587513012077,1.0,156.81279463833474,0.0,24.967827577080932,0.11270408163265304,-43.76373107765632
2025,00-0040718,WR,32,pooled,49.800000000000004,120.55532748504027,23.00205893915124,0.0,147.48768494931483,0.0,23.56109974885669,0.10666905106754614,-70.75532748504025
2025,00-0040718,WR,32,position,49.800000000000004,120.55532748504027,23.266452472976,0.0,140.45335890530342,0.0,21.798085203796024,0.10025662547539968,-70.75532748504025
2025,00-0040718,WR,32,position_rank,49.800000000000004,120.55532748504027,25.54338780808348,1.0,151.01926010619,0.0,24.933107774130097,0.14271604938271604,-70.75532748504025
2025,00-0033293,RB,26,pooled,104.7,119.63397641151397,7.70582203045266,1.0,147.48768494931483,0.0,23.56109974885669,0.10666905106754614,-14.933976411513967
2025,00-0033293,RB,26,position,104.7,119.63397641151397,8.497551976287014,1.0,159.08220080232914,0.0,25.960714172132036,0.12621191135734072,-14.933976411513967
2025,00-0033293,RB,26,position_rank,104.7,119.63397641151397,7.817501471869474,1.0,156.81279463833474,0.0,24.967827577080932,0.11270408163265304,-14.933976411513967
2025,00-0039065,TE,5,pooled,86.9,127.22166643490733,12.337513551860312,1.0,147.4876849493148,0.0,23.56109974885669,0.10666905106754614,-40.32166643490733
2025,00-0039065,TE,5,position,86.9,127.22166643490733,12.16009584639554,1.0,112.0158394706937,0.0,16.794895630742236,0.065025,-40.32166643490733
2025,00-0039065,TE,5,position_rank,86.9,127.22166643490733,12.87039497159298,1.0,128.18802190424373,0.0,19.128666273224564,0.0625,-40.32166643490733
2025,00-0039067,WR,33,pooled,123.60000000000001,119.13165026581012,7.253526974644449,1.0,147.48768494931483,4.468349734189886,23.56109974885669,0.10666905106754614,4.468349734189886
2025,00-0039067,WR,33,position,123.60000000000001,119.13165026581012,6.889073980308902,1.0,140.45335890530342,4.468349734189886,21.798085203796024,0.10025662547539968,4.468349734189886
2025,00-0039067,WR,33,position_rank,123.60000000000001,119.13165026581012,6.749645483198206,1.0,133.99827799670035,4.468349734189886,24.734094076636776,0.12641975308641976,4.468349734189886
2025,00-0034855,QB,7,pooled,268.7,267.7116185308314,7.1619488624070495,1.0,147.48768494931483,0.988381469168587,23.561099748856687,0.10666905106754614,0.988381469168587
2025,00-0034855,QB,7,position,268.7,267.7116185308314,9.937904731528064,1.0,217.31256165665522,0.988381469168587,32.71797399869123,0.16000000000000003,0.988381469168587
2025,00-0034855,QB,7,position_rank,268.7,267.7116185308314,8.407690871563114,1.0,184.39516033134564,0.988381469168587,30.90903052800564,0.13444444444444442,0.988381469168587
2025,00-0036407,WR,34,pooled,92.5,117.7504772837818,9.0688321938253,1.0,147.48768494931483,0.0,23.56109974885669,0.10666905106754614,-25.250477283781805
2025,00-0036407,WR,34,position,92.5,117.7504772837818,8.814658245923859,1.0,140.45335890530342,0.0,21.798085203796024,0.10025662547539968,-25.250477283781805
2025,00-0036407,WR,34,position_rank,92.5,117.7504772837818,9.674779070756363,1.0,133.99827799670035,0.0,24.734094076636776,0.12641975308641976,-25.250477283781805
2025,00-0039732,QB,8,pooled,305.3,260.26099938991564,14.452930073974144,1.0,147.48768494931483,45.03900061008437,23.561099748856687,0.4534644856592933,45.03900061008437
2025,00-0039732,QB,8,position,305.3,260.26099938991564,13.914585350903286,1.0,217.31256165665522,45.03900061008437,32.71797399869123,0.36,45.03900061008437
2025,00-0039732,QB,8,position_rank,305.3,260.26099938991564,13.666776413152814,1.0,184.39516033134564,45.03900061008437,30.90903052800564,0.4011111111111111,45.03900061008437
2025,00-0039919,WR,35,pooled,124.10000000000001,116.40934399178184,7.457629703845401,1.0,147.48768494931483,7.69065600821817,23.56109974885669,0.10666905106754614,7.69065600821817
2025,00-0039919,WR,35,position,124.10000000000001,116.40934399178184,7.072681530886165,1.0,140.45335890530342,7.69065600821817,21.798085203796024,0.10025662547539968,7.69065600821817
2025,00-0039919,WR,35,position_rank,124.10000000000001,116.40934399178184,6.834443016725267,1.0,133.99827799670035,7.69065600821817,24.734094076636776,0.12641975308641976,7.69065600821817
2025,00-0030506,TE,6,pooled,152.5,120.60713618518731,10.989922604474017,1.0,147.4876849493148,31.892863814812685,23.56109974885669,0.4534644856592933,31.892863814812685
2025,00-0030506,TE,6,position,152.5,120.60713618518731,10.596399103587098,1.0,112.0158394706937,31.892863814812685,16.794895630742236,0.555025,31.892863814812685
2025,00-0030506,TE,6,position_rank,152.5,120.60713618518731,10.525241209222719,1.0,128.18802190424373,31.892863814812685,19.128666273224564,0.5625,31.892863814812685
2025,00-0031588,WR,36,pooled,162.0,115.10599417182064,14.989905268685849,1.0,147.48768494931483,46.89400582817936,23.56109974885669,0.4534644856592933,46.89400582817936
2025,00-0031588,WR,36,position,162.0,115.10599417182064,14.892680017861215,1.0,140.45335890530342,46.89400582817936,21.798085203796024,0.4669900924092675,46.89400582817936
2025,00-0031588,WR,36,position_rank,162.0,115.10599417182064,13.212086824543388,1.0,133.99827799670035,46.89400582817936,24.734094076636776,0.41530864197530853,46.89400582817936
2025,00-0040129,WR,37,pooled,162.9,113.83835709692883,15.617379158786115,1.0,147.48768494931483,49.061642903071174,23.56109974885669,0.4534644856592933,49.061642903071174
2025,00-0040129,WR,37,position,162.9,113.83835709692883,15.634240069797888,1.0,140.45335890530342,49.061642903071174,21.798085203796024,0.4669900924092675,49.061642903071174
2025,00-0040129,WR,37,position_rank,162.9,113.83835709692883,13.839560714643648,1.0,133.99827799670035,49.061642903071174,24.734094076636776,0.41530864197530853,49.061642903071174
2025,00-0039916,WR,38,pooled,70.60000000000001,112.60452773924479,12.801650226955749,1.0,147.48768494931483,0.0,23.56109974885669,0.10666905106754614,-42.00452773924478
2025,00-0039916,WR,38,position,70.60000000000001,112.60452773924479,12.86565628691267,1.0,140.45335890530342,0.0,21.798085203796024,0.10025662547539968,-42.00452773924478
2025,00-0039916,WR,38,position_rank,70.60000000000001,112.60452773924479,14.698154089349696,1.0,133.99827799670035,0.0,24.734094076636776,0.12641975308641976,-42.00452773924478
2025,00-0039384,RB,27,pooled,118.9,117.77706030338484,7.165489868392482,1.0,147.48768494931483,1.1229396966151626,23.56109974885669,0.10666905106754614,1.1229396966151626
2025,00-0039384,RB,27,position,118.9,117.77706030338484,8.204732411702693,1.0,159.08220080232914,1.1229396966151626,25.960714172132036,0.12621191135734072,1.1229396966151626
2025,00-0039384,RB,27,position_rank,118.9,117.77706030338484,7.881313270095029,1.0,156.81279463833474,1.1229396966151626,24.967827577080932,0.11270408163265304,1.1229396966151626
2025,00-0037228,RB,28,pooled,184.70000000000002,115.98768358396953,22.562231688399198,1.0,147.48768494931483,68.71231641603049,23.56109974885669,0.4534644856592933,68.71231641603049
2025,00-0037228,RB,28,position,184.70000000000002,115.98768358396953,22.21214165733546,1.0,159.08220080232914,68.71231641603049,25.960714172132036,0.41568559556786705,68.71231641603049
2025,00-0037228,RB,28,position_rank,184.70000000000002,115.98768358396953,22.437419315082806,1.0,156.81279463833474,68.71231641603049,24.967827577080936,0.44127551020408173,68.71231641603049
2025,00-0035228,QB,9,pooled,80.78,253.68908755189392,73.28287806570131,0.0,147.48768494931483,0.0,23.561099748856687,0.10666905106754614,-172.90908755189392
2025,00-0035228,QB,9,position,80.78,253.68908755189392,68.1579565654824,0.0,217.31256165665522,0.0,32.71797399869123,0.16000000000000003,-172.90908755189392
2025,00-0035228,QB,9,position_rank,80.78,253.68908755189392,66.21993668826867,0.0,220.69050746270466,0.0,30.064141638391582,0.14694444444444446,-172.90908755189392
2025,00-0034960,WR,39,pooled,131.4,111.40274954941003,8.748654304264562,1.0,147.48768494931483,19.997250450589974,23.56109974885669,0.10666905106754614,19.997250450589974
2025,00-0034960,WR,39,position,131.4,111.40274954941003,8.38120421868875,1.0,140.45335890530342,19.997250450589974,21.798085203796024,0.10025662547539968,19.997250450589974
2025,00-0034960,WR,39,position_rank,131.4,111.40274954941003,7.705147179483076,1.0,133.99827799670035,19.997250450589974,24.734094076636776,0.12641975308641976,19.997250450589974
2025,00-0033077,QB,10,pooled,323.08,247.81031208772794,25.15066780533665,1.0,147.48768494931483,75.26968791227205,23.561099748856687,0.4534644856592933,75.26968791227205
2025,00-0033077,QB,10,position,323.08,247.81031208772794,21.818915193155327,1.0,217.31256165665522,75.26968791227205,32.71797399869123,0.36,75.26968791227205
2025,00-0033077,QB,10,position_rank,323.08,247.81031208772794,23.124431473781588,1.0,220.69050746270466,75.26968791227205,30.06414163839158,0.3802777777777778,75.26968791227205
2025,00-0033885,TE,7,pooled,69.8,115.01463054481141,13.73089051277767,1.0,147.48768494931483,0.0,23.56109974885669,0.10666905106754614,-45.21463054481141
2025,00-0033885,TE,7,position,69.8,115.01463054481141,13.83400462083641,1.0,112.01583947069372,0.0,16.794895630742236,0.065025,-45.21463054481141
2025,00-0033885,TE,7,position_rank,69.8,115.01463054481141,14.286779319196793,1.0,128.18802190424375,0.0,19.12866627322456,0.0625,-45.21463054481141
2025,00-0033881,TE,8,pooled,71.8,110.17018180636452,11.875319824047544,1.0,147.48768494931483,0.0,23.56109974885669,0.10666905106754614,-38.37018180636453
2025,00-0033881,TE,8,position,71.8,110.17018180636452,11.5178640013298,1.0,112.01583947069372,0.0,16.794895630742236,0.065025,-38.37018180636453
2025,00-0033881,TE,8,position_rank,71.8,110.17018180636452,12.305491526488483,1.0,128.18802190424375,0.0,19.12866627322456,0.0625,-38.37018180636453
2025,00-0040142,RB,29,pooled,8.3,114.2611051333881,39.80888685644839,0.0,147.48768494931483,0.0,23.56109974885669,0.10666905106754614,-105.9611051333881
2025,00-0040142,RB,29,position,8.3,114.2611051333881,38.37783561422504,0.0,159.08220080232914,0.0,25.960714172132036,0.12621191135734072,-105.9611051333881
2025,00-0040142,RB,29,position_rank,8.3,114.2611051333881,38.37249435975092,0.0,156.81279463833474,0.0,24.967827577080936,0.11270408163265304,-105.9611051333881
2025,00-0036973,RB,30,pooled,231.60000000000002,112.59306617448564,45.697800603338344,0.0,147.48768494931483,119.00693382551438,23.56109974885669,0.4534644856592933,119.00693382551438
2025,00-0036973,RB,30,position,231.60000000000002,112.59306617448564,44.20745608349239,0.0,159.08220080232914,119.00693382551438,25.960714172132036,0.41568559556786705,119.00693382551438
2025,00-0036973,RB,30,position_rank,231.60000000000002,112.59306617448564,44.75983131928659,0.0,156.81279463833474,119.00693382551438,24.967827577080936,0.44127551020408173,119.00693382551438
2025,00-0034753,TE,9,pooled,104.6,105.89707518116465,7.1018052663456475,1.0,147.48768494931483,0.0,23.56109974885669,0.10666905106754614,-1.297075181164658
2025,00-0034753,TE,9,position,104.6,105.89707518116465,4.981797346059043,1.0,112.01583947069372,0.0,16.794895630742232,0.065025,-1.297075181164658
2025,00-0034753,TE,9,position_rank,104.6,105.89707518116465,5.301992924955258,1.0,128.18802190424375,0.0,19.12866627322456,0.0625,-1.297075181164658
2025,00-0037261,WR,40,pooled,130.4,110.23139941653534,8.771200374379651,1.0,147.48768494931483,20.168600583464666,23.56109974885669,0.10666905106754614,20.168600583464666
2025,00-0037261,WR,40,position,130.4,110.23139941653534,8.40375028880384,1.0,140.45335890530342,20.168600583464666,21.798085203796024,0.10025662547539968,20.168600583464666
2025,00-0037261,WR,40,position_rank,130.4,110.23139941653534,7.727693249598168,1.0,133.99827799670035,20.168600583464666,24.734094076636776,0.12641975308641976,20.168600583464666
2025,00-0038994,WR,41,pooled,112.80000000000001,109.0889744855657,7.233597389914038,1.0,147.48768494931483,3.7110255144343114,23.56109974885669,0.10666905106754614,3.7110255144343114
2025,00-0038994,WR,41,position,112.80000000000001,109.0889744855657,6.869144395578493,1.0,140.45335890530342,3.7110255144343114,21.798085203796024,0.10025662547539968,3.7110255144343114
2025,00-0038994,WR,41,position_rank,112.80000000000001,109.0889744855657,6.729715898467796,1.0,133.99827799670035,3.7110255144343114,24.734094076636776,0.12641975308641976,3.7110255144343114
2025,00-0037834,QB,11,pooled,181.20000000000002,242.49231280668232,19.205575705420934,1.0,147.48768494931483,0.0,23.561099748856687,0.10666905106754614,-61.292312806682304
2025,00-0037834,QB,11,position,181.20000000000002,242.49231280668232,21.0487184835741,1.0,217.31256165665522,0.0,32.71797399869123,0.16000000000000003,-61.292312806682304
2025,00-0037834,QB,11,position_rank,181.20000000000002,242.49231280668232,20.40444236756929,1.0,220.69050746270466,0.0,30.06414163839158,0.14694444444444446,-61.292312806682304
2025,00-0036945,QB,12,pooled,143.66,237.63735983918576,33.81701420934723,0.0,147.48768494931483,0.0,23.561099748856687,0.10666905106754614,-93.97735983918577
2025,00-0036945,QB,12,position,143.66,237.63735983918576,33.07924580985021,1.0,217.31256165665522,0.0,32.71797399869123,0.16000000000000003,-93.97735983918577
2025,00-0036945,QB,12,position_rank,143.66,237.63735983918576,32.41246920165588,1.0,220.69050746270466,0.0,30.064141638391575,0.14694444444444446,-93.97735983918577
2025,00-0039165,RB,31,pooled,154.2,110.97972698436558,13.926456296633367,1.0,147.48768494931483,43.220273015634405,23.56109974885669,0.4534644856592933,43.220273015634405
2025,00-0039165,RB,31,position,154.2,110.97972698436558,14.189883534519561,1.0,159.08220080232914,43.220273015634405,25.960714172132036,0.41568559556786705,43.220273015634405
2025,00-0039165,RB,31,position_rank,154.2,110.97972698436558,14.633011676028772,1.0,156.81279463833474,43.220273015634405,24.967827577080932,0.44127551020408173,43.220273015634405
2025,00-0035719,WR,42,pooled,149.1,107.97408056340615,13.32019605006899,1.0,147.48768494931483,41.12591943659385,23.56109974885669,0.4534644856592933,41.12591943659385
2025,00-0035719,WR,42,position,149.1,107.97408056340615,13.179953118580237,1.0,140.45335890530342,41.12591943659385,21.798085203796024,0.4669900924092675,41.12591943659385
2025,00-0035719,WR,42,position_rank,149.1,107.97408056340615,11.734485692501629,1.0,133.99827799670035,41.12591943659385,24.734094076636776,0.41530864197530853,41.12591943659385
2025,00-0036259,WR,43,pooled,140.3,106.88542188943481,11.350328621889085,1.0,147.48768494931483,33.4145781105652,23.56109974885669,0.4534644856592933,33.4145781105652
2025,00-0036259,WR,43,position,140.3,106.88542188943481,11.111702786649985,1.0,140.45335890530342,33.4145781105652,21.798085203796024,0.4669900924092675,33.4145781105652
2025,00-0036259,WR,43,position_rank,140.3,106.88542188943481,9.908115378442213,1.0,133.99827799670035,33.4145781105652,24.734094076636776,0.41530864197530853,33.4145781105652
2025,00-0038997,WR,44,pooled,101.8,105.82179208214913,7.1365516642292475,1.0,147.48768494931483,0.0,23.56109974885669,0.10666905106754614,-4.021792082149133
2025,00-0038997,WR,44,position,101.8,105.82179208214913,6.772098669893701,1.0,140.45335890530342,0.0,21.798085203796024,0.10025662547539968,-4.021792082149133
2025,00-0038997,WR,44,position_rank,101.8,105.82179208214913,6.9322717361323525,1.0,133.99827799670035,0.0,24.734094076636776,0.12641975308641976,-4.021792082149133
2025,00-0036252,WR,45,pooled,160.3,104.78206610331571,17.762481203660535,1.0,147.48768494931483,55.5179338966843,23.56109974885669,0.4534644856592933,55.5179338966843
2025,00-0036252,WR,45,position,160.3,104.78206610331571,17.84297119919185,1.0,140.45335890530342,55.5179338966843,21.798085203796024,0.4669900924092675,55.5179338966843
2025,00-0036252,WR,45,position_rank,160.3,104.78206610331571,15.70848705490008,1.0,133.99827799670035,55.5179338966843,24.734094076636776,0.41530864197530853,55.5179338966843
2025,00-0036355,QB,13,pooled,299.88,233.17123604490985,21.771355716975375,1.0,147.48768494931483,66.70876395509015,23.561099748856687,0.4534644856592933,66.70876395509015
2025,00-0036355,QB,13,position,299.88,233.17123604490985,19.176713689963385,1.0,217.31256165665522,66.70876395509015,32.71797399869123,0.36,66.70876395509015
2025,00-0036355,QB,13,position_rank,299.88,233.17123604490985,20.19569433053515,1.0,220.69050746270466,66.70876395509015,30.06414163839158,0.3802777777777778,66.70876395509015
2025,00-0037525,RB,32,pooled,112.5,109.41761365722994,7.217054253817611,1.0,147.48768494931483,3.0823863427700644,23.56109974885669,0.10666905106754614,3.0823863427700644
2025,00-0037525,RB,32,position,112.5,109.41761365722994,8.256296797127822,1.0,159.08220080232914,3.0823863427700644,25.960714172132036,0.12621191135734072,3.0823863427700644
2025,00-0037525,RB,32,position_rank,112.5,109.41761365722994,8.036006426370417,1.0,156.81279463833474,3.0823863427700644,24.967827577080932,0.11270408163265304,3.0823863427700644
2025,00-0036997,RB,33,pooled,225.3,107.9035730617662,44.89254715969807,0.0,147.48768494931483,117.39642693823382,23.56109974885669,0.4534644856592933,117.39642693823382
2025,00-0036997,RB,33,position,225.3,107.9035730617662,43.4022026398521,0.0,159.08220080232914,117.39642693823382,25.960714172132036,0.41568559556786705,117.39642693823382
2025,00-0036997,RB,33,position_rank,225.3,107.9035730617662,43.95457787564631,0.0,156.81279463833474,117.39642693823382,24.967827577080936,0.44127551020408173,117.39642693823382
2025,00-0039918,QB,14,pooled,307.1,229.0362512673934,26.262577072055084,0.0,147.48768494931483,78.06374873260663,23.56109974885669,0.4534644856592933,78.06374873260663
2025,00-0039918,QB,14,position,307.1,229.0362512673934,22.774778105375052,1.0,217.3125616566552,78.06374873260663,32.71797399869123,0.36,78.06374873260663
2025,00-0039918,QB,14,position_rank,307.1,229.0362512673934,24.080294386001313,1.0,220.69050746270466,78.06374873260663,30.064141638391575,0.3802777777777778,78.06374873260663
2025,00-0039851,QB,15,pooled,343.72,225.1866725369981,45.460997422082116,0.0,147.48768494931488,118.53332746300194,23.56109974885669,0.4534644856592933,118.53332746300194
2025,00-0039851,QB,15,position,343.72,225.1866725369981,39.32058115385089,0.0,217.31256165665525,118.53332746300194,32.71797399869123,0.36,118.53332746300194
2025,00-0039851,QB,15,position_rank,343.72,225.1866725369981,41.383896119433714,0.0,220.69050746270472,118.53332746300194,30.064141638391575,0.3802777777777778,118.53332746300194
2025,00-0040667,WR,46,pooled,54.2,103.76519310540635,15.029391946171998,1.0,147.48768494931483,0.0,23.56109974885669,0.10666905106754614,-49.56519310540635
2025,00-0040667,WR,46,position,54.2,103.76519310540635,15.151055570267907,1.0,140.45335890530342,0.0,21.798085203796024,0.10025662547539968,-49.56519310540635
2025,00-0040667,WR,46,position_rank,54.2,103.76519310540635,17.53294583856887,1.0,133.99827799670035,0.0,24.734094076636776,0.12641975308641976,-49.56519310540635
2025,00-0040128,TE,10,pooled,145.4,102.07465105206188,13.956873013879173,1.0,147.48768494931483,43.325348947938124,23.56109974885669,0.4534644856592933,43.325348947938124
2025,00-0040128,TE,10,position,145.4,102.07465105206188,14.544236738126322,1.0,112.01583947069369,43.325348947938124,16.794895630742232,0.555025,43.325348947938124
2025,00-0040128,TE,10,position_rank,145.4,102.07465105206188,14.43635454423932,1.0,128.18802190424375,43.325348947938124,19.12866627322456,0.5625,43.325348947938124
2025,00-0038996,TE,11,pooled,101.2,98.61684782512683,7.203916512557168,1.0,147.48768494931483,2.5831521748731774,23.56109974885669,0.10666905106754614,2.5831521748731774
2025,00-0038996,TE,11,position,101.2,98.61684782512683,5.112484806299241,1.0,112.01583947069372,2.5831521748731774,16.794895630742236,0.065025,2.5831521748731774
2025,00-0038996,TE,11,position_rank,101.2,98.61684782512683,5.4041041711667805,1.0,128.18802190424375,2.5831521748731774,19.12866627322456,0.0625,2.5831521748731774
2025,00-0033106,QB,16,pooled,288.82,221.58563212647758,21.97883094793548,1.0,147.48768494931483,67.23436787352242,23.56109974885669,0.4534644856592933,67.23436787352242
2025,00-0033106,QB,16,position,288.82,221.58563212647758,19.328862192667472,1.0,217.3125616566552,67.23436787352242,32.71797399869123,0.36,67.23436787352242
2025,00-0033106,QB,16,position_rank,288.82,221.58563212647758,20.375506197367248,1.0,220.69050746270466,67.23436787352242,30.064141638391575,0.3802777777777778,67.23436787352242
2025,00-0033908,WR,47,pooled,89.9,102.77019004831558,7.542891528094891,1.0,147.48768494931483,0.0,23.56109974885669,0.10666905106754614,-12.870190048315578
2025,00-0033908,WR,47,position,89.9,102.77019004831558,7.212803379713747,1.0,140.45335890530342,0.0,21.798085203796024,0.10025662547539968,-12.870190048315578
2025,00-0033908,WR,47,position_rank,89.9,102.77019004831558,7.589689797273168,1.0,133.99827799670035,0.0,24.734094076636776,0.12641975308641976,-12.870190048315578
2025,00-0033921,WR,48,pooled,65.2,101.79613598815962,11.45515107763059,1.0,147.48768494931483,0.0,23.56109974885668,0.10666905106754614,-36.59613598815962
2025,00-0033921,WR,48,position,65.2,101.79613598815962,11.300069201072228,1.0,140.45335890530342,0.0,21.798085203796017,0.10025662547539968,-36.59613598815962
2025,00-0033921,WR,48,position_rank,65.2,101.79613598815962,12.847914806083718,1.0,133.99827799670035,0.0,24.734094076636765,0.12641975308641976,-36.59613598815962
2025,00-0036158,RB,34,pooled,110.4,106.43473452455945,7.240287915203678,1.0,147.48768494931483,3.9652654754405603,23.56109974885669,0.10666905106754614,3.9652654754405603
2025,00-0036158,RB,34,position,110.4,106.43473452455945,8.279530458513886,1.0,159.08220080232914,3.9652654754405603,25.960714172132036,0.12621191135734072,3.9652654754405603
2025,00-0036158,RB,34,position_rank,110.4,106.43473452455945,8.105707410528614,1.0,156.81279463833474,3.9652654754405603,24.967827577080932,0.11270408163265304,3.9652654754405603
2025,00-0038041,TE,12,pooled,146.1,95.46012080234186,16.093673017151588,1.0,147.48768494931483,50.63987919765813,23.56109974885669,0.4534644856592933,50.63987919765813
2025,00-0038041,TE,12,position,146.1,95.46012080234186,17.431551310384215,1.0,112.01583947069369,50.63987919765813,16.794895630742232,0.555025,50.63987919765813
2025,00-0038041,TE,12,position_rank,146.1,95.46012080234186,17.179347627060455,1.0,128.18802190424375,50.63987919765813,19.12866627322456,0.5625,50.63987919765813
2025,00-0036264,QB,17,pooled,241.14,218.20297461921692,9.201210761693323,1.0,147.48768494931483,19.55436787352241,21.938733500617072,0.0933492944305997,22.93702538078307
2025,00-0036264,QB,17,position,241.14,218.20297461921692,10.842003184145312,1.0,217.3125616566552,19.55436787352241,30.92317819938709,0.15433673469387754,22.93702538078307
2025,00-0036264,QB,17,position_rank,241.14,218.20297461921692,10.750310414207753,1.0,185.42958763925543,19.55436787352241,29.014996881866104,0.16000000000000003,22.93702538078307
2025,00-0039146,WR,49,pooled,39.0,100.84216695499165,19.422623395543045,1.0,147.48768494931483,0.0,23.097284401523986,0.1032558634293286,-61.842166954991654
2025,00-0039146,WR,49,position,39.0,100.84216695499165,19.619553306070223,1.0,140.45335890530342,0.0,21.334826173217213,0.09648555628290648,-61.842166954991654
2025,00-0039146,WR,49,position_rank,39.0,100.84216695499165,22.64359683981429,0.0,133.99827799670035,0.0,24.241210076166656,0.12249999999999998,-61.842166954991654
2025,00-0040242,RB,35,pooled,132.9,105.00847706915542,10.113881363020443,1.0,147.48768494931483,27.891522930844587,23.56109974885669,0.4534644856592933,27.891522930844587
2025,00-0040242,RB,35,position,132.9,105.00847706915542,10.812947519080154,1.0,159.08220080232914,27.891522930844587,25.960714172132036,0.41568559556786705,27.891522930844587
2025,00-0040242,RB,35,position_rank,132.9,105.00847706915542,11.268835172599474,1.0,156.81279463833474,27.891522930844587,24.967827577080936,0.44127551020408173,27.891522930844587
2025,00-0036971,QB,18,pooled,326.88,215.01372028845591,42.127473546353194,0.0,147.48768494931488,105.29436787352242,20.491677592797508,0.5157736597187588,111.86627971154408
2025,00-0036971,QB,18,position,326.88,215.01372028845591,36.14787875664965,0.0,217.31256165665525,105.29436787352242,29.309854745434354,0.3861734693877551,111.86627971154408
2025,00-0036971,QB,18,position_rank,326.88,215.01372028845591,38.622795891055446,0.0,185.42958763925543,105.29436787352242,27.48111896080544,0.36,111.86627971154408
2025,00-0033699,RB,36,pooled,10.600000000000001,103.62240127131503,33.339534925411854,0.0,147.48768494931483,0.0,23.56109974885669,0.10666905106754614,-93.02240127131503
2025,00-0033699,RB,36,position,10.600000000000001,103.62240127131503,31.908483683188507,0.0,159.08220080232914,0.0,25.960714172132036,0.12621191135734072,-93.02240127131503
2025,00-0033699,RB,36,position_rank,10.600000000000001,103.62240127131503,31.903142428714386,0.0,156.81279463833474,0.0,24.967827577080932,0.11270408163265304,-93.02240127131503
2025,00-0039163,QB,19,pooled,199.28,211.99694448933593,7.530793194491236,1.0,147.48768494931483,0.0,19.190236017386738,0.07264894347659523,-12.71694448933593
2025,00-0039163,QB,19,position,199.28,211.99694448933593,10.62307242461305,1.0,217.31256165665522,0.0,27.86616722254847,0.1379591836734694,-12.71694448933593
2025,00-0039163,QB,19,position_rank,199.28,211.99694448933593,10.053495799154279,1.0,185.4295876392555,0.0,26.07329025454944,0.14694444444444446,-12.71694448933593
2025,00-0036875,RB,37,pooled,128.5,102.27430497127102,9.807018328420199,1.0,147.48768494931483,26.22569502872898,23.56109974885669,0.4534644856592933,26.22569502872898
2025,00-0036875,RB,37,position,128.5,102.27430497127102,10.50608448447991,1.0,159.08220080232914,26.22569502872898,25.960714172132036,0.41568559556786705,26.22569502872898
2025,00-0036875,RB,37,position_rank,128.5,102.27430497127102,10.961972137999231,1.0,156.81279463833474,26.22569502872898,24.967827577080932,0.44127551020408173,26.22569502872898
2025,00-0039923,QB,20,pooled,129.4,209.1349448242899,27.019256169868186,0.0,147.48768494931483,0.0,17.997322555874643,0.06572313251693297,-79.7349448242899
2025,00-0039923,QB,20,position,129.4,209.1349448242899,27.457239882917627,1.0,217.31256165665522,0.0,26.560937771822694,0.13270408163265304,-79.7349448242899
2025,00-0039923,QB,20,position_rank,129.4,209.1349448242899,26.240712249352224,1.0,185.4295876392555,0.0,24.779905536546686,0.13444444444444442,-79.7349448242899
2025,00-0038555,RB,38,pooled,35.2,100.96216222558687,20.96998994972537,1.0,147.48768494931483,0.0,23.56109974885669,0.10666905106754614,-65.76216222558686
2025,00-0038555,RB,38,position,35.2,100.96216222558687,20.088234502982086,1.0,159.08220080232914,0.0,25.960714172132036,0.12621191135734072,-65.76216222558686
2025,00-0038555,RB,38,position_rank,35.2,100.96216222558687,20.25059475797754,1.0,156.81279463833474,0.0,24.967827577080936,0.11270408163265304,-65.76216222558686
2025,00-0036309,WR,50,pooled,62.800000000000004,99.90747134803038,11.576256820757878,1.0,147.48768494931483,0.0,22.6474926738602,0.10101123777384316,-37.10747134803038
2025,00-0036309,WR,50,position,62.800000000000004,99.90747134803038,11.44808733156113,1.0,140.45335890530342,0.0,20.882543057589313,0.09524459741125536,-37.10747134803038
2025,00-0036309,WR,50,position_rank,62.800000000000004,99.90747134803038,13.022845323934243,1.0,133.99827799670035,0.0,23.759960602461312,0.12249999999999998,-37.10747134803038
2025,00-0040715,RB,39,pooled,115.7,99.68410499352925,8.22479174582782,1.0,147.48768494931483,16.015895006470757,23.56109974885669,0.10666905106754614,16.015895006470757
2025,00-0040715,RB,39,position,115.7,99.68410499352925,9.194695750409094,1.0,159.08220080232914,16.015895006470757,25.960714172132036,0.12621191135734072,16.015895006470757
2025,00-0040715,RB,39,position_rank,115.7,99.68410499352925,9.53139425304543,1.0,156.81279463833474,16.015895006470757,24.967827577080932,0.11270408163265304,16.015895006470757
2025,00-0038933,TE,13,pooled,100.30000000000001,92.55621343951455,7.46182422112966,1.0,147.48768494931483,7.743786560485461,23.56109974885669,0.10666905106754614,7.743786560485461
2025,00-0038933,TE,13,position,100.30000000000001,92.55621343951455,5.5199033104265265,1.0,112.01583947069372,7.743786560485461,16.794895630742236,0.065025,7.743786560485461
2025,00-0038933,TE,13,position_rank,100.30000000000001,92.55621343951455,5.0773488071088835,1.0,106.17484137570489,7.743786560485461,17.845192534719807,0.09,7.743786560485461
2025,00-0039901,WR,51,pooled,75.5,98.99128578690119,8.751487376505088,1.0,147.48768494931483,0.0,22.211435057479257,0.09496570239747912,-23.491285786901187
2025,00-0039901,WR,51,position,75.5,98.99128578690119,8.511704867870874,1.0,140.45335890530342,0.0,20.443060541414024,0.08916028449684943,-23.491285786901187
2025,00-0039901,WR,51,position_rank,75.5,98.99128578690119,9.318747112116084,1.0,133.99827799670035,0.0,23.29279337920186,0.11484567901234569,-23.491285786901187
2025,00-0034351,TE,14,pooled,155.1,89.86761516196597,21.188574486558487,1.0,147.48768494931483,65.23238483803402,23.56109974885669,0.4534644856592933,65.23238483803402
2025,00-0034351,TE,14,position,155.1,89.86761516196597,23.519278524247316,0.0,112.01583947069372,65.23238483803402,16.794895630742232,0.555025,65.23238483803402
2025,00-0034351,TE,14,position_rank,155.1,89.86761516196597,22.512536652130464,0.0,106.17484137570489,65.23238483803402,17.845192534719807,0.48999999999999994,65.23238483803402
2025,00-0037256,RB,40,pooled,117.9,98.43840714241583,8.678173042026955,1.0,147.48768494931483,19.46159285758418,23.56109974885669,0.10666905106754614,19.46159285758418
2025,00-0037256,RB,40,position,117.9,98.43840714241583,9.560524155975944,1.0,159.08220080232914,19.46159285758418,25.960714172132036,0.12621191135734072,19.46159285758418
2025,00-0037256,RB,40,position_rank,117.9,98.43840714241583,9.984775549244565,1.0,156.81279463833474,19.46159285758418,24.967827577080932,0.11270408163265304,19.46159285758418
2025,00-0040126,TE,15,pooled,116.0,87.36459004803925,10.25091318269974,1.0,147.48768494931483,28.635409951960753,23.56109974885669,0.4534644856592933,28.635409951960753
2025,00-0040126,TE,15,position,116.0,87.36459004803925,9.653451932761538,1.0,112.01583947069369,28.635409951960753,16.794895630742232,0.555025,28.635409951960753
2025,00-0040126,TE,15,position_rank,116.0,87.36459004803925,8.199870163225206,1.0,106.17484137570491,28.635409951960753,17.845192534719807,0.48999999999999994,28.635409951960753
2025,00-0034775,WR,52,pooled,43.7,98.09289136574898,16.680972929973425,1.0,147.48768494931483,0.0,21.78920668497038,0.09281357505197248,-54.39289136574898
2025,00-0034775,WR,52,position,43.7,98.09289136574898,16.80263655406933,1.0,140.45335890530342,0.0,20.020529887129154,0.08678278400488353,-54.39289136574898
2025,00-0034775,WR,52,position_rank,43.7,98.09289136574898,19.438616204493595,1.0,133.99827799670035,0.0,22.842156977218288,0.11484567901234569,-54.39289136574898
2025,00-0037545,WR,53,pooled,114.39999999999999,97.21161026417059,8.379067368111855,1.0,147.48768494931483,12.603864011840358,21.384159054700717,0.08910670527957228,17.188389735829404
2025,00-0037545,WR,53,position,114.39999999999999,97.21161026417059,8.011617282536042,1.0,140.45335890530342,12.603864011840358,19.612564342139986,0.08327677398885949,17.188389735829404
2025,00-0037545,WR,53,position_rank,114.39999999999999,97.21161026417059,7.394890398659899,1.0,133.99827799670035,12.603864011840358,22.402972399290498,0.1111111111111111,17.188389735829404
2025,00-0036893,RB,41,pooled,10.100000000000001,97.22347042825444,30.390069503881566,0.0,147.48768494931483,0.0,22.971074191609276,0.10269239455770778,-87.12347042825445
2025,00-0036893,RB,41,position,10.100000000000001,97.22347042825444,29.205174903905483,0.0,159.08220080232914,0.0,25.376995212079446,0.11524238227146814,-87.12347042825445
2025,00-0036893,RB,41,position_rank,10.100000000000001,97.22347042825444,29.19983364943136,0.0,156.81279463833474,0.0,24.42765148602688,0.10331632653061226,-87.12347042825445
2025,00-0036261,WR,54,pooled,0.0,96.34680267494,35.00173562722434,0.0,147.48768494931483,0.0,20.992220319512963,0.08598951223328691,-96.34680267494
2025,00-0036261,WR,54,position,0.0,96.34680267494,35.49913042296304,0.0,140.45335890530342,0.0,19.216436068940844,0.0787145433150871,-96.34680267494
2025,00-0036261,WR,54,position_rank,0.0,96.34680267494,39.19266952070745,0.0,133.99827799670035,0.0,21.975617120299855,0.10027777777777777,-96.34680267494
2025,00-0036212,QB,21,pooled,175.70000000000002,206.41261171666352,10.075014852514036,1.0,147.48768494931483,0.0,16.907771749928674,0.06000134122549469,-30.712611716663503
2025,00-0036212,QB,21,position,175.70000000000002,206.41261171666352,12.804130923185209,1.0,217.3125616566552,0.0,25.379736888384837,0.12755102040816327,-30.712611716663503
2025,00-0036212,QB,21,position_rank,175.70000000000002,206.41261171666352,11.862185953696331,1.0,185.42958763925543,0.0,23.59197548895854,0.12249999999999998,-30.712611716663503
2025,00-0039794,RB,42,pooled,14.3,96.03781216598477,27.915275770100106,0.0,147.48768494931483,0.0,22.403465386007873,0.09714249595898007,-81.73781216598478
2025,00-0039794,RB,42,position,14.3,96.03781216598477,26.795801470784834,0.0,159.08220080232914,0.0,24.816700169229577,0.10477146814404432,-81.73781216598478
2025,00-0039794,RB,42,position_rank,14.3,96.03781216598477,26.790460216310713,0.0,156.81279463833474,0.0,23.908375032945248,0.09433673469387756,-81.73781216598478
2025,00-0039150,QB,22,pooled,211.5,203.8169455432443,7.457029581361525,1.0,147.48768494931483,0.0,15.905559634112361,0.052912116584869905,7.683054456755713
2025,00-0039150,QB,22,position,211.5,203.8169455432443,9.86683139816391,1.0,217.31256165665522,0.0,24.28495571743406,0.11755102040816327,7.683054456755713
2025,00-0039150,QB,22,position_rank,211.5,203.8169455432443,9.7353836372301,1.0,185.4295876392555,0.0,22.467186813810205,0.12249999999999998,7.683054456755713
2025,00-0040784,RB,43,pooled,156.8,94.88005435070718,19.95264311902661,1.0,147.48768494931483,58.361592857584185,21.856443401521847,0.483507165921156,61.91994564929283
2025,00-0040784,RB,43,position,156.8,94.88005435070718,19.88843586871468,1.0,159.08220080232914,58.361592857584185,24.278545601819516,0.46814404432132967,61.91994564929283
2025,00-0040784,RB,43,position_rank,156.8,94.88005435070718,20.067511648513136,1.0,156.81279463833474,58.361592857584185,23.41899649802367,0.4800510204081632,61.91994564929283
2025,00-0039032,RB,44,pooled,83.0,93.74891402969638,7.375422368730218,1.0,147.48768494931483,0.0,21.33631355350626,0.08858331900894226,-10.74891402969638
2025,00-0039032,RB,44,position,83.0,93.74891402969638,8.214357812554352,1.0,159.08220080232914,0.0,23.764241629968982,0.09642659279778394,-10.74891402969638
2025,00-0039032,RB,44,position_rank,83.0,93.74891402969638,7.544754595251447,1.0,156.81279463833474,0.0,22.949564777523253,0.09433673469387756,-10.74891402969638
2025,00-0033897,RB,45,pooled,0.0,92.64319475650092,33.149931668004804,0.0,147.48768494931483,0.0,20.836975186772037,0.08394221630575624,-92.64319475650092
2025,00-0033897,RB,45,position,0.0,92.64319475650092,31.71894997259682,0.0,159.08220080232914,0.0,23.271308498513314,0.09642659279778394,-92.64319475650092
2025,00-0033897,RB,45,position_rank,0.0,92.64319475650092,31.713608718122696,0.0,156.81279463833474,0.0,22.503252336156674,0.09433673469387756,-92.64319475650092
2025,00-0039921,RB,46,pooled,28.900000000000002,91.56177898439341,19.746154459780584,1.0,147.48768494931483,0.0,20.357134872807347,0.07893189118190487,-62.66177898439341
2025,00-0039921,RB,46,position,28.900000000000002,91.56177898439341,18.92394816119987,1.0,159.08220080232914,0.0,22.79497102051623,0.09158587257617729,-62.66177898439341
2025,00-0039921,RB,46,position_rank,28.900000000000002,91.56177898439341,19.02613119527866,1.0,156.81279463833474,0.0,22.07068602731367,0.09433673469387756,-62.66177898439341
2025,00-0039917,QB,23,pooled,123.28,201.33668119080858,26.2684540180476,0.0,147.48768494931483,0.0,14.988104403138996,0.04740846714113161,-78.05668119080858
2025,00-0039917,QB,23,position,123.28,201.33668119080858,26.794767396017104,1.0,217.31256165665522,0.0,23.26851834566596,0.09877551020408162,-78.05668119080858
2025,00-0039917,QB,23,position_rank,123.28,201.33668119080858,25.5782397624517,1.0,185.4295876392555,0.0,21.426766839357008,0.09,-78.05668119080858
2025,00-0040735,WR,55,pooled,98.4,95.49786401364418,7.212310823385659,1.0,147.48768494931483,0.0,20.612810771325627,0.08141778326258499,2.9021359863558303
2025,00-0040735,WR,55,position,98.4,95.49786401364418,6.847857829050111,1.0,140.45335890530342,0.0,18.83351961316368,0.07537720732045253,2.9021359863558303
2025,00-0040735,WR,55,position_rank,98.4,95.49786401364418,6.750063102750642,1.0,133.99827799670035,0.0,21.563231531362657,0.09679012345679013,2.9021359863558303
2025,00-0038979,WR,56,pooled,46.7,94.66422237974513,14.526824991311111,1.0,147.48768494931483,0.0,20.245300913795354,0.07893189118190487,-47.964222379745124
2025,00-0038979,WR,56,position,46.7,94.66422237974513,14.603355058857483,1.0,140.45335890530342,0.0,18.463650325875623,0.07319247713864603,-47.964222379745124
2025,00-0038979,WR,56,position_rank,46.7,94.66422237974513,16.900983710018387,1.0,133.99827799670035,0.0,21.16207380078428,0.09336419753086421,-47.964222379745124
2025,00-0033090,TE,16,pooled,140.70000000000002,85.02316642351909,17.814585519664174,1.0,147.48768494931483,55.67683357648093,23.56109974885669,0.4534644856592933,55.67683357648093
2025,00-0033090,TE,16,position,140.70000000000002,85.02316642351909,19.419822775709005,1.0,112.01583947069372,55.67683357648093,16.794895630742232,0.555025,55.67683357648093
2025,00-0033090,TE,16,position_rank,140.70000000000002,85.02316642351909,17.994199528552784,0.0,106.17484137570489,55.67683357648093,17.845192534719807,0.48999999999999994,55.67683357648093
2025,00-0039875,RB,47,pooled,28.700000000000003,90.50362127792917,19.40740799670259,1.0,147.48768494931483,0.0,19.897208373788466,0.07648454006371591,-61.80362127792917
2025,00-0039875,RB,47,position,28.700000000000003,90.50362127792917,18.62758326765562,1.0,159.08220080232914,0.0,22.33225794435508,0.08686980609418281,-61.80362127792917
2025,00-0039875,RB,47,position_rank,28.700000000000003,90.50362127792917,18.68460010665733,1.0,156.81279463833474,0.0,21.647422944727975,0.09,-61.80362127792917
2025,00-0038976,WR,57,pooled,68.5,93.84533624236414,9.08630621251152,1.0,147.48768494931483,0.0,19.890291051923715,0.07648454006371591,-25.34533624236414
2025,00-0038976,WR,57,position,68.5,93.84533624236414,8.83213226461008,1.0,140.45335890530342,0.0,18.110675349213366,0.0710398753418661,-25.34533624236414
2025,00-0038976,WR,57,position_rank,68.5,93.84533624236414,9.697245666210074,1.0,133.99827799670035,0.0,20.775377569243265,0.09,-25.34533624236414
2025,00-0036550,WR,58,pooled,45.900000000000006,93.0406923273336,14.288434712981458,1.0,147.48768494931483,0.0,19.545572298383718,0.07407572990801815,-47.140692327333596
2025,00-0036550,WR,58,position,45.900000000000006,93.0406923273336,14.352440772938376,1.0,140.45335890530342,0.0,17.76559759807802,0.067871213368621,-47.140692327333596
2025,00-0036550,WR,58,position_rank,45.900000000000006,93.0406923273336,16.575906057750682,1.0,133.99827799670035,0.0,20.39540683158995,0.08669753086419754,-47.140692327333596
2025,00-0036970,TE,17,pooled,158.0,82.82373700916942,25.105745473960994,1.0,147.4876849493148,75.17626299083058,23.56109974885669,0.4534644856592933,75.17626299083058
2025,00-0036970,TE,17,position,158.0,82.82373700916942,28.145086405904312,0.0,112.01583947069372,75.17626299083058,16.794895630742236,0.555025,75.17626299083058
2025,00-0036970,TE,17,position_rank,158.0,82.82373700916942,27.48447572852874,0.0,106.17484137570491,75.17626299083058,17.845192534719807,0.48999999999999994,75.17626299083058
2025,00-0037746,RB,48,pooled,57.6,89.46774223924518,10.335268347624543,1.0,147.48768494931483,0.0,19.45369287740685,0.07359859279237752,-31.86774223924518
2025,00-0037746,RB,48,position,57.6,89.46774223924518,10.694375261261284,1.0,159.08220080232914,0.0,21.88522035387807,0.08379501385041552,-31.86774223924518
2025,00-0037746,RB,48,position_rank,57.6,89.46774223924518,10.061756175009547,1.0,156.81279463833474,0.0,21.23307132925438,0.08163265306122448,-31.86774223924518
2025,00-0037267,RB,49,pooled,30.6,88.45322306065452,17.864770615072693,1.0,147.48768494931483,0.0,19.021500388572655,0.06983699485323985,-57.85322306065452
2025,00-0037267,RB,49,position,30.6,88.45322306065452,17.270735461174098,1.0,159.08220080232914,0.0,21.450263428582172,0.08077562326869805,-57.85322306065452
2025,00-0037267,RB,49,position_rank,30.6,88.45322306065452,12.92211942061525,1.0,126.50627555155712,0.0,13.871885725241745,0.04290816326530613,-57.85322306065452
2025,00-0040586,RB,50,pooled,7.500000000000001,87.45920062760172,27.119581134507683,0.0,147.48768494931483,0.0,18.603183392617442,0.06845183266130742,-79.95920062760172
2025,00-0040586,RB,50,position,7.500000000000001,87.45920062760172,25.98868250360465,0.0,159.08220080232914,0.0,21.02911181878875,0.07781163434903046,-79.95920062760172
2025,00-0040586,RB,50,position_rank,7.500000000000001,87.45920062760172,22.202934106440438,0.0,126.50627555155712,0.0,13.545278354381539,0.04000000000000001,-79.95920062760172
2025,00-0030279,WR,59,pooled,135.1,92.24980368487061,13.819328830697696,1.0,147.48768494931483,33.30386401184036,19.2082714317138,0.5335795843896768,42.85019631512938
2025,00-0030279,WR,59,position,135.1,92.24980368487061,13.679085899208943,1.0,140.45335890530342,33.30386401184036,17.42689852057515,0.5497969887671135,42.85019631512938
2025,00-0030279,WR,59,position_rank,135.1,92.24980368487061,12.142867058470571,1.0,133.99827799670035,33.30386401184036,20.0232612493888,0.505679012345679,42.85019631512938
2025,00-0026498,QB,24,pooled,331.72,198.9619925757477,52.57333740270732,0.0,147.48768494931483,110.13436787352245,14.151494147291297,0.6215917263345001,132.75800742425233
2025,00-0026498,QB,24,position,331.72,198.9619925757477,46.43292113447608,0.0,217.3125616566552,110.13436787352245,22.30168083810546,0.4702040816326531,132.75800742425233
2025,00-0026498,QB,24,position_rank,331.72,198.9619925757477,48.88960504507069,0.0,185.42958763925543,110.13436787352245,20.4373132497483,0.48999999999999994,132.75800742425233
2025,00-0040130,WR,60,pooled,99.7,91.47220791965469,7.5000351832238605,1.0,147.48768494931483,0.0,18.87811447271089,0.06937373248409606,8.22779208034531
2025,00-0040130,WR,60,position,99.7,91.47220791965469,7.11508701026462,1.0,140.45335890530342,0.0,17.09579280978647,0.06375878008522053,8.22779208034531
2025,00-0040130,WR,60,position_rank,99.7,91.47220791965469,6.848578176518084,1.0,133.99827799670035,0.0,19.66263960510715,0.08027777777777777,8.22779208034531
2025,00-0037263,RB,51,pooled,113.60000000000001,86.48486310657469,9.970862882443209,1.0,147.48768494931483,15.161592857584182,18.201024261891476,0.06662653267772585,27.115136893425316
2025,00-0037263,RB,51,position,113.60000000000001,86.48486310657469,10.65594066080719,1.0,159.08220080232914,15.161592857584182,20.617788829332486,0.07490304709141275,27.115136893425316
2025,00-0037263,RB,51,position_rank,113.60000000000001,86.48486310657469,12.716853198378619,1.0,126.50627555155712,15.161592857584182,13.225138883186943,0.03448979591836735,27.115136893425316
2025,00-0040719,RB,52,pooled,75.3,85.5294459614594,7.333487945568775,1.0,147.48768494931483,0.0,17.810504340101556,0.06482589891013867,-10.229445961459405
2025,00-0040719,RB,52,position,75.3,85.5294459614594,8.184184966891555,1.0,159.08220080232914,0.0,20.21550792612605,0.07490304709141275,-10.229445961459405
2025,00-0040719,RB,52,position_rank,75.3,85.5294459614594,7.3895695537629535,1.0,126.50627555155712,0.0,12.911216106934777,0.03448979591836735,-10.229445961459405
2025,00-0038117,WR,61,pooled,171.9,90.70746556720101,27.6622969905622,0.0,147.48768494931483,70.10386401184037,18.557605611453145,0.5451858098342662,81.192534432799
2025,00-0038117,WR,61,position,171.9,90.70746556720101,28.20174643537005,0.0,140.45335890530342,70.10386401184037,16.77514350296357,0.5587487600451403,81.192534432799
2025,00-0038117,WR,61,position_rank,171.9,90.70746556720101,25.161190574638805,0.0,133.99827799670035,70.10386401184037,19.310035981767708,0.5136111111111111,81.192534432799
2025,00-0040162,RB,53,pooled,65.7,84.59222834936173,8.142958091654272,1.0,147.48768494931483,0.0,17.43213826001805,0.06129863002294729,-18.89222834936173
2025,00-0040162,RB,53,position,65.7,84.59222834936173,8.791076554849758,1.0,159.08220080232914,0.0,19.82264765622222,0.07346952908587258,-18.89222834936173
2025,00-0040162,RB,53,position_rank,65.7,84.59222834936173,7.206189446287309,1.0,126.50627555155712,0.0,12.603273177245542,0.03188775510204082,-18.89222834936173
2025,00-0034791,RB,54,pooled,81.8,83.67252985333027,7.080851314808737,1.0,147.48768494931483,0.0,17.06738635078748,0.06086465878529678,-1.8725298533302777
2025,00-0034791,RB,54,position,81.8,83.67252985333027,8.104515010973543,1.0,159.08220080232914,0.0,19.442304613016326,0.07346952908587258,-1.8725298533302777
2025,00-0034791,RB,54,position_rank,81.8,83.67252985333027,7.824192242253979,1.0,126.50627555155712,0.0,12.301086528549494,0.03188775510204082,-1.8725298533302777
2025,00-0037816,WR,62,pooled,137.9,89.95515860225404,15.294094512507758,1.0,147.48768494931483,36.10386401184037,18.247276406026533,0.5503842148550745,47.94484139774596
2025,00-0037816,WR,62,position,137.9,89.95515860225404,15.252176396923472,1.0,140.45335890530342,36.10386401184037,16.466003662449545,0.5647567680451082,47.94484139774596
2025,00-0037816,WR,62,position_rank,137.9,89.95515860225404,13.5162760683653,1.0,133.99827799670035,36.10386401184037,18.975467038444776,0.5136111111111111,47.94484139774596
2025,00-0033858,TE,18,pooled,65.3,80.75005979831923,7.733064337523129,1.0,147.48768494931483,0.0,23.56109974885669,0.10666905106754614,-15.45005979831923
2025,00-0033858,TE,18,position,65.3,80.75005979831923,5.912814797704596,1.0,112.01583947069369,0.0,16.794895630742232,0.065025,-15.45005979831923
2025,00-0033858,TE,18,position_rank,65.3,80.75005979831923,6.828955766381989,1.0,106.17484137570491,0.0,17.845192534719807,0.09,-15.45005979831923
2025,00-0030061,TE,19,pooled,101.4,78.78852942912262,9.122577098588128,1.0,147.4876849493148,22.611470570877387,23.56109974885669,0.10666905106754614,22.611470570877387
2025,00-0030061,TE,19,position,101.4,78.78852942912262,8.073009073578035,1.0,112.01583947069372,22.611470570877387,16.794895630742236,0.065025,22.611470570877387
2025,00-0030061,TE,19,position_rank,101.4,78.78852942912262,6.834536071233027,1.0,106.17484137570491,22.611470570877387,17.845192534719807,0.09,22.611470570877387
2025,00-0038621,WR,63,pooled,76.4,89.21488906652553,7.538525661111466,1.0,147.48768494931483,0.0,17.944001824995237,0.06572313251693297,-12.814889066525524
2025,00-0038621,WR,63,position,76.4,89.21488906652553,7.20843751273032,1.0,140.45335890530342,0.0,16.165405284969935,0.059774860341926334,-12.814889066525524
2025,00-0038621,WR,63,position_rank,76.4,89.21488906652553,7.582413352300792,1.0,133.99827799670035,0.0,18.651173576599433,0.08027777777777777,-12.814889066525524
2025,00-0035662,WR,64,pooled,105.30000000000001,88.48627780449866,8.329769007542374,1.0,147.48768494931483,3.5038640118403777,17.648168110592724,0.0630499313585458,16.813722195501356
2025,00-0035662,WR,64,position,105.30000000000001,88.48627780449866,7.962318921966561,1.0,140.45335890530342,3.5038640118403777,15.87323339062789,0.05591945413873839,16.813722195501356
2025,00-0035662,WR,64,position_rank,105.30000000000001,88.48627780449866,7.36531138231821,1.0,133.99827799670035,3.5038640118403777,18.335442029721122,0.08027777777777777,16.813722195501356
2025,00-0030035,WR,65,pooled,24.3,87.76896329724406,20.064779846432153,1.0,147.48768494931483,0.0,17.359801876976505,0.06129863002294729,-63.46896329724406
2025,00-0030035,WR,65,position,24.3,87.76896329724406,20.26170975695933,1.0,140.45335890530342,0.0,15.586173152184694,0.05403994361468428,-63.46896329724406
2025,00-0030035,WR,65,position_rank,24.3,87.76896329724406,15.127516422835392,1.0,132.60487392104716,0.0,11.353239898407992,0.03195905246403046,-63.46896329724406
2025,00-0036139,RB,55,pooled,194.8,82.76970751488224,42.20129367734842,0.0,147.48768494931483,96.36159285758418,16.714015812355374,0.5727526186656966,112.03029248511777
2025,00-0036139,RB,55,position,194.8,82.76970751488224,40.69537031035705,0.0,159.08220080232914,96.36159285758418,19.071370855961835,0.5390650969529085,112.03029248511777
2025,00-0036139,RB,55,position_rank,194.8,82.76970751488224,49.26056720676138,0.0,126.50627555155712,96.36159285758418,12.004444903059424,0.6865306122448979,112.03029248511777
2025,00-0036988,WR,66,pooled,40.7,87.06260058526851,14.063197629752091,1.0,147.48768494931483,0.0,17.080107303390733,0.06086465878529678,-46.36260058526851
2025,00-0036988,WR,66,position,40.7,87.06260058526851,14.127203689709011,1.0,140.45335890530342,0.0,15.30718905070219,0.053112236497042185,-46.36260058526851
2025,00-0036988,WR,66,position_rank,40.7,87.06260058526851,9.927526722966665,1.0,132.60487392104716,0.0,11.15300625243122,0.03195905246403046,-46.36260058526851
2025,00-0040727,WR,67,pooled,50.6,86.36686027236155,11.258743671257365,1.0,147.48768494931483,0.0,16.807544646448193,0.059571994903343126,-35.76686027236155
2025,00-0040727,WR,67,position,50.6,86.36686027236155,11.072815235156998,1.0,140.45335890530342,0.0,15.036434304729042,0.053112236497042185,-35.76686027236155
2025,00-0040727,WR,67,position_rank,50.6,86.36686027236155,7.919633193256284,1.0,132.60487392104716,0.0,10.962552200294677,0.03195905246403046,-35.76686027236155
2025,00-0040131,WR,68,pooled,43.7,85.68142760324017,12.794439510974257,1.0,147.48768494931483,0.0,16.540320907096255,0.05660973652627222,-41.981427603240164
2025,00-0040131,WR,68,position,43.7,85.68142760324017,12.858969405437648,1.0,140.45335890530342,0.0,14.770875927250913,0.05037730772165574,-41.981427603240164
2025,00-0040131,WR,68,position_rank,43.7,85.68142760324017,9.064421912102343,1.0,132.60487392104716,0.0,10.774919793663685,0.029992821697200467,-41.981427603240164
2025,00-0038935,TE,20,pooled,80.80000000000001,76.92763566921646,7.2142830191693275,1.0,147.4876849493148,3.8723643307835545,23.56109974885669,0.10666905106754614,3.8723643307835545
2025,00-0038935,TE,20,position,80.80000000000001,76.92763566921646,5.214264713344797,1.0,112.01583947069372,3.8723643307835545,16.794895630742236,0.065025,3.8723643307835545
2025,00-0038935,TE,20,position_rank,80.80000000000001,76.92763566921646,4.974561854705282,1.0,106.17484137570491,3.8723643307835545,17.845192534719807,0.09,3.8723643307835545
2025,00-0039342,WR,69,pooled,68.10000000000001,85.00600160852571,7.882701344857857,1.0,147.48768494931483,0.0,16.278786720002692,0.0549509335006525,-16.9060016085257
2025,00-0039342,WR,69,position,68.10000000000001,85.00600160852571,7.64522010755831,1.0,140.45335890530342,0.0,14.509639019475582,0.049481728989040207,-16.9060016085257
2025,00-0039342,WR,69,position_rank,68.10000000000001,85.00600160852571,6.378291561141192,1.0,132.60487392104716,0.0,10.590026644272575,0.02808901095471427,-16.9060016085257
2025,00-0039491,WR,70,pooled,60.199999999999996,84.34029431124017,8.860271671503268,1.0,147.48768494931483,0.0,16.02393809339249,0.053316796691027124,-24.140294311240176
2025,00-0039491,WR,70,position,60.199999999999996,84.34029431124017,8.610150856245138,1.0,140.45335890530342,0.0,14.255013779520592,0.048594182352681314,-24.140294311240176
2025,00-0039491,WR,70,position_rank,60.199999999999996,84.34029431124017,6.578352041069681,1.0,132.60487392104716,0.0,10.411903944736176,0.02624762023657189,-24.140294311240176
2025,00-0038544,WR,71,pooled,145.7,83.68402998958496,19.9797134143418,1.0,147.48768494931483,43.903864011840355,15.776266267550064,0.5969224270631556,62.01597001041503
2025,00-0038544,WR,71,position,145.7,83.68402998958496,20.155622436182142,1.0,140.45335890530342,43.903864011840355,14.008942496667633,0.6139774539058076,62.01597001041503
2025,00-0038544,WR,71,position_rank,145.7,83.68402998958496,25.981226503883533,1.0,132.60487392104716,43.903864011840355,10.239588731787602,0.7022252738678568,62.01597001041503
2025,00-0037809,TE,21,pooled,94.80000000000001,75.15755415794331,8.673751249042404,1.0,147.48768494931483,17.872364330783554,22.70402528050538,0.10101123777384316,19.642445842056702
2025,00-0037809,TE,21,position,94.80000000000001,75.15755415794331,7.369819006225771,1.0,112.01583947069369,17.872364330783554,15.97487847903755,0.0625,19.642445842056702
2025,00-0037809,TE,21,position_rank,94.80000000000001,75.15755415794331,6.282044934009157,1.0,106.17484137570489,17.872364330783554,16.905095453756452,0.08265624999999999,19.642445842056702
2025,00-0039363,RB,56,pooled,0.0,81.88315313391493,27.969777435801007,0.0,147.48768494931483,0.0,16.36971137305398,0.0549509335006525,-81.88315313391493
2025,00-0039363,RB,56,position,0.0,81.88315313391493,26.83472428934033,0.0,159.08220080232914,0.0,18.707416952196308,0.06650969529085873,-81.88315313391493
2025,00-0039363,RB,56,position_rank,0.0,81.88315313391493,23.164910359597048,0.0,126.50627555155712,0.0,11.713148463598737,0.024693877551020406,-81.88315313391493
2025,00-0039021,RB,57,pooled,1.7000000000000002,81.01229080760211,26.817363073170768,0.0,147.48768494931483,0.0,16.03525563469676,0.053316796691027124,-79.31229080760211
2025,00-0039021,RB,57,position,1.7000000000000002,81.01229080760211,25.682309926710094,0.0,159.08220080232914,0.0,18.35304731616587,0.06382271468144045,-79.31229080760211
2025,00-0039021,RB,57,position_rank,1.7000000000000002,81.01229080760211,21.879479196440634,0.0,126.50627555155712,0.0,11.431686883520449,0.024693877551020406,-79.31229080760211
2025,00-0030564,WR,72,pooled,56.0,83.036944491279,9.39043525777368,1.0,147.48768494931483,0.0,15.535218215431847,0.050516410356419114,-27.036944491279
2025,00-0030564,WR,72,position,56.0,83.036944491279,9.143744310462816,1.0,140.45335890530342,0.0,13.771366721013987,0.04343757655591744,-27.036944491279
2025,00-0030564,WR,72,position_rank,56.0,83.036944491279,6.807034950020113,1.0,132.60487392104716,0.0,10.07623942253071,0.02275209887331856,-27.036944491279
2025,00-0040198,RB,58,pooled,49.0,80.15657468333353,10.151771005349767,1.0,147.48768494931483,0.0,15.712602408238775,0.051707326097396096,-31.15657468333353
2025,00-0040198,RB,58,position,49.0,80.15657468333353,10.538867638972528,1.0,159.08220080232914,0.0,18.011730399793084,0.06382271468144045,-31.15657468333353
2025,00-0040198,RB,58,position_rank,49.0,80.15657468333353,7.846907569996513,1.0,126.50627555155712,0.0,11.157310673716621,0.024693877551020406,-31.15657468333353
2025,00-0039738,RB,59,pooled,110.80000000000001,79.31548690373998,10.875931650574811,1.0,147.48768494931483,12.361592857584185,15.400610307419159,0.049339369361938945,31.48451309626003
2025,00-0039738,RB,59,position,110.80000000000001,79.31548690373998,11.441958971321917,1.0,159.08220080232914,12.361592857584185,17.679722065742997,0.0625,31.48451309626003
2025,00-0039738,RB,59,position_rank,110.80000000000001,79.31548690373998,13.966150943969305,1.0,126.50627555155712,12.361592857584185,10.892968800130078,0.0225,31.48451309626003
2025,00-0034829,TE,22,pooled,54.4,73.46983244228137,8.137057588335594,1.0,147.4876849493148,0.0,21.903456993347277,0.0933492944305997,-19.069832442281374
2025,00-0034829,TE,22,position,54.4,73.46983244228137,6.545761275259043,1.0,112.01583947069372,0.0,15.221016727815488,0.060024999999999995,-19.069832442281374
2025,00-0034829,TE,22,position_rank,54.4,73.46983244228137,7.525399841749272,1.0,106.17484137570489,0.0,16.029978336888675,0.07562500000000001,-19.069832442281374
2025,00-0039874,RB,60,pooled,42.7,78.4885357244311,11.244424833612607,1.0,147.48768494931483,0.0,15.096812849426342,0.0481762031139556,-35.7885357244311
2025,00-0039874,RB,60,position,42.7,78.4885357244311,11.387734044019703,1.0,159.08220080232914,0.0,17.355197629467582,0.05989612188365651,-35.7885357244311
2025,00-0039874,RB,60,position_rank,42.7,78.4885357244311,8.311599962320061,1.0,126.50627555155712,0.0,10.63500077805249,0.0225,-35.7885357244311
2025,00-0038129,TE,23,pooled,73.80000000000001,71.85714586068073,7.150163040950437,1.0,147.48768494931483,0.0,21.16315104653994,0.08650519031141869,1.9428541393192802
2025,00-0038129,TE,23,position,73.80000000000001,71.85714586068073,5.067058643966516,1.0,112.01583947069372,0.0,14.542658654434662,0.050625,1.9428541393192802
2025,00-0038129,TE,23,position_rank,73.80000000000001,71.85714586068073,4.9986521675879425,1.0,106.17484137570489,0.0,15.239479739206544,0.0625,1.9428541393192802
2025,00-0040583,RB,61,pooled,127.30000000000001,77.67525378731375,15.758790035442097,1.0,147.48768494931483,28.861592857584185,14.803001122825055,0.6146890399523326,49.62474621268626
2025,00-0040583,RB,61,position,127.30000000000001,77.67525378731375,15.980409407205903,1.0,159.08220080232914,28.861592857584185,17.04272571226537,0.574404432132964,49.62474621268626
2025,00-0040583,RB,61,position_rank,127.30000000000001,77.67525378731375,20.19933046046131,1.0,126.50627555155712,28.861592857584185,10.388433262575768,0.7224999999999999,49.62474621268626
2025,00-0037664,WR,73,pooled,132.6,82.39878459518846,15.938093040551713,1.0,147.48768494931483,30.80386401184036,15.299315024873897,0.6064566903642199,50.201215404811535
2025,00-0037664,WR,73,position,132.6,82.39878459518846,16.024093820393276,1.0,140.45335890530342,30.80386401184036,13.539511915156163,0.6297806032907498,50.201215404811535
2025,00-0037664,WR,73,position_rank,132.6,82.39878459518846,21.317507580618997,1.0,132.60487392104716,30.80386401184036,9.91831963281758,0.7210761212196872,50.201215404811535
2025,00-0036894,TE,24,pooled,86.5,70.31310541949642,8.206324902157922,1.0,147.48768494931483,9.572364330783543,20.472819226251435,0.07942598632104159,16.186894580503576
2025,00-0036894,TE,24,position,86.5,70.31310541949642,6.722166003812387,1.0,112.01583947069369,9.572364330783543,13.910234344596027,0.04202499999999999,16.186894580503576
2025,00-0036894,TE,24,position_rank,86.5,70.31310541949642,5.741401426777313,1.0,106.17484137570489,9.572364330783543,14.486760024129193,0.05640625,16.186894580503576
2025,00-0038559,WR,74,pooled,163.2,81.76930741638716,27.758022538822825,0.0,147.48768494931483,61.403864011840355,15.068840714511394,0.6091946403395921,81.43069258361282
2025,00-0038559,WR,74,position,163.2,81.76930741638716,28.30829087126045,0.0,140.45335890530342,61.403864011840355,13.312735490037912,0.6297806032907498,81.43069258361282
2025,00-0038559,WR,74,position_rank,163.2,81.76930741638716,34.54697309602797,0.0,132.60487392104716,61.403864011840355,9.76358781233011,0.7210761212196872,81.43069258361282
2025,00-0039746,RB,62,pooled,12.700000000000001,76.87519653431102,20.319857997428617,1.0,147.48768494931483,0.0,14.519618889848514,0.046646897722306194,-64.17519653431101
2025,00-0039746,RB,62,position,12.700000000000001,76.87519653431102,19.422523703539934,1.0,159.08220080232914,0.0,16.737440707830114,0.05861495844875347,-64.17519653431101
2025,00-0039746,RB,62,position_rank,12.700000000000001,76.87519653431102,15.125420520514952,1.0,126.50627555155712,0.0,10.148416086674947,0.0225,-64.17519653431101
2025,00-0040736,TE,25,pooled,66.9,68.83210491491383,7.036215846418942,1.0,146.72503373237956,0.0,19.8279540433339,0.07503462905479831,-1.9321049149138219
2025,00-0040736,TE,25,position,66.9,68.83210491491383,4.965086037276171,1.0,112.0158394706937,0.0,13.310429140240077,0.038025,-1.9321049149138219
2025,00-0040736,TE,25,position_rank,66.9,68.83210491491383,5.406446129958525,1.0,115.80794827709812,0.0,13.737181116207761,0.045156249999999995,-1.9321049149138219
2025,00-0040729,WR,75,pooled,32.4,81.14827985114977,14.741335825495218,1.0,147.48768494931483,0.0,14.84427747281326,0.046646897722306194,-48.74827985114977
2025,00-0040729,WR,75,position,32.4,81.14827985114977,14.870782138842799,1.0,140.45335890530342,0.0,13.09124471696315,0.0401604812832077,-48.74827985114977
2025,00-0040729,WR,75,position_rank,32.4,81.14827985114977,10.492556022780647,1.0,132.60487392104716,0.0,9.610932991824829,0.019506257607440465,-48.74827985114977
2025,00-0034975,RB,63,pooled,54.7,76.08794074800002,8.448961597787306,1.0,147.48768494931483,0.0,14.245362216794836,0.04514225854665113,-21.38794074800002
2025,00-0034975,RB,63,position,54.7,76.08794074800002,9.061574637973607,1.0,159.08220080232914,0.0,16.439336978362153,0.05734764542936288,-21.38794074800002
2025,00-0034975,RB,63,position_rank,54.7,76.08794074800002,7.271852771583459,1.0,126.50627555155712,0.0,9.914371289317168,0.0225,-21.38794074800002
2025,00-0040581,WR,76,pooled,18.5,80.53547805870312,19.4848646031739,1.0,147.48768494931483,0.0,14.626163496989847,0.046646897722306194,-62.03547805870312
2025,00-0040581,WR,76,position,18.5,80.53547805870312,19.693444576796775,1.0,140.45335890530342,0.0,12.877892370542591,0.0401604812832077,-62.03547805870312
2025,00-0040581,WR,76,position_rank,18.5,80.53547805870312,14.56166698656923,1.0,132.60487392104716,0.0,9.46030014898878,0.019506257607440465,-62.03547805870312
2025,00-0040134,WR,77,pooled,54.2,79.93068697685396,9.141634511657422,1.0,147.48768494931483,0.0,14.41386785777966,0.046268425470642964,-25.73068697685396
2025,00-0040134,WR,77,position,54.2,79.93068697685396,8.899110626851678,1.0,140.45335890530342,0.0,12.672753574657124,0.03936128770567186,-25.73068697685396
2025,00-0040134,WR,77,position_rank,54.2,79.93068697685396,6.70390935677603,1.0,132.60487392104716,0.0,9.314124870903958,0.017976967011017135,-25.73068697685396
2025,00-0039890,WR,78,pooled,71.4,79.33369986886837,7.222268224809148,1.0,147.48768494931483,0.0,14.20681302264535,0.04514225854665113,-7.933699868868359
2025,00-0039890,WR,78,position,71.4,79.33369986886837,6.869465293569299,1.0,140.45335890530342,0.0,12.473226212975776,0.037786996839370125,-7.933699868868359
2025,00-0039890,WR,78,position_rank,71.4,79.33369986886837,6.478298267531037,1.0,132.60487392104716,0.0,9.170714560047083,0.01651009643893761,-7.933699868868359
2025,00-0040170,WR,79,pooled,89.5,78.74431789921499,7.680826061636249,1.0,147.48768494931483,0.0,14.005458916957199,0.04329614644332436,10.755682100785009
2025,00-0040170,WR,79,position,89.5,78.74431789921499,7.307527951772707,1.0,140.45335890530342,0.0,12.280030215414978,0.03473480026184633,10.755682100785009
2025,00-0040170,WR,79,position_rank,89.5,78.74431789921499,9.015055685398604,1.0,132.60487392104716,0.0,9.029281501315348,0.015105645891201896,10.755682100785009
2025,00-0035535,WR,80,pooled,72.9,78.1623497359937,7.14888703675225,1.0,147.48768494931483,0.0,13.809835144616898,0.042568493071491166,-5.262349735993695
2025,00-0035535,WR,80,position,72.9,78.1623497359937,6.796084105512399,1.0,140.45335890530342,0.0,12.092435741390368,0.03399183135810699,-5.262349735993695
2025,00-0035535,WR,80,position_rank,72.9,78.1623497359937,6.68919433065272,1.0,132.60487392104716,0.0,8.895026174621313,0.015105645891201896,-5.262349735993695
2025,00-0037838,TE,26,pooled,44.0,67.40919805666911,8.680574773028788,1.0,145.30212687413484,0.0,19.220149329000638,0.07264894347659523,-23.409198056669112
2025,00-0037838,TE,26,position,44.0,67.40919805666911,7.529375373116711,1.0,112.0158394706937,0.0,12.74710482112662,0.0324,-23.409198056669112
2025,00-0037838,TE,26,position_rank,44.0,67.40919805666911,6.119808958325954,1.0,115.80794827709812,0.0,13.29252272300629,0.04000000000000001,-23.409198056669112
2025,00-0040138,WR,81,pooled,53.6,77.58761117805935,8.814375612408957,1.0,147.48768494931483,0.0,13.618939181110616,0.04113168598982055,-23.987611178059346
2025,00-0040138,WR,81,position,53.6,77.58761117805935,8.571851727603212,1.0,140.45335890530342,0.0,11.909014823434442,0.03252998983939824,-23.987611178059346
2025,00-0040138,WR,81,position_rank,53.6,77.58761117805935,6.566298109502772,1.0,132.60487392104716,0.0,8.76338214738495,0.015105645891201896,-23.987611178059346
2025,00-0040179,RB,64,pooled,6.6000000000000005,75.31308320717537,22.107018227961557,1.0,147.48768494931483,0.0,13.980548243849048,0.04329614644332436,-68.71308320717537
2025,00-0040179,RB,64,position,6.6000000000000005,75.31308320717537,21.209683934072874,1.0,159.08220080232914,0.0,16.151921127866633,0.05734764542936288,-68.71308320717537
2025,00-0040179,RB,64,position_rank,6.6000000000000005,75.31308320717537,16.91657630388013,1.0,126.50627555155712,0.0,9.687448723789949,0.0225,-68.71308320717537
2025,00-0033923,RB,65,pooled,131.4,74.55023944664532,18.188289677602892,1.0,147.48768494931483,32.96159285758418,13.725256116331563,0.6327161897479497,56.849760553354685
2025,00-0033923,RB,65,position,131.4,74.55023944664532,18.108503580145566,1.0,159.08220080232914,32.96159285758418,15.87192416713307,0.5904709141274237,56.849760553354685
2025,00-0033923,RB,65,position_rank,131.4,74.55023944664532,23.050835026605846,1.0,126.50627555155712,32.96159285758418,9.464044479634719,0.7224999999999999,56.849760553354685
2025,00-0039855,WR,82,pooled,22.3,77.01992480502403,16.76953552785522,1.0,147.48768494931483,0.0,13.431384377586602,0.04077633831565202,-54.719924805024036
2025,00-0039855,WR,82,position,22.3,77.01992480502403,16.90284921504682,1.0,140.45335890530342,0.0,11.728546018896076,0.03252998983939824,-54.719924805024036
2025,00-0039855,WR,82,position_rank,22.3,77.01992480502403,12.112286188476979,1.0,132.60487392104716,0.0,8.634516552711888,0.015105645891201896,-54.719924805024036
2025,00-0038619,WR,83,pooled,71.4,76.45911964847198,7.139056692113463,1.0,147.48768494931483,0.0,13.248604432754126,0.03971954512414429,-5.059119648471977
2025,00-0038619,WR,83,position,71.4,76.45911964847198,6.786253760873614,1.0,140.45335890530342,0.0,11.55188053511026,0.03181111722442882,-5.059119648471977
2025,00-0038619,WR,83,position_rank,71.4,76.45911964847198,6.70523881124654,1.0,132.60487392104716,0.0,8.510390924167517,0.015105645891201896,-5.059119648471977
2025,00-0037837,WR,84,pooled,57.7,75.90503088286451,8.029676326413856,1.0,147.48768494931483,0.0,13.070278160542204,0.03902272452230404,-18.205030882864506
2025,00-0037837,WR,84,position,57.7,75.90503088286451,7.8015438808753395,1.0,140.45335890530342,0.0,11.379133251530702,0.031100276705716044,-18.205030882864506
2025,00-0037837,WR,84,position_rank,57.7,75.90503088286451,6.412476542044845,1.0,132.60487392104716,0.0,8.390991432937767,0.015105645891201896,-18.205030882864506
2025,00-0038551,RB,66,pooled,30.8,73.79904261171166,13.057742842396195,1.0,147.48768494931483,0.0,13.476324971915698,0.04077633831565202,-42.99904261171166
2025,00-0038551,RB,66,position,30.8,73.79904261171166,12.970820954118278,1.0,158.76982908332388,0.0,15.597455036113615,0.05362880886426593,-42.99904261171166
2025,00-0038551,RB,66,position_rank,30.8,73.79904261171166,9.344761528218358,1.0,126.50627555155712,0.0,9.244051120832719,0.0225,-42.99904261171166
2025,00-0032211,WR,85,pooled,50.1,75.35749953473521,9.042433700103656,1.0,147.48768494931483,0.0,12.894685237817816,0.03867662667913339,-25.25749953473521
2025,00-0032211,WR,85,position,50.1,75.35749953473521,8.79990981529791,1.0,140.45335890530342,0.0,11.20916303446562,0.03039746828325991,-25.25749953473521
2025,00-0032211,WR,85,position_rank,50.1,75.35749953473521,6.666552453450866,1.0,132.60487392104716,0.0,8.274755727748307,0.015105645891201896,-25.25749953473521
2025,00-0039811,RB,67,pooled,0.0,73.05914239878882,23.998972604994258,0.0,147.48768494931483,0.0,13.234991470290785,0.03937036400397434,-73.05914239878882
2025,00-0039811,RB,67,position,0.0,73.05914239878882,22.913763918467016,1.0,158.02992887040105,0.0,15.335491328984967,0.05121883656509696,-73.05914239878882
2025,00-0039811,RB,67,position_rank,0.0,73.05914239878882,18.836480642693754,0.0,126.50627555155712,0.0,9.030063413204049,0.02040816326530612,-73.05914239878882
2025,00-0040236,RB,68,pooled,132.3,72.33020407450485,19.249828001303218,1.0,147.48768494931483,33.861592857584185,13.000523371310148,0.6453491464333037,59.96979592549516
2025,00-0040236,RB,68,position,132.3,72.33020407450485,19.160667113023713,1.0,157.30099054611708,33.861592857584185,15.086136505893315,0.5985872576177285,59.96979592549516
2025,00-0040236,RB,68,position_rank,132.3,72.33020407450485,24.4112456743269,0.0,126.50627555155712,33.861592857584185,8.827053089882726,0.7346938775510206,59.96979592549516
2025,00-0038393,WR,86,pooled,60.800000000000004,74.81637220889317,7.604263507859424,1.0,147.48768494931483,0.0,12.722689540955834,0.03730765169144722,-14.016372208893166
2025,00-0038393,WR,86,position,60.800000000000004,74.81637220889317,7.285825422573975,1.0,140.45335890530342,0.0,11.042263877584583,0.029702691957060417,-14.016372208893166
2025,00-0038393,WR,86,position_rank,60.800000000000004,74.81637220889317,6.302248682203493,1.0,132.60487392104716,0.0,8.15987953567011,0.013763615367809994,-14.016372208893166
2025,00-0034383,TE,27,pooled,127.4,66.03999879429657,19.69016212359733,1.0,143.9329276117623,50.47236433078355,18.641405032596246,0.5438900626753133,61.36000120570344
2025,00-0034383,TE,27,position,127.4,66.03999879429657,21.78689637294153,0.0,112.0158394706937,50.47236433078355,12.219339454356914,0.6806249999999999,61.36000120570344
2025,00-0034383,TE,27,position_rank,127.4,66.03999879429657,23.380357540361814,1.0,115.80794827709812,50.47236433078355,12.87677116743806,0.6400000000000001,61.36000120570344
2025,00-0040648,WR,87,pooled,52.6,74.28150083045296,8.482834135169146,1.0,147.48768494931483,0.0,12.554789241723372,0.03730765169144722,-21.681500830452954
2025,00-0040648,WR,87,position,52.6,74.28150083045296,8.25470168963063,1.0,140.45335890530342,0.0,10.87931560514438,0.029702691957060417,-21.681500830452954
2025,00-0040648,WR,87,position_rank,52.6,74.28150083045296,6.503876749700133,1.0,132.60487392104716,0.0,8.046331421811292,0.013763615367809994,-21.681500830452954
2025,00-0038454,RB,69,pooled,50.7,71.61190756640866,8.374546618152676,1.0,147.48768494931483,0.0,12.771297472313622,0.03730765169144722,-20.911907566408658
2025,00-0038454,RB,69,position,50.7,71.61190756640866,8.974004359579459,1.0,156.5826940380209,0.0,14.844003856384125,0.04886426592797784,-20.911907566408658
2025,00-0038454,RB,69,position_rank,50.7,71.61190756640866,7.251131668194924,1.0,126.50627555155712,0.0,8.633912956172747,0.016530612244897956,-20.911907566408658
2025,00-0036626,WR,88,pooled,38.4,73.75274240160746,11.128748011568,1.0,147.48768494931483,0.0,12.391277285385,0.035963342919755406,-35.352742401607465
2025,00-0036626,WR,88,position,38.4,73.75274240160746,10.95446963856333,1.0,140.45335890530342,0.0,10.720686565472356,0.02833723559343135,-35.352742401607465
2025,00-0036626,WR,88,position_rank,38.4,73.75274240160746,7.842120745917964,1.0,132.60487392104716,0.0,7.934081029095489,0.013763615367809994,-35.352742401607465
2025,00-0039356,TE,28,pooled,39.5,64.72059977912053,8.981991080750763,1.0,142.61352859658626,0.0,18.097077788534765,0.0661740617780796,-25.220599779120533
2025,00-0039356,TE,28,position,39.5,64.72059977912053,7.958348865934404,1.0,112.0158394706937,0.0,11.736945799256686,0.030624999999999996,-25.220599779120533
2025,00-0039356,TE,28,position_rank,39.5,64.72059977912053,6.4534882229880575,1.0,115.80794827709812,0.0,12.48095146288525,0.04000000000000001,-25.220599779120533
2025,00-0038611,RB,70,pooled,75.7,70.90394661910082,7.22273881246154,1.0,147.48768494931483,0.0,12.548627538979432,0.03730765169144722,4.796053380899181
2025,00-0038611,RB,70,position,75.7,70.90394661910082,8.237046581455859,1.0,155.87473309071305,0.0,14.6112009545674,0.04886426592797784,4.796053380899181
2025,00-0038611,RB,70,position_rank,75.7,70.90394661910082,8.433629723853103,1.0,126.50627555155712,0.0,8.451651196297515,0.016530612244897956,4.796053380899181
2025,00-0040739,TE,29,pooled,29.4,63.447505140856975,10.760139872856742,1.0,141.3404339583227,0.0,17.57925191137761,0.06217119741374725,-34.04750514085698
2025,00-0040739,TE,29,position,29.4,63.447505140856975,10.266352644257044,1.0,112.0158394706937,0.0,11.274869208099872,0.0256,-34.04750514085698
2025,00-0040739,TE,29,position_rank,29.4,63.447505140856975,8.231501590799027,1.0,115.80794827709812,0.0,12.099023071406183,0.030624999999999996,-34.04750514085698
2025,00-0040078,RB,71,pooled,44.0,70.20602801021997,9.203606125786333,1.0,147.48768494931483,0.0,12.333135718625279,0.035631119823081564,-26.206028010219967
2025,00-0040078,RB,71,position,44.0,70.20602801021997,9.65950010568998,1.0,155.1768144818322,0.0,14.386460770977582,0.047707756232686985,-26.206028010219967
2025,00-0040078,RB,71,position_rank,44.0,70.20602801021997,7.444168023693432,1.0,126.50627555155712,0.0,8.280333823564543,0.014744897959183673,-26.206028010219967
2025,00-0040208,RB,72,pooled,5.9,69.51787082126046,20.080094962450165,1.0,147.4107996387262,0.0,12.123122516182255,0.03464370036405793,-63.61787082126046
2025,00-0040208,RB,72,position,5.9,69.51787082126046,19.168845381227953,1.0,154.4886572928727,0.0,14.168349342306785,0.04543628808864266,-63.61787082126046
2025,00-0040208,RB,72,position_rank,5.9,69.51787082126046,14.891684213465336,1.0,126.50219798628305,0.0,8.113724179170962,0.014744897959183673,-63.61787082126046
2025,00-0040669,WR,89,pooled,65.6,73.22995877214271,7.198212561482879,1.0,147.48768494931483,0.0,12.23099751096703,0.034971298545232836,-7.6299587721427145
2025,00-0040669,WR,89,position,65.6,73.22995877214271,6.845409630243029,1.0,140.45335890530342,0.0,10.565879968982282,0.027666555556001782,-7.6299587721427145
2025,00-0040669,WR,89,position_rank,65.6,73.22995877214271,6.499674504995587,1.0,132.60487392104716,0.0,7.82422634281957,0.012484004868761897,-7.6299587721427145
2025,00-0040646,WR,90,pooled,0.0,72.71301642277405,23.843215915787606,0.0,147.48768494931483,0.0,12.074084294918517,0.03464370036405793,-72.71301642277405
2025,00-0040646,WR,90,position,0.0,72.71301642277405,24.119259512708062,0.0,140.45335890530342,0.0,10.413594347023977,0.027666555556001782,-72.71301642277405
2025,00-0040646,WR,90,position_rank,0.0,72.71301642277405,19.004103650431365,0.0,132.60487392104716,0.0,7.717372337642807,0.012484004868761897,-72.71301642277405
2025,00-0039424,WR,91,pooled,53.8,72.20178626045387,8.04581981130085,1.0,147.48768494931483,0.0,11.921025466534605,0.0333487240243548,-18.401786260453875
2025,00-0039424,WR,91,position,53.8,72.20178626045387,7.8176873657623345,1.0,140.45335890530342,0.0,10.265031433768423,0.027003907614828855,-18.401786260453875
2025,00-0039424,WR,91,position_rank,53.8,72.20178626045387,6.412345275200015,1.0,132.60487392104716,0.0,7.611699063867127,0.012484004868761897,-18.401786260453875
2025,00-0031544,WR,92,pooled,0.0,71.69614342486472,23.385623066728414,0.0,147.48768494931483,0.0,11.771291849185326,0.03302883403567814,-71.69614342486472
2025,00-0031544,WR,92,position,0.0,71.69614342486472,23.661666663648862,0.0,140.45335890530342,0.0,10.12095297169416,0.027003907614828855,-71.69614342486472
2025,00-0031544,WR,92,position_rank,0.0,71.69614342486472,18.54651080137217,0.0,132.60487392104716,0.0,7.507180712376634,0.012484004868761897,-71.69614342486472
2025,00-0039739,WR,93,pooled,32.6,71.19596710537337,11.890151822206676,1.0,147.48768494931483,0.0,11.624652818327785,0.03302883403567814,-38.59596710537337
2025,00-0039739,WR,93,position,32.6,71.19596710537337,11.851974278071049,1.0,140.45335890530342,0.0,9.98069361149242,0.027003907614828855,-38.59596710537337
2025,00-0039739,WR,93,position_rank,32.6,71.19596710537337,8.432828519516331,1.0,132.60487392104716,0.0,7.403792311140991,0.012484004868761897,-38.59596710537337
2025,00-0036040,TE,30,pooled,135.8,62.217574665193794,24.38354501690589,1.0,140.11050348265954,58.872364330783554,17.089348982850897,0.5674493822269122,73.58242533480622
2025,00-0036040,TE,30,position,135.8,62.217574665193794,27.3477955278774,0.0,112.0158394706937,58.872364330783554,10.845082273227492,0.7055999999999999,73.58242533480622
2025,00-0036040,TE,30,position_rank,135.8,62.217574665193794,28.73660824551637,0.0,115.80794827709812,58.872364330783554,11.730043928707229,0.6806249999999999,73.58242533480622
2025,00-0039847,TE,31,pooled,105.3,61.02797712796597,14.120420556129309,1.0,138.9209059454317,28.37236433078354,16.623984418421834,0.576746233199031,44.27202287203403
2025,00-0039847,TE,31,position,105.3,61.02797712796597,14.91734164209938,1.0,112.0158394706937,28.37236433078354,10.440619110570033,0.7140249999999999,44.27202287203403
2025,00-0039847,TE,31,position_rank,105.3,61.02797712796597,16.692022183501404,1.0,115.80794827709812,28.37236433078354,11.373164667538882,0.6806249999999999,44.27202287203403
2025,00-0039868,WR,94,pooled,144.6,70.70114036777395,24.569605735981852,1.0,147.48768494931483,42.80386401184036,11.481334295787953,0.6724287974988457,73.89885963222605
2025,00-0039868,WR,94,position,144.6,70.70114036777395,24.910491076241204,0.0,140.45335890530342,42.80386401184036,9.843461632243416,0.6983465929855704,73.89885963222605
2025,00-0039868,WR,94,position_rank,144.6,70.70114036777395,31.16821077285596,0.0,132.60487392104716,42.80386401184036,7.301509689402564,0.7890203177179239,73.89885963222605
2025,00-0036290,TE,32,pooled,59.1,59.87615104067363,6.995930786207577,1.0,137.76907985813935,0.0,16.178389131996635,0.05454008684049669,-0.776151040673632
2025,00-0036290,TE,32,position,59.1,59.87615104067363,4.991892583461665,1.0,112.0158394706937,0.0,10.064988712386064,0.0225,-0.776151040673632
2025,00-0036290,TE,32,position_rank,59.1,59.87615104067363,5.497705646345909,1.0,115.80794827709812,0.0,11.02761684135118,0.030624999999999996,-0.776151040673632
2025,00-0031610,TE,33,pooled,76.7,58.75977143825874,8.349596996088096,1.0,136.65270025572445,0.0,15.755323094661726,0.051707326097396096,17.940228561741264
2025,00-0031610,TE,33,position,76.7,58.75977143825874,7.038597445634252,1.0,112.0158394706937,0.0,9.7077472396133,0.019600000000000003,17.940228561741264
2025,00-0031610,TE,33,position_rank,76.7,58.75977143825874,8.980404727616772,1.0,115.80794827709812,0.0,10.692702960626713,0.026406250000000003,17.940228561741264
2025,00-0039880,WR,95,pooled,77.4,70.2115499901982,7.3767478231138455,1.0,147.48768494931483,0.0,11.341793929962025,0.03207841390064602,7.188450009801812
2025,00-0039880,WR,95,position,77.4,70.2115499901982,7.003449713250304,1.0,140.45335890530342,0.0,9.709229020030053,0.027003907614828855,7.188450009801812
2025,00-0039880,WR,95,position_rank,77.4,70.2115499901982,8.346307917208758,1.0,132.60487392104716,0.0,7.201202778470145,0.012484004868761897,7.188450009801812
2025,00-0035216,WR,96,pooled,0.0,69.72708630761801,22.499662075652235,0.0,147.48526325819034,0.0,11.205574996073338,0.031141868512110732,-69.72708630761801
2025,00-0035216,WR,96,position,0.0,69.72708630761801,22.775590960887847,0.0,140.45335890530342,0.0,9.577911215577386,0.026349291769912568,-69.72708630761801
2025,00-0035216,WR,96,position_rank,0.0,69.72708630761801,17.660435098611146,0.0,132.60487392104716,0.0,7.103768741750107,0.012484004868761897,-69.72708630761801
2025,00-0040663,TE,34,pooled,150.4,57.67672162632398,32.67993779164089,0.0,135.5696504437897,73.47236433078355,15.353312994174207,0.6050900278342831,92.72327837367602
2025,00-0040663,TE,34,position,150.4,57.67672162632398,36.909192832573716,0.0,112.0158394706937,73.47236433078355,9.374876752840409,0.7569,92.72327837367602
2025,00-0040663,TE,34,position_rank,150.4,57.67672162632398,38.30703476495127,0.0,115.80794827709812,73.47236433078355,10.381083489588287,0.7224999999999999,92.72327837367602
2025,00-0036637,TE,35,pooled,23.8,56.62506902481792,10.404548688554328,1.0,134.51799784228365,0.0,14.968625300513173,0.04740846714113161,-32.82506902481792
2025,00-0036637,TE,35,position,23.8,56.62506902481792,9.900531003493228,1.0,112.0158394706937,0.0,9.061469561709668,0.016900000000000002,-32.82506902481792
2025,00-0036637,TE,35,position_rank,23.8,56.62506902481792,7.94197724752662,1.0,115.80794827709812,0.0,10.078733366655293,0.0225,-32.82506902481792
2025,00-0033110,TE,36,pooled,41.0,55.60304441547379,7.506103639175032,1.0,133.49597323293952,0.0,14.603592308954227,0.046646897722306194,-14.60304441547379
2025,00-0033110,TE,36,position,41.0,55.60304441547379,5.7865070951798945,1.0,112.0158394706937,0.0,8.765207332989789,0.016900000000000002,-14.60304441547379
2025,00-0033110,TE,36,position_rank,41.0,55.60304441547379,5.195108971543009,1.0,115.80794827709812,0.0,9.784901291468856,0.0225,-14.60304441547379
