sleeper_id,name,pos,team,adp_half,adp_ppr,adp_std,pts_half,pts_ppr,gp,pass_yd,pass_td,pass_int,rush_att,rush_yd,rush_td,rec,rec_tgt,rec_yd,rec_td,fum_lost,pts_sl,name_key,fantasypros_id,gsis_id,rank_ecr,rank_ave,rank_std,rank_min,rank_max,tier,pos_rank,bye,fp_name,ffc_adp,ffc_sd,ffc_n,g_2025,pts_2025,ppg_2025,targets_2025,carries_2025,injury,injury_part,age,exp,depth,pts_sl_adj,ecr_pos_rank,pts_ecr,proj,draft_excluded,adp_estimated,adp,adp_sd,p1,p24,p25,p48,p49,p72,p73,p96,p97,p120,p121,p144,p145,p168,p169,repl,vor,vor_waiver,pos_rank_proj,rank_vor,ph1,ph24,ph25,ph48,ph49,ph72,ph73,ph96,ph97,ph120,ph121,ph144,ph145,ph168,ph169
9221,Jahmyr Gibbs,RB,DET,1.3,1.9,2.7,299.9,331.4,18.0,,,,255.0,1251.0,12.0,63.0,,533.0,3.0,1.0,297.90000000000003,jahmyrgibbs,22968.0,00-0039139,1.0,1.55,0.7,1.0,5.0,1.0,RB1,6.0,Jahmyr Gibbs,1.5,0.7,185.0,17.0,328.40000000000003,19.317647058823532,94.0,243.0,,,24.0,3.0,1.0,297.90000000000003,1.0,294.40000000000003,296.15000000000003,False,False,1.3,1.0,0.7881446014166033,0.0,0.0,0.0,0.0,0.0,0.0,0.0,0.0,0.0,0.0,0.0,0.0,0.0,0.0,138.58039215686273,157.5696078431373,177.83333333333337,1,1,1.0,0.0,0.0,0.0,0.0,0.0,0.0,0.0,0.0,0.0,0.0,0.0,0.0,0.0,0.0
9509,Bijan Robinson,RB,ATL,2.5,2.3,1.2,292.9,324.9,18.0,,,,280.0,1372.0,9.0,64.0,,537.0,3.0,2.0,290.90000000000003,bijanrobinson,23133.0,00-0038542,2.0,2.33,0.75,1.0,5.0,1.0,RB2,11.0,Bijan Robinson,2.2,0.6,81.0,17.0,329.3,19.370588235294118,103.0,287.0,,,24.0,3.0,1.0,290.90000000000003,2.0,281.6,286.25,False,False,2.5,1.0,0.9772498680518209,0.0,0.0,0.0,0.0,0.0,0.0,0.0,0.0,0.0,0.0,0.0,0.0,0.0,0.0,138.58039215686273,147.66960784313727,167.93333333333334,2,2,1.0,0.0,0.0,0.0,0.0,0.0,0.0,0.0,0.0,0.0,0.0,0.0,0.0,0.0,0.0
4034,Christian McCaffrey,RB,SF,4.2,5.4,4.9,256.0,291.0,18.0,,,,240.0,984.0,7.0,70.0,,606.0,4.0,2.0,256.0,christianmccaffrey,16393.0,00-0033280,7.0,8.16,3.78,3.0,23.0,1.0,RB3,8.0,Christian McCaffrey,5.5,1.4,96.0,17.0,365.6,21.50588235294118,129.0,311.0,Questionable,Undisclosed,30.0,9.0,1.0,256.0,3.0,266.40000000000003,261.20000000000005,False,False,4.2,1.032,0.9998316360239485,0.0,0.0,0.0,0.0,0.0,0.0,0.0,0.0,0.0,0.0,0.0,0.0,0.0,0.0,138.58039215686273,122.61960784313732,142.88333333333338,3,3,1.0,0.0,0.0,0.0,0.0,0.0,0.0,0.0,0.0,0.0,0.0,0.0,0.0,0.0,0.0
7564,Ja'Marr Chase,WR,CIN,3.5,3.4,6.6,256.6,311.1,18.0,,,,3.0,16.0,,109.0,,1345.0,11.0,1.0,254.6,jamarrchase,19788.0,00-0036900,3.0,2.43,1.12,1.0,6.0,1.0,WR1,6.0,Ja'Marr Chase,3.9,1.0,196.0,16.0,251.10000000000002,15.693750000000001,185.0,3.0,Questionable,Knee,26.0,5.0,1.0,254.6,1.0,255.8,255.2,False,False,3.5,1.0,0.9986501019683699,0.0,0.0,0.0,0.0,0.0,0.0,0.0,0.0,0.0,0.0,0.0,0.0,0.0,0.0,138.98333333333332,116.21666666666667,117.76666666666665,1,4,1.0,0.0,0.0,0.0,0.0,0.0,0.0,0.0,0.0,0.0,0.0,0.0,0.0,0.0,0.0
9493,Puka Nacua,WR,LAR,6.0,4.9,8.9,259.0,312.5,18.0,,,,10.0,55.0,,107.0,,1400.0,10.0,1.0,257.0,pukanacua,23180.0,00-0039075,4.0,4.5,1.49,1.0,11.0,1.0,WR2,11.0,Puka Nacua,2.8,0.4,14.0,16.0,310.5,19.40625,166.0,10.0,Questionable,Undisclosed,25.0,3.0,1.0,257.0,2.0,248.23333333333335,252.61666666666667,False,False,6.0,1.23,0.9999961171691133,0.0,0.0,0.0,0.0,0.0,0.0,0.0,0.0,0.0,0.0,0.0,0.0,0.0,0.0,138.98333333333332,113.63333333333335,115.18333333333334,2,5,1.0,0.0,0.0,0.0,0.0,0.0,0.0,0.0,0.0,0.0,0.0,0.0,0.0,0.0,0.0
6813,Jonathan Taylor,RB,IND,5.9,7.1,3.8,254.3,272.3,18.0,,,,287.0,1385.0,11.0,36.0,,278.0,1.0,2.0,252.3,jonathantaylor,19217.0,00-0036223,8.0,8.67,2.92,3.0,18.0,1.0,RB4,13.0,Jonathan Taylor,5.9,1.8,193.0,17.0,337.3,19.841176470588238,55.0,323.0,,,27.0,6.0,1.0,252.3,4.0,250.53333333333333,251.41666666666669,False,False,5.9,1.2189999999999999,0.9999952852977173,0.0,0.0,0.0,0.0,0.0,0.0,0.0,0.0,0.0,0.0,0.0,0.0,0.0,0.0,138.58039215686273,112.83627450980396,133.10000000000002,4,6,1.0,0.0,0.0,0.0,0.0,0.0,0.0,0.0,0.0,0.0,0.0,0.0,0.0,0.0,0.0
8138,James Cook,RB,BUF,9.9,9.5,5.1,245.3,260.8,18.0,,,,264.0,1270.0,11.0,31.0,,268.0,2.0,2.0,243.3,jamescook,22958.0,00-0037248,9.0,10.04,3.22,5.0,24.0,1.0,RB5,7.0,James Cook III,9.5,2.0,230.0,17.0,285.70000000000005,16.80588235294118,40.0,309.0,,,26.0,4.0,1.0,243.3,5.0,244.0,243.65,False,False,9.9,1.6589999999999998,0.9999999926942471,1.1102230246251565e-16,0.0,0.0,0.0,0.0,0.0,0.0,0.0,0.0,0.0,0.0,0.0,0.0,0.0,138.58039215686273,105.06960784313728,125.33333333333333,5,7,1.0,0.0,0.0,0.0,0.0,0.0,0.0,0.0,0.0,0.0,0.0,0.0,0.0,0.0,0.0
9488,Jaxon Smith-Njigba,WR,SEA,8.8,5.5,9.2,235.1,284.6,18.0,,,,6.0,33.0,,99.0,,1343.0,8.0,1.0,233.10000000000002,jaxonsmithnjigba,23070.0,00-0038543,5.0,5.96,1.54,1.0,11.0,1.0,WR3,11.0,Jaxon Smith-Njigba,5.9,1.2,76.0,17.0,300.40000000000003,17.67058823529412,163.0,7.0,,,24.0,3.0,1.0,233.10000000000002,3.0,237.73333333333335,235.41666666666669,False,False,8.8,1.538,0.9999999660458083,0.0,0.0,0.0,0.0,0.0,0.0,0.0,0.0,0.0,0.0,0.0,0.0,0.0,0.0,138.98333333333332,96.43333333333337,97.98333333333335,3,8,1.0,0.0,0.0,0.0,0.0,0.0,0.0,0.0,0.0,0.0,0.0,0.0,0.0,0.0,0.0
9224,Chase Brown,RB,CIN,17.3,14.6,17.8,226.7,255.2,18.0,,,,220.0,945.0,8.0,57.0,,417.0,3.0,2.0,226.7,chasebrown,25324.0,00-0038597,12.0,14.79,4.69,5.0,30.0,2.0,RB6,6.0,Chase Brown,13.6,2.7,212.0,17.0,246.10000000000002,14.476470588235296,88.0,232.0,,,26.0,3.0,1.0,226.7,6.0,236.53333333333333,231.61666666666667,False,False,17.3,2.473,0.9999999999945227,0.006086719374544858,0.0017988143067410034,0.0,0.0,0.0,0.0,0.0,0.0,0.0,0.0,0.0,0.0,0.0,0.0,138.58039215686273,93.03627450980395,113.3,6,9,1.0,0.117,0.042,0.0,0.0,0.0,0.0,0.0,0.0,0.0,0.0,0.0,0.0,0.0,0.0
9226,De'Von Achane,RB,MIA,13.3,13.3,8.0,229.9,257.4,18.0,,,,239.0,1168.0,6.0,55.0,,416.0,2.0,2.0,229.9,devonachane,23136.0,00-0039040,16.0,18.09,5.78,10.0,40.0,2.0,RB8,6.0,De'Von Achane,10.5,2.6,62.0,16.0,289.3,18.08125,85.0,238.0,,,24.0,3.0,1.0,229.9,8.0,227.6,228.75,False,False,13.3,2.033,0.9999999998474001,2.6212816384152404e-07,1.8033664117567128e-08,0.0,0.0,0.0,0.0,0.0,0.0,0.0,0.0,0.0,0.0,0.0,0.0,138.58039215686273,90.16960784313727,110.43333333333332,7,10,1.0,0.0,0.0,0.0,0.0,0.0,0.0,0.0,0.0,0.0,0.0,0.0,0.0,0.0,0.0
4866,Saquon Barkley,RB,PHI,10.6,11.6,13.4,228.2,246.7,18.0,,,,271.0,1220.0,8.0,37.0,,277.0,2.0,1.0,226.2,saquonbarkley,17240.0,00-0034844,14.0,16.13,5.2,8.0,34.0,2.0,RB7,10.0,Saquon Barkley,16.7,3.4,297.0,16.0,211.8,13.2375,50.0,280.0,,,29.0,8.0,1.0,226.2,7.0,231.0,228.6,False,False,10.6,1.7359999999999998,0.9999999970217124,5.395683899678261e-14,6.661338147750939e-16,0.0,0.0,0.0,0.0,0.0,0.0,0.0,0.0,0.0,0.0,0.0,0.0,138.58039215686273,90.01960784313727,110.28333333333332,8,11,1.0,0.0,0.0,0.0,0.0,0.0,0.0,0.0,0.0,0.0,0.0,0.0,0.0,0.0,0.0
3198,Derrick Henry,RB,BAL,14.0,17.5,7.4,238.4,246.9,18.0,,,,281.0,1406.0,12.0,17.0,,133.0,1.0,2.0,236.4,derrickhenry,15514.0,00-0032764,21.0,20.16,5.23,11.0,37.0,2.0,RB11,13.0,Derrick Henry,9.8,1.6,49.0,17.0,272.0,16.0,21.0,307.0,,,32.0,10.0,1.0,236.4,11.0,218.6,227.5,False,False,14.0,2.11,0.9999999999213411,3.3599982265375417e-06,3.2405032190929717e-07,0.0,0.0,0.0,0.0,0.0,0.0,0.0,0.0,0.0,0.0,0.0,0.0,138.58039215686273,88.91960784313727,109.18333333333332,9,12,1.0,0.001,0.0,0.0,0.0,0.0,0.0,0.0,0.0,0.0,0.0,0.0,0.0,0.0,0.0
8151,Kenneth Walker,RB,KC,18.0,19.9,22.7,225.5,244.0,18.0,,,,259.0,1158.0,9.0,37.0,,272.0,2.0,1.0,225.5,kennethwalker,23021.0,00-0038134,18.0,18.66,7.12,9.0,48.0,2.0,RB9,5.0,Kenneth Walker III,20.3,3.6,312.0,17.0,176.4,10.376470588235295,36.0,221.0,,,25.0,4.0,1.0,225.5,9.0,226.13333333333333,225.81666666666666,False,False,18.0,2.55,0.9999999999966225,0.015508180233362756,0.005401311319205737,0.0,0.0,0.0,0.0,0.0,0.0,0.0,0.0,0.0,0.0,0.0,0.0,138.58039215686273,87.23627450980393,107.49999999999999,10,13,1.0,0.228,0.094,0.0,0.0,0.0,0.0,0.0,0.0,0.0,0.0,0.0,0.0,0.0,0.0
7547,Amon-Ra St. Brown,WR,DET,7.8,8.2,16.8,227.5,280.5,18.0,,,,3.0,16.0,,106.0,,1249.0,8.0,1.0,225.5,amonrastbrown,19799.0,00-0036963,6.0,6.5,1.26,4.0,11.0,1.0,WR4,6.0,Amon-Ra St. Brown,7.9,1.6,137.0,17.0,265.5,15.617647058823529,172.0,3.0,,,26.0,5.0,1.0,225.5,4.0,226.36666666666667,225.93333333333334,False,False,7.8,1.428,0.9999998406549047,0.0,0.0,0.0,0.0,0.0,0.0,0.0,0.0,0.0,0.0,0.0,0.0,0.0,0.0,138.98333333333332,86.95000000000002,88.5,4,14,1.0,0.0,0.0,0.0,0.0,0.0,0.0,0.0,0.0,0.0,0.0,0.0,0.0,0.0,0.0
12507,Omarion Hampton,RB,LAC,15.9,15.1,12.2,218.9,242.9,18.0,,,,232.0,1025.0,8.0,48.0,,364.0,2.0,2.0,218.9,omarionhampton,25395.0,00-0040666,20.0,19.68,6.61,9.0,55.0,2.0,RB10,7.0,Omarion Hampton,22.5,4.1,286.0,9.0,119.7,13.3,35.0,124.0,,,23.0,1.0,1.0,218.9,10.0,223.53333333333333,221.21666666666667,False,False,15.9,2.319,0.9999999999844,0.0005240717322584354,0.00010424737149816732,0.0,0.0,0.0,0.0,0.0,0.0,0.0,0.0,0.0,0.0,0.0,0.0,138.58039215686273,82.63627450980394,102.89999999999999,11,15,1.0,0.033,0.011,0.0,0.0,0.0,0.0,0.0,0.0,0.0,0.0,0.0,0.0,0.0,0.0
6786,CeeDee Lamb,WR,DAL,11.3,10.6,14.3,222.5,270.5,18.0,,,,3.0,16.0,,96.0,,1249.0,8.0,1.0,220.5,ceedeelamb,19202.0,00-0036358,10.0,10.41,3.03,6.0,27.0,1.0,WR5,14.0,CeeDee Lamb,12.1,2.1,84.0,13.0,163.4,12.569230769230769,117.0,1.0,,,27.0,6.0,1.0,220.5,5.0,221.33333333333334,220.91666666666669,False,False,11.3,1.8130000000000002,0.999999998715271,8.531175765824628e-12,1.659783421814609e-13,0.0,0.0,0.0,0.0,0.0,0.0,0.0,0.0,0.0,0.0,0.0,0.0,138.98333333333332,81.93333333333337,83.48333333333335,5,16,1.0,0.0,0.0,0.0,0.0,0.0,0.0,0.0,0.0,0.0,0.0,0.0,0.0,0.0,0.0
7569,Nico Collins,WR,HOU,22.0,23.8,26.7,220.0,262.0,18.0,,,,3.0,18.0,,84.0,,1262.0,8.0,,218.0,nicocollins,20130.0,00-0036554,19.0,18.74,4.58,9.0,37.0,2.0,WR9,8.0,Nico Collins,21.0,2.5,81.0,15.0,188.7,12.58,120.0,2.0,,,27.0,5.0,1.0,218.0,9.0,204.10000000000002,211.05,False,False,22.0,2.9899999999999998,0.9999999999996776,0.30794904705492754,0.20154358613023493,0.0,0.0,0.0,0.0,0.0,0.0,0.0,0.0,0.0,0.0,0.0,0.0,138.98333333333332,72.06666666666669,73.61666666666667,6,17,1.0,0.492,0.217,0.0,0.0,0.0,0.0,0.0,0.0,0.0,0.0,0.0,0.0,0.0,0.0
6794,Justin Jefferson,WR,MIN,11.1,11.9,18.5,205.4,250.4,18.0,,,,1.0,6.0,,90.0,,1178.0,7.0,,205.4,justinjefferson,19236.0,00-0036322,11.0,11.37,3.86,6.0,26.0,2.0,WR6,6.0,Justin Jefferson,13.1,2.7,127.0,17.0,159.5,9.382352941176471,141.0,2.0,,,27.0,6.0,1.0,205.4,6.0,214.73333333333335,210.06666666666666,False,False,11.1,1.791,0.9999999983753602,2.203015547763698e-12,3.6637359812630166e-14,0.0,0.0,0.0,0.0,0.0,0.0,0.0,0.0,0.0,0.0,0.0,0.0,138.98333333333332,71.08333333333334,72.63333333333333,7,18,1.0,0.0,0.0,0.0,0.0,0.0,0.0,0.0,0.0,0.0,0.0,0.0,0.0,0.0,0.0
12527,Ashton Jeanty,RB,LV,16.2,16.9,11.5,211.4,233.9,18.0,,,,244.0,1048.0,7.0,45.0,,341.0,2.0,2.0,211.4,ashtonjeanty,25989.0,00-0040122,25.0,24.39,6.95,10.0,44.0,3.0,RB12,13.0,Ashton Jeanty,23.1,3.8,86.0,17.0,217.6,12.799999999999999,73.0,266.0,Questionable,Knee,22.0,1.0,1.0,211.4,12.0,207.76666666666665,209.58333333333331,False,False,16.2,2.352,0.9999999999876528,0.0009554510597232779,0.00020863627390577122,0.0,0.0,0.0,0.0,0.0,0.0,0.0,0.0,0.0,0.0,0.0,0.0,138.58039215686273,71.00294117647059,91.26666666666664,12,19,1.0,0.04,0.007,0.0,0.0,0.0,0.0,0.0,0.0,0.0,0.0,0.0,0.0,0.0,0.0
5859,A.J. Brown,WR,NE,19.3,17.7,33.2,207.7,247.2,18.0,,,,1.0,6.0,,79.0,,1176.0,8.0,,205.70000000000002,ajbrown,18218.0,00-0035676,13.0,15.29,5.21,7.0,39.0,2.0,WR7,11.0,A.J. Brown,17.0,2.5,80.0,15.0,181.3,12.086666666666668,121.0,0.0,,,29.0,7.0,1.0,205.70000000000002,7.0,209.70000000000002,207.70000000000002,False,False,19.3,2.693,0.9999999999985352,0.05942734118942372,0.02674572827693178,0.0,0.0,0.0,0.0,0.0,0.0,0.0,0.0,0.0,0.0,0.0,0.0,138.98333333333332,68.7166666666667,70.26666666666668,8,20,1.0,0.12,0.018,0.0,0.0,0.0,0.0,0.0,0.0,0.0,0.0,0.0,0.0,0.0,0.0
11604,Brock Bowers,TE,LV,23.5,23.4,30.2,202.5,253.5,18.0,,,,4.0,18.0,,102.0,,1077.0,7.0,1.0,200.5,brockbowers,22955.0,00-0039338,17.0,18.35,3.71,10.0,34.0,2.0,TE1,13.0,Brock Bowers,40.1,8.8,266.0,12.0,142.2,11.85,86.0,2.0,,,23.0,2.0,1.0,200.5,1.0,192.7,196.6,False,False,23.5,3.155,0.999999999999845,0.5,0.37563803516301464,1.3988810110276972e-14,1.1102230246251565e-15,0.0,0.0,0.0,0.0,0.0,0.0,0.0,0.0,0.0,0.0,128.58333333333334,68.01666666666665,75.23333333333332,1,21,1.0,0.0,0.0,0.0,0.0,0.0,0.0,0.0,0.0,0.0,0.0,0.0,0.0,0.0,0.0
8112,Drake London,WR,ATL,21.0,20.2,19.1,205.2,250.2,18.0,,,,1.0,6.0,,90.0,,1156.0,7.0,,203.20000000000002,drakelondon,23163.0,00-0037238,15.0,17.13,4.77,9.0,32.0,2.0,WR8,11.0,Drake London,13.9,2.0,18.0,12.0,165.9,13.825000000000001,112.0,0.0,,,25.0,4.0,1.0,203.20000000000002,8.0,204.9333333333333,204.06666666666666,False,False,21.0,2.88,0.9999999999994527,0.1926819600361106,0.11213008226269205,0.0,0.0,0.0,0.0,0.0,0.0,0.0,0.0,0.0,0.0,0.0,0.0,138.98333333333332,65.08333333333334,66.63333333333333,9,22,1.0,0.361,0.114,0.0,0.0,0.0,0.0,0.0,0.0,0.0,0.0,0.0,0.0,0.0,0.0
8137,George Pickens,WR,DAL,25.4,22.3,28.6,205.7,245.7,18.0,,,,1.0,6.0,,80.0,,1211.0,7.0,,203.70000000000002,georgepickens,22963.0,00-0037247,22.0,22.89,5.58,9.0,39.0,2.0,WR10,14.0,George Pickens,19.9,2.8,51.0,17.0,243.4,14.31764705882353,137.0,0.0,,,25.0,4.0,2.0,203.70000000000002,10.0,199.93333333333337,201.8166666666667,False,False,25.4,3.364,0.9999999999999329,0.7138963906557724,0.6054727679138212,2.5232038680655933e-11,3.2822633500018128e-12,0.0,0.0,0.0,0.0,0.0,0.0,0.0,0.0,0.0,0.0,138.98333333333332,62.83333333333337,64.38333333333335,10,23,1.0,0.872,0.808,0.0,0.0,0.0,0.0,0.0,0.0,0.0,0.0,0.0,0.0,0.0,0.0
7588,Javonte Williams,RB,DAL,31.1,32.5,32.1,193.0,212.0,18.0,,,,246.0,1034.0,7.0,38.0,,246.0,1.0,1.0,193.0,javontewilliams,22739.0,00-0036997,31.0,33.31,7.25,17.0,52.0,3.0,RB13,14.0,Javonte Williams,28.5,3.6,157.0,16.0,225.3,14.08125,51.0,252.0,,,26.0,5.0,1.0,193.0,13.0,198.9666666666667,195.98333333333335,False,False,31.1,3.991,0.9999999999999912,0.9715634382462759,0.9509078800963118,1.9847669408434854e-05,6.508783812142482e-06,0.0,0.0,0.0,0.0,0.0,0.0,0.0,0.0,0.0,0.0,138.58039215686273,57.40294117647062,77.66666666666667,13,24,1.0,0.999,0.999,0.0,0.0,0.0,0.0,0.0,0.0,0.0,0.0,0.0,0.0,0.0,0.0
8130,Trey McBride,TE,ARI,26.1,25.5,21.7,186.9,234.9,18.0,,,,,,,96.0,,969.0,7.0,1.0,184.9,treymcbride,22936.0,00-0037744,24.0,24.26,6.87,12.0,60.0,3.0,TE2,14.0,Trey McBride,42.8,8.6,129.0,17.0,252.9,14.876470588235295,169.0,0.0,,,26.0,4.0,1.0,184.9,2.0,186.26666666666665,185.58333333333331,False,False,26.1,3.441,0.9999999999999496,0.7750537639611685,0.6790275079458997,2.499717099979648e-10,3.764166756070608e-11,0.0,0.0,0.0,0.0,0.0,0.0,0.0,0.0,0.0,0.0,128.58333333333334,56.99999999999997,64.21666666666664,2,25,1.0,0.001,0.0,0.0,0.0,0.0,0.0,0.0,0.0,0.0,0.0,0.0,0.0,0.0,0.0
4984,Josh Allen,QB,BUF,20.9,21.2,15.0,361.5,361.5,18.0,3650.0,27.0,10.0,110.0,535.0,11.0,,,,,3.0,357.5,joshallen,17298.0,00-0034857,28.0,28.81,6.35,20.0,46.0,3.0,QB1,7.0,Josh Allen,29.7,8.8,112.0,16.0,372.62,23.28875,0.0,112.0,,,30.0,8.0,1.0,357.5,1.0,340.75,349.125,False,False,20.9,2.8689999999999998,0.9999999999994218,0.18240465381893323,0.10477702787509158,0.0,0.0,0.0,0.0,0.0,0.0,0.0,0.0,0.0,0.0,0.0,0.0,292.1733333333334,56.9516666666666,69.89499999999998,1,26,1.0,0.013,0.003,0.0,0.0,0.0,0.0,0.0,0.0,0.0,0.0,0.0,0.0,0.0,0.0
8144,Chris Olave,WR,NO,29.3,30.0,31.2,194.9,235.9,18.0,,,,1.0,6.0,,82.0,,1093.0,7.0,,192.9,chrisolave,20111.0,00-0037239,23.0,23.18,5.67,10.0,38.0,2.0,WR11,8.0,Chris Olave,22.2,2.3,42.0,16.0,219.0,13.6875,156.0,1.0,,,26.0,4.0,1.0,192.9,11.0,195.9333333333333,194.41666666666666,False,False,29.3,3.793,0.9999999999999843,0.9368842140146645,0.8971519659707987,8.000392633933373e-07,2.0748814877347144e-07,0.0,0.0,0.0,0.0,0.0,0.0,0.0,0.0,0.0,0.0,138.98333333333332,55.43333333333334,56.98333333333332,11,27,1.0,0.977,0.969,0.0,0.0,0.0,0.0,0.0,0.0,0.0,0.0,0.0,0.0,0.0,0.0
8150,Kyren Williams,RB,LAR,23.3,27.6,12.8,192.0,208.0,18.0,,,,228.0,981.0,8.0,32.0,,219.0,2.0,2.0,192.0,kyrenwilliams,23059.0,00-0037840,32.0,33.87,8.02,15.0,52.0,3.0,RB14,11.0,Kyren Williams,29.7,4.0,104.0,17.0,245.3,14.429411764705883,50.0,259.0,,,26.0,4.0,1.0,192.0,14.0,192.5,192.25,False,False,23.3,3.133,0.9999999999998298,0.4745501761622479,0.35085266390729375,5.551115123125783e-15,4.440892098500626e-16,0.0,0.0,0.0,0.0,0.0,0.0,0.0,0.0,0.0,0.0,138.58039215686273,53.66960784313727,73.93333333333332,14,28,1.0,0.924,0.909,0.0,0.0,0.0,0.0,0.0,0.0,0.0,0.0,0.0,0.0,0.0,0.0
8155,Breece Hall,RB,NYJ,32.6,34.3,27.1,192.5,211.0,18.0,,,,220.0,986.0,6.0,37.0,,314.0,2.0,2.0,192.5,breecehall,22982.0,00-0038120,34.0,37.16,6.62,23.0,52.0,3.0,RB15,13.0,Breece Hall,31.4,4.5,73.0,16.0,189.66,11.85375,48.0,243.0,Questionable,Thigh,25.0,4.0,1.0,192.5,15.0,191.53333333333333,192.01666666666665,False,False,32.6,4.156000000000001,0.9999999999999943,0.9857235661014796,0.9743516554665939,0.00016842415433382385,6.517562217411843e-05,0.0,0.0,0.0,0.0,0.0,0.0,0.0,0.0,0.0,0.0,138.58039215686273,53.43627450980392,73.69999999999997,15,29,1.0,1.0,1.0,0.0,0.0,0.0,0.0,0.0,0.0,0.0,0.0,0.0,0.0,0.0,0.0
11632,Malik Nabers,WR,NYG,28.5,26.2,30.3,193.7,236.7,18.0,,,,3.0,17.0,,86.0,,1110.0,6.0,,191.7,maliknabers,25409.0,00-0039337,26.0,28.25,8.38,9.0,47.0,3.0,WR12,8.0,Malik Nabers,26.1,2.6,113.0,4.0,48.1,12.025,35.0,0.0,Questionable,Knee - ACL,23.0,2.0,1.0,191.7,12.0,191.26666666666665,191.48333333333332,False,False,28.5,3.705,0.9999999999999793,0.9114162297996935,0.8598447591677847,1.46258809730071e-07,3.367316303570789e-08,0.0,0.0,0.0,0.0,0.0,0.0,0.0,0.0,0.0,0.0,138.98333333333332,52.5,54.04999999999998,12,30,1.0,0.961,0.956,0.0,0.0,0.0,0.0,0.0,0.0,0.0,0.0,0.0,0.0,0.0,0.0
13287,Jeremiyah Love,RB,ARI,27.8,28.0,15.2,188.3,211.8,18.0,,,,205.0,897.0,5.0,47.0,,351.0,2.0,1.0,188.3,jeremiyahlove,25403.0,00-0041027,37.0,38.88,8.64,23.0,67.0,3.0,RB16,14.0,Jeremiyah Love,27.7,3.4,57.0,,,,,,Questionable,Ankle,21.0,0.0,1.0,188.3,16.0,190.53333333333333,189.41666666666669,False,False,27.8,3.628,0.9999999999999736,0.8820359526091335,0.8184811567021792,2.817876676441955e-08,5.795917967788e-09,0.0,0.0,0.0,0.0,0.0,0.0,0.0,0.0,0.0,0.0,138.58039215686273,50.83627450980396,71.10000000000001,16,31,1.0,0.991,0.991,0.0,0.0,0.0,0.0,0.0,0.0,0.0,0.0,0.0,0.0,0.0,0.0
6790,D'Andre Swift,RB,CHI,46.7,50.9,47.1,189.5,208.0,18.0,,,,217.0,978.0,7.0,37.0,,272.0,1.0,1.0,189.5,dandreswift,19210.0,00-0036275,45.0,46.37,7.35,27.0,65.0,4.0,RB18,10.0,D'Andre Swift,39.9,5.7,117.0,16.0,211.6,13.225,48.0,223.0,Questionable,Abdomen,27.0,6.0,1.0,189.5,18.0,188.5,189.0,False,False,46.7,5.707000000000001,0.9999999999999998,0.999976002617082,0.9999498695642709,0.44425938931846287,0.37622817196896485,6.946654661943441e-06,3.0808428814754762e-06,0.0,0.0,0.0,0.0,0.0,0.0,0.0,0.0,138.58039215686273,50.41960784313727,70.68333333333332,17,32,1.0,1.0,1.0,0.651,0.578,0.0,0.0,0.0,0.0,0.0,0.0,0.0,0.0,0.0,0.0
7525,DeVonta Smith,WR,PHI,33.9,33.6,53.2,189.2,229.2,18.0,,,,1.0,6.0,,80.0,,1066.0,7.0,,189.20000000000002,devontasmith,19222.0,00-0036912,27.0,28.61,5.25,11.0,43.0,3.0,WR13,10.0,DeVonta Smith,30.9,3.3,141.0,17.0,163.3,9.605882352941178,113.0,0.0,,,27.0,5.0,1.0,189.20000000000002,13.0,189.53333333333333,189.36666666666667,False,False,33.9,4.2989999999999995,0.999999999999996,0.9922219570135536,0.9856124877388874,0.0007793510671700865,0.00034171866982846133,0.0,0.0,0.0,0.0,0.0,0.0,0.0,0.0,0.0,0.0,138.98333333333332,50.383333333333354,51.93333333333334,13,33,1.0,1.0,1.0,0.0,0.0,0.0,0.0,0.0,0.0,0.0,0.0,0.0,0.0,0.0,0.0
7543,Travis Etienne,RB,NO,38.9,43.3,34.4,189.7,207.7,18.0,,,,226.0,950.0,6.0,36.0,,287.0,2.0,1.0,187.7,travisetienne,19231.0,00-0036973,44.0,42.8,8.02,20.0,71.0,4.0,RB17,8.0,Travis Etienne Jr.,36.7,3.8,97.0,17.0,235.9,13.876470588235295,52.0,260.0,,,27.0,5.0,1.0,187.7,17.0,189.30000000000004,188.5,False,False,38.9,4.849,0.9999999999999988,0.9992531701700156,0.9985094711586324,0.0380678504680354,0.023863585075694527,8.89888163158048e-12,2.1151969065158482e-12,0.0,0.0,0.0,0.0,0.0,0.0,0.0,0.0,138.58039215686273,49.91960784313727,70.18333333333332,18,34,1.0,1.0,1.0,0.039,0.015,0.0,0.0,0.0,0.0,0.0,0.0,0.0,0.0,0.0,0.0
9997,Zay Flowers,WR,BAL,40.8,41.9,50.8,187.7,228.2,18.0,,,,5.0,29.0,,81.0,,1103.0,6.0,1.0,187.70000000000002,zayflowers,22916.0,00-0039064,29.0,32.15,5.55,20.0,53.0,3.0,WR14,13.0,Zay Flowers,23.9,2.6,37.0,17.0,200.3,11.782352941176471,118.0,10.0,Questionable,Undisclosed,25.0,3.0,1.0,187.70000000000002,14.0,188.20000000000002,187.95000000000002,False,False,40.8,5.058,0.9999999999999991,0.999687267308097,0.9993648750261732,0.09264624636641394,0.06396184920735215,6.411751130031007e-10,1.8368173648752872e-10,0.0,0.0,0.0,0.0,0.0,0.0,0.0,0.0,138.98333333333332,48.9666666666667,50.51666666666668,14,35,1.0,1.0,1.0,0.044,0.012,0.0,0.0,0.0,0.0,0.0,0.0,0.0,0.0,0.0,0.0
11635,Ladd McConkey,WR,LAC,35.2,35.2,46.8,187.7,228.2,18.0,,,,2.0,12.0,,81.0,,1040.0,7.0,,187.7,laddmcconkey,26122.0,00-0039915,38.0,39.04,7.35,18.0,61.0,3.0,WR18,7.0,Ladd McConkey,40.1,4.3,260.0,16.0,147.9,9.24375,106.0,0.0,,,24.0,2.0,1.0,187.7,18.0,184.5,186.1,False,False,35.2,4.442,0.9999999999999971,0.9957800877250393,0.9919980118502976,0.002811233621439868,0.00137606755489883,2.220446049250313e-16,0.0,0.0,0.0,0.0,0.0,0.0,0.0,0.0,0.0,138.98333333333332,47.116666666666674,48.66666666666666,15,36,1.0,0.997,0.997,0.0,0.0,0.0,0.0,0.0,0.0,0.0,0.0,0.0,0.0,0.0,0.0
6801,Tee Higgins,WR,CIN,39.5,35.2,35.8,186.9,224.4,18.0,,,,1.0,6.0,,75.0,,1048.0,7.0,,184.9,teehiggins,19211.0,00-0036410,33.0,36.68,6.03,19.0,52.0,3.0,WR16,6.0,Tee Higgins,35.1,4.0,70.0,15.0,180.10000000000002,12.006666666666668,98.0,0.0,Questionable,Heel,27.0,6.0,2.0,184.9,16.0,186.13333333333333,185.51666666666665,False,False,39.5,4.915,0.9999999999999989,0.9994337181255479,0.9988629425750493,0.05179739669364081,0.03354063081776426,3.7405301078763387e-11,9.458878125201409e-12,0.0,0.0,0.0,0.0,0.0,0.0,0.0,0.0,138.98333333333332,46.53333333333333,48.083333333333314,16,37,1.0,1.0,1.0,0.026,0.006,0.0,0.0,0.0,0.0,0.0,0.0,0.0,0.0,0.0,0.0
5892,David Montgomery,RB,HOU,41.2,46.9,48.3,190.1,206.1,18.0,,,,236.0,986.0,8.0,32.0,,235.0,1.0,1.0,190.10000000000002,davidmontgomery,18239.0,00-0035685,54.0,53.82,7.6,35.0,72.0,4.0,RB21,8.0,David Montgomery,55.5,5.1,103.0,17.0,152.92000000000002,8.99529411764706,29.0,158.0,,,29.0,7.0,1.0,190.10000000000002,21.0,179.83333333333334,184.9666666666667,False,False,41.2,5.102,0.9999999999999993,0.9997390216144224,0.9994683632287301,0.10845063501092966,0.07624213081960995,1.4351634325393547e-09,4.262004082988824e-10,0.0,0.0,0.0,0.0,0.0,0.0,0.0,0.0,138.58039215686273,46.38627450980397,66.65000000000002,19,38,1.0,1.0,1.0,0.167,0.086,0.0,0.0,0.0,0.0,0.0,0.0,0.0,0.0,0.0,0.0
10229,Rashee Rice,WR,KC,29.3,29.5,34.2,185.3,229.3,18.0,,,,6.0,29.0,,88.0,,964.0,7.0,1.0,183.3,rasheerice,23113.0,00-0039067,30.0,32.37,9.03,9.0,80.0,3.0,WR15,5.0,Rashee Rice,18.3,1.6,12.0,8.0,121.6,15.2,78.0,5.0,,,26.0,3.0,1.0,183.3,15.0,186.96666666666667,185.13333333333333,False,False,29.3,3.793,0.9999999999999843,0.9368842140146645,0.8971519659707987,8.000392633933373e-07,2.0748814877347144e-07,0.0,0.0,0.0,0.0,0.0,0.0,0.0,0.0,0.0,0.0,138.98333333333332,46.150000000000006,47.69999999999999,17,39,1.0,0.972,0.964,0.0,0.0,0.0,0.0,0.0,0.0,0.0,0.0,0.0,0.0,0.0,0.0
12514,Emeka Egbuka,WR,TB,41.3,38.6,54.1,185.5,224.0,18.0,,,,3.0,21.0,,77.0,,1029.0,7.0,,185.5,emekaegbuka,23062.0,00-0040129,42.0,41.15,7.16,19.0,63.0,3.0,WR21,10.0,Emeka Egbuka,34.2,3.5,102.0,17.0,162.20000000000002,9.541176470588237,127.0,2.0,Questionable,Undisclosed,23.0,1.0,1.0,185.5,21.0,182.76666666666665,184.13333333333333,False,False,41.3,5.113,0.9999999999999993,0.9997505274697127,0.9994914297691719,0.11264228471512028,0.07953959307648462,1.7471256663625923e-09,5.234430666689605e-10,0.0,0.0,0.0,0.0,0.0,0.0,0.0,0.0,138.98333333333332,45.150000000000006,46.69999999999999,18,40,1.0,1.0,1.0,0.083,0.014,0.0,0.0,0.0,0.0,0.0,0.0,0.0,0.0,0.0,0.0
7526,Jaylen Waddle,WR,DEN,44.0,44.5,42.3,182.5,221.0,18.0,,,,3.0,18.0,,77.0,,1002.0,7.0,,182.5,jaylenwaddle,19790.0,00-0036613,35.0,38.13,8.02,18.0,63.0,3.0,WR17,10.0,Jaylen Waddle,45.1,6.1,215.0,16.0,162.12,10.1325,100.0,2.0,,,27.0,5.0,1.0,182.5,17.0,185.20000000000002,183.85000000000002,False,False,44.0,5.41,0.9999999999999996,0.9999244574574493,0.9998435843770344,0.2588321221566129,0.2027629046492473,1.85584512202297e-07,6.895072379720091e-08,0.0,0.0,0.0,0.0,0.0,0.0,0.0,0.0,138.98333333333332,44.8666666666667,46.416666666666686,19,41,1.0,1.0,1.0,0.246,0.101,0.0,0.0,0.0,0.0,0.0,0.0,0.0,0.0,0.0,0.0
8146,Garrett Wilson,WR,NYJ,45.9,45.9,38.4,183.4,224.9,18.0,,,,3.0,16.0,,83.0,,1043.0,6.0,,183.4,garrettwilson,23072.0,00-0037740,39.0,39.09,6.71,19.0,63.0,3.0,WR19,13.0,Garrett Wilson,28.3,2.6,56.0,7.0,81.5,11.642857142857142,59.0,0.0,,,26.0,4.0,1.0,183.4,19.0,183.86666666666667,183.63333333333333,False,False,45.9,5.619,0.9999999999999997,0.9999664688288135,0.9999300957634708,0.38791853940550236,0.3217840508722247,2.60720885580934e-06,1.101022788496664e-06,0.0,0.0,0.0,0.0,0.0,0.0,0.0,0.0,138.98333333333332,44.650000000000006,46.19999999999999,20,42,1.0,1.0,1.0,0.435,0.261,0.0,0.0,0.0,0.0,0.0,0.0,0.0,0.0,0.0,0.0
12517,Colston Loveland,TE,CHI,43.5,39.3,46.6,173.4,215.4,18.0,,,,1.0,4.0,,84.0,,950.0,6.0,,173.4,colstonloveland,26006.0,00-0040126,40.0,39.39,12.17,22.0,96.0,3.0,TE3,10.0,Colston Loveland,59.8,9.6,164.0,16.0,136.1,8.50625,82.0,1.0,,,22.0,1.0,1.0,173.4,3.0,172.63333333333333,173.01666666666665,False,False,43.5,5.355,0.9999999999999996,0.9999060779628282,0.9998059791780708,0.2275422073798583,0.17522757404205347,8.532620432433191e-08,3.0558915842249235e-08,0.0,0.0,0.0,0.0,0.0,0.0,0.0,0.0,128.58333333333334,44.43333333333331,51.64999999999998,3,43,1.0,0.928,0.928,0.0,0.0,0.0,0.0,0.0,0.0,0.0,0.0,0.0,0.0,0.0,0.0
12526,Tetairoa McMillan,WR,CAR,37.7,37.6,37.5,184.5,223.0,18.0,,,,1.0,6.0,,77.0,,1074.0,6.0,,182.5,tetairoamcmillan,25417.0,00-0040124,41.0,39.54,6.65,23.0,58.0,3.0,WR20,5.0,Tetairoa McMillan,31.8,4.2,70.0,17.0,178.4,10.494117647058824,122.0,0.0,,,23.0,1.0,1.0,182.5,20.0,183.0666666666667,182.78333333333336,False,False,37.7,4.7170000000000005,0.9999999999999984,0.9986954290518372,0.9974320875399187,0.018873491127721742,0.011022523198043865,3.872457909892546e-13,8.060219158778636e-14,0.0,0.0,0.0,0.0,0.0,0.0,0.0,0.0,138.98333333333332,43.80000000000004,45.35000000000002,21,44,1.0,1.0,1.0,0.004,0.0,0.0,0.0,0.0,0.0,0.0,0.0,0.0,0.0,0.0,0.0
11584,Bucky Irving,RB,TB,47.4,41.1,32.3,179.3,197.3,18.0,,,,211.0,902.0,6.0,36.0,,271.0,2.0,2.0,179.3,buckyirving,25981.0,00-0039361,51.0,51.78,7.25,28.0,71.0,4.0,RB19,10.0,Bucky Irving,44.7,5.6,60.0,10.0,123.5,12.35,35.0,173.0,,,24.0,2.0,1.0,179.3,19.0,185.4,182.35000000000002,False,False,47.4,5.784,0.9999999999999998,0.9999820259040402,0.9999623990303688,0.49310300127046447,0.4245841172625192,1.545429688232236e-05,7.13849864220073e-06,0.0,0.0,0.0,0.0,0.0,0.0,0.0,0.0,138.58039215686273,43.769607843137294,64.03333333333335,20,45,1.0,1.0,1.0,0.728,0.674,0.0,0.0,0.0,0.0,0.0,0.0,0.0,0.0,0.0,0.0
12481,Cam Skattebo,RB,NYG,35.4,40.6,41.3,180.2,201.2,18.0,,,,214.0,891.0,6.0,42.0,,301.0,1.0,1.0,180.20000000000002,camskattebo,27166.0,00-0040715,53.0,53.66,9.2,33.0,97.0,4.0,RB20,8.0,Cam Skattebo,37.7,2.9,45.0,8.0,113.7,14.2125,32.0,101.0,,,24.0,1.0,1.0,180.20000000000002,20.0,182.63333333333333,181.41666666666669,False,False,35.4,4.4639999999999995,0.9999999999999973,0.9961593957669774,0.9926919947684083,0.0033583482496362116,0.001669955161767822,3.3306690738754696e-16,0.0,0.0,0.0,0.0,0.0,0.0,0.0,0.0,0.0,138.58039215686273,42.83627450980396,63.10000000000001,21,46,1.0,1.0,1.0,0.0,0.0,0.0,0.0,0.0,0.0,0.0,0.0,0.0,0.0,0.0,0.0
12512,Quinshon Judkins,RB,CLE,49.9,53.9,44.8,180.0,196.0,18.0,,,,244.0,1012.0,6.0,32.0,,228.0,1.0,1.0,180.0,quinshonjudkins,25391.0,00-0040784,56.0,54.1,7.87,33.0,76.0,4.0,RB22,11.0,Quinshon Judkins,50.0,4.9,75.0,14.0,154.8,11.057142857142859,36.0,230.0,,,22.0,1.0,1.0,180.0,22.0,173.26666666666665,176.63333333333333,False,False,49.9,6.059,0.9999999999999998,0.9999934117913786,0.9999861814591143,0.6539862031867356,0.5913663834157322,0.0001819664494031592,9.574427531078289e-05,2.6201263381153694e-14,7.327471962526033e-15,0.0,0.0,0.0,0.0,0.0,0.0,138.58039215686273,38.0529411764706,58.31666666666665,22,47,1.0,1.0,1.0,0.874,0.849,0.0,0.0,0.0,0.0,0.0,0.0,0.0,0.0,0.0,0.0
12519,Luther Burden,WR,CHI,59.2,56.1,39.7,173.0,209.0,18.0,,,,10.0,61.0,,72.0,,889.0,7.0,,173.0,lutherburden,27016.0,00-0040735,46.0,49.44,9.97,28.0,81.0,4.0,WR22,10.0,Luther Burden III,51.3,5.8,77.0,15.0,104.4,6.96,60.0,6.0,Questionable,Lower Body,22.0,1.0,2.0,173.0,22.0,180.6,176.8,False,False,59.2,7.082000000000001,1.0,0.9999997683854019,0.9999995201964376,0.9507404384827772,0.9345895479071973,0.0412114589407101,0.0301905439103185,1.482401923436072e-07,6.938327856698123e-08,0.0,0.0,0.0,0.0,0.0,0.0,138.98333333333332,37.81666666666669,39.366666666666674,22,48,1.0,1.0,1.0,0.962,0.961,0.005,0.001,0.0,0.0,0.0,0.0,0.0,0.0,0.0,0.0
5927,Terry McLaurin,WR,WAS,56.9,55.4,55.6,176.8,213.8,18.0,,,,1.0,7.0,,74.0,,1031.0,6.0,,176.8,terrymclaurin,18466.0,00-0035659,49.0,51.28,7.6,35.0,74.0,4.0,WR24,7.0,Terry McLaurin,45.1,4.2,52.0,10.0,95.2,9.52,60.0,0.0,,,30.0,7.0,1.0,176.8,24.0,176.36666666666667,176.58333333333334,False,False,56.9,6.829,1.0,0.9999994981366254,0.9999989547460808,0.9156638720077253,0.8906604951437544,0.01626076062055315,0.011174737331460016,7.912758226424899e-09,3.339571730265334e-09,0.0,0.0,0.0,0.0,0.0,0.0,138.98333333333332,37.60000000000002,39.150000000000006,23,49,1.0,1.0,1.0,0.948,0.938,0.0,0.0,0.0,0.0,0.0,0.0,0.0,0.0,0.0,0.0
8148,Jameson Williams,WR,DET,57.5,59.2,52.6,176.2,206.2,18.0,,,,8.0,44.0,,60.0,,998.0,7.0,,176.20000000000002,jamesonwilliams,23677.0,00-0037240,50.0,51.73,9.31,34.0,83.0,4.0,WR25,6.0,Jameson Williams,37.4,3.1,49.0,17.0,187.4,11.023529411764706,102.0,6.0,,,25.0,4.0,2.0,176.20000000000002,25.0,175.5666666666667,175.88333333333335,False,False,57.5,6.8950000000000005,1.0,0.9999995911805861,0.999999149635288,0.9265162290864573,0.9041035692458819,0.021155061365659367,0.014796727611737226,1.7815720787517364e-08,7.734782370150128e-09,0.0,0.0,0.0,0.0,0.0,0.0,138.98333333333332,36.900000000000034,38.45000000000002,24,50,1.0,1.0,1.0,0.959,0.952,0.0,0.0,0.0,0.0,0.0,0.0,0.0,0.0,0.0,0.0
4881,Lamar Jackson,QB,BAL,34.3,31.9,23.4,326.0,326.0,18.0,3380.0,27.0,8.0,119.0,668.0,5.0,,,,,4.0,324.0,lamarjackson,17233.0,00-0034796,36.0,38.13,12.93,25.0,78.0,3.0,QB2,13.0,Lamar Jackson,55.6,6.7,99.0,13.0,219.86,16.912307692307692,0.0,67.0,,,29.0,8.0,1.0,324.0,2.0,333.42,328.71000000000004,False,False,34.3,4.343,0.9999999999999964,0.9935543888662524,0.9879804799870957,0.001185352894027325,0.0005384425622789735,0.0,0.0,0.0,0.0,0.0,0.0,0.0,0.0,0.0,0.0,292.1733333333334,36.53666666666663,49.48000000000002,2,51,1.0,0.979,0.979,0.0,0.0,0.0,0.0,0.0,0.0,0.0,0.0,0.0,0.0,0.0,0.0
8167,Christian Watson,WR,GB,65.0,68.4,64.2,176.1,207.6,18.0,,,,2.0,14.0,,63.0,,1012.0,7.0,,176.1,christianwatson,23886.0,00-0038124,57.0,54.78,9.62,32.0,83.0,4.0,WR27,11.0,Christian Watson,53.0,6.1,128.0,10.0,114.9,11.49,55.0,1.0,,,27.0,4.0,1.0,176.1,27.0,173.76666666666665,174.93333333333334,False,False,65.0,7.720000000000001,1.0,0.9999999618460591,0.9999999223295936,0.9882999801970129,0.9837134322007992,0.1999026775446643,0.16564903183546742,3.894890795463901e-05,2.2487754389066694e-05,8.349987368205802e-13,3.260725023324085e-13,0.0,0.0,0.0,0.0,138.98333333333332,35.95000000000002,37.5,25,52,1.0,1.0,1.0,0.993,0.992,0.096,0.052,0.0,0.0,0.0,0.0,0.0,0.0,0.0,0.0
2216,Mike Evans,WR,SF,63.6,63.7,59.5,187.2,222.2,18.0,,,,,,,70.0,,1022.0,8.0,,185.2,mikeevans,12119.0,00-0031408,64.0,62.63,13.27,35.0,131.0,4.0,WR30,8.0,Mike Evans,55.5,5.6,101.0,8.0,69.80000000000001,8.725000000000001,62.0,0.0,Questionable,Foot,33.0,12.0,1.0,185.2,30.0,162.0,173.6,False,False,63.6,7.566000000000001,1.0,0.9999999421070422,0.9999998816028082,0.983329003370993,0.97702054824547,0.1482091870983253,0.11973449319550944,1.2420992099970718e-05,6.856692933765451e-06,7.438494264988549e-14,2.731148640577885e-14,0.0,0.0,0.0,0.0,138.98333333333332,34.616666666666674,36.16666666666666,26,53,1.0,1.0,1.0,0.991,0.991,0.06,0.03,0.0,0.0,0.0,0.0,0.0,0.0,0.0,0.0
11620,Rome Odunze,WR,CHI,64.2,65.0,67.6,173.9,207.9,18.0,,,,1.0,6.0,,68.0,,973.0,7.0,,173.9,romeodunze,25411.0,00-0039919,59.0,59.28,8.51,41.0,91.0,4.0,WR28,10.0,Rome Odunze,48.1,6.4,74.0,12.0,124.10000000000001,10.341666666666667,90.0,0.0,Questionable,Leg,24.0,2.0,1.0,173.9,28.0,170.43333333333337,172.16666666666669,False,False,64.2,7.632000000000001,1.0,0.9999999516475524,0.9999999013066446,0.9856708480956295,0.9801630368567786,0.16941010684971836,0.13840216186551113,2.055482758667182e-05,1.157183814459728e-05,2.149391775674303e-13,8.104628079763643e-14,0.0,0.0,0.0,0.0,138.98333333333332,33.183333333333366,34.73333333333335,27,54,1.0,1.0,1.0,0.994,0.994,0.085,0.045,0.0,0.0,0.0,0.0,0.0,0.0,0.0,0.0
12518,Tyler Warren,TE,IND,51.4,49.8,56.8,159.6,201.1,18.0,,,,5.0,19.0,,83.0,,862.0,5.0,,159.6,tylerwarren,26434.0,00-0040128,55.0,53.99,10.8,22.0,84.0,4.0,TE4,13.0,Tyler Warren,70.2,8.9,136.0,17.0,150.5,8.852941176470589,112.0,6.0,Questionable,Groin,24.0,1.0,1.0,159.6,4.0,163.83333333333334,161.71666666666667,False,False,51.4,6.224,0.9999999999999998,0.9999963138728383,0.9999922682197306,0.7345414569999759,0.6793701685000224,0.0006201765652371627,0.0003493320593062066,6.927791673660977e-13,2.1438406605511773e-13,0.0,0.0,0.0,0.0,0.0,0.0,128.58333333333334,33.133333333333326,40.349999999999994,4,55,1.0,0.994,0.994,0.092,0.087,0.0,0.0,0.0,0.0,0.0,0.0,0.0,0.0,0.0,0.0
9487,Parker Washington,WR,JAX,68.3,73.0,74.4,176.4,212.4,18.0,,,,10.0,58.0,,72.0,,906.0,7.0,,174.4,parkerwashington,23106.0,00-0038606,62.0,60.9,12.3,35.0,108.0,4.0,WR29,7.0,Parker Washington,62.9,6.6,281.0,16.0,143.7,8.98125,95.0,7.0,,,24.0,3.0,1.0,174.4,29.0,166.66666666666666,170.53333333333333,False,False,68.3,8.083,1.0,0.99999998509054,0.9999999699964746,0.9949633365523898,0.9928489634963141,0.34609212497229747,0.30166804243444445,0.00038259733131984497,0.00024259369070478431,1.192246301684463e-10,5.3048454518034305e-11,0.0,0.0,0.0,0.0,138.98333333333332,31.55000000000001,33.099999999999994,28,56,1.0,1.0,1.0,0.995,0.995,0.286,0.203,0.0,0.0,0.0,0.0,0.0,0.0,0.0,0.0
2133,Davante Adams,WR,LAR,55.7,51.0,45.6,161.0,192.5,18.0,,,,,,,63.0,,795.0,8.0,,159.0,davanteadams,12123.0,00-0031381,47.0,49.65,7.75,31.0,80.0,4.0,WR23,11.0,Davante Adams,37.8,3.8,81.0,14.0,192.9,13.778571428571428,114.0,0.0,,,33.0,12.0,2.0,159.0,23.0,178.5,168.75,False,False,55.7,6.697000000000001,0.9999999999999999,0.9999992382300547,0.9999984097287734,0.8896047539968606,0.8588368685301756,0.009155578766990802,0.0060607740140730115,1.3996077630196169e-09,5.565683469654914e-10,0.0,0.0,0.0,0.0,0.0,0.0,138.98333333333332,29.76666666666668,31.316666666666663,29,57,1.0,1.0,1.0,0.942,0.925,0.0,0.0,0.0,0.0,0.0,0.0,0.0,0.0,0.0,0.0
11564,Drake Maye,QB,NE,52.8,47.4,49.6,320.76,320.76,18.0,3854.0,29.0,11.0,85.0,416.0,4.0,,,,,3.0,318.76,drakemaye,23046.0,00-0039851,43.0,42.37,13.97,25.0,76.0,4.0,QB3,11.0,Drake Maye,52.1,6.1,38.0,17.0,355.46,20.90941176470588,1.0,103.0,,,24.0,2.0,1.0,318.76,3.0,317.09999999999997,317.92999999999995,False,False,52.8,6.378,0.9999999999999999,0.9999978249834287,0.9999954416377604,0.7970079594646305,0.7499055430940098,0.0016841853943787566,0.0010050276969391092,1.0791811888566372e-11,3.6495251265478146e-12,0.0,0.0,0.0,0.0,0.0,0.0,292.1733333333334,25.756666666666547,38.69999999999993,3,58,1.0,1.0,1.0,0.905,0.866,0.01,0.004,0.0,0.0,0.0,0.0,0.0,0.0,0.0,0.0
13286,Jadarian Price,RB,SEA,53.9,62.2,80.0,160.5,170.0,18.0,,,,212.0,912.0,7.0,19.0,,138.0,1.0,1.0,160.5,jadarianprice,27329.0,00-0041512,58.0,59.11,8.06,33.0,79.0,4.0,RB23,11.0,Jadarian Price,56.2,7.5,165.0,,,,,,,,22.0,0.0,1.0,160.5,23.0,166.20000000000002,163.35000000000002,False,False,53.9,6.4990000000000006,0.9999999999999999,0.9999985490420011,0.9999969626545862,0.837630705441849,0.7969841079723889,0.003383390323497437,0.0021050255588418443,7.718892192087878e-11,2.784805719358019e-11,0.0,0.0,0.0,0.0,0.0,0.0,138.58039215686273,24.769607843137294,45.033333333333346,23,59,1.0,1.0,1.0,0.948,0.941,0.0,0.0,0.0,0.0,0.0,0.0,0.0,0.0,0.0,0.0
4983,DJ Moore,WR,BUF,50.2,53.1,58.5,147.5,179.0,18.0,,,,5.0,29.0,,63.0,,851.0,5.0,1.0,147.5,djmoore,17265.0,00-0034827,52.0,53.0,11.2,21.0,95.0,4.0,WR26,7.0,DJ Moore,45.8,6.3,202.0,17.0,147.18,8.65764705882353,85.0,15.0,,,29.0,8.0,1.0,147.5,26.0,174.79999999999998,161.14999999999998,False,False,50.2,6.0920000000000005,0.9999999999999998,0.999994141739114,0.9999877113866067,0.671190980177374,0.6098984989640175,0.0002358005864624424,0.00012584290912309726,5.1958437552457326e-14,1.4765966227514582e-14,0.0,0.0,0.0,0.0,0.0,0.0,138.98333333333332,22.166666666666657,23.71666666666664,30,60,1.0,1.0,1.0,0.75,0.644,0.0,0.0,0.0,0.0,0.0,0.0,0.0,0.0,0.0,0.0
10859,Sam LaPorta,TE,DET,62.5,57.1,79.4,158.5,196.5,18.0,,,,1.0,3.0,,76.0,,842.0,6.0,,158.5,samlaporta,22978.0,00-0039065,80.0,82.25,12.46,55.0,120.0,5.0,TE7,6.0,Sam LaPorta,99.8,23.2,52.0,9.0,86.9,9.655555555555557,49.0,0.0,Questionable,Hip,25.0,3.0,1.0,158.5,7.0,140.96666666666667,149.73333333333335,False,False,62.5,7.445,1.0,0.9999999190192492,0.9999998338108619,0.9780358860553511,0.9699770676453483,0.11335735533704505,0.08960630670115366,4.657226291726602e-06,2.47585454660193e-06,9.547918011776346e-15,3.3306690738754696e-15,0.0,0.0,0.0,0.0,128.58333333333334,21.150000000000006,28.366666666666674,5,61,1.0,1.0,1.0,0.815,0.815,0.002,0.0,0.0,0.0,0.0,0.0,0.0,0.0,0.0,0.0
12490,Bhayshul Tuten,RB,JAX,59.7,61.9,43.6,158.8,174.8,18.0,,,,184.0,794.0,6.0,32.0,,234.0,1.0,1.0,158.8,bhayshultuten,27297.0,00-0040719,60.0,59.76,9.7,38.0,92.0,4.0,RB24,7.0,Bhayshul Tuten,52.0,5.7,107.0,15.0,83.60000000000001,5.573333333333334,14.0,83.0,Questionable,Illness,23.0,1.0,1.0,158.8,24.0,157.93333333333337,158.36666666666667,False,False,59.7,7.1370000000000005,1.0,0.9999998033364113,0.9999995931326748,0.9563117177423879,0.9417094384461522,0.04912924130808394,0.03644885011341925,2.6363633121029295e-07,1.2598695797727544e-07,0.0,0.0,0.0,0.0,0.0,0.0,138.58039215686273,19.786274509803945,40.05,24,62,1.0,1.0,1.0,0.987,0.987,0.02,0.005,0.0,0.0,0.0,0.0,0.0,0.0,0.0,0.0
9484,Tucker Kraft,TE,GB,65.8,64.6,70.7,140.9,174.4,18.0,,,,,,,67.0,,774.0,5.0,,140.9,tuckerkraft,25298.0,00-0038996,68.0,71.73,10.76,43.0,110.0,5.0,TE5,11.0,Tucker Kraft,104.5,20.0,68.0,8.0,101.2,12.65,44.0,1.0,Questionable,Knee - ACL,25.0,3.0,1.0,140.9,5.0,153.83333333333334,147.36666666666667,False,False,65.8,7.808,1.0,0.9999999697843873,0.9999999386565439,0.9904545184636138,0.9866431580043105,0.2326888294909777,0.19542020768462653,7.124921428558473e-05,4.2144742125493906e-05,3.0442315335221792e-12,1.2293499551674358e-12,0.0,0.0,0.0,0.0,128.58333333333334,18.78333333333333,26.0,6,63,1.0,1.0,1.0,0.882,0.882,0.022,0.015,0.0,0.0,0.0,0.0,0.0,0.0,0.0,0.0
11631,Brian Thomas,WR,JAX,75.6,74.7,78.9,164.4,195.4,18.0,,,,3.0,17.0,,62.0,,897.0,7.0,,164.4,brianthomas,23000.0,00-0039893,79.0,81.88,12.37,50.0,127.0,5.0,WR34,7.0,Brian Thomas Jr.,68.8,6.3,86.0,14.0,114.8,8.2,91.0,3.0,,,23.0,2.0,2.0,164.4,34.0,150.23333333333335,157.31666666666666,False,False,75.6,8.886,1.0,0.9999999977292376,0.9999999955541341,0.9992172990863042,0.9988548066832277,0.6777441580951302,0.6364040609622548,0.012562421119115541,0.00933602591841498,3.8990109196834766e-07,2.1758478008226945e-07,1.0769163338864018e-14,4.440892098500626e-15,0.0,0.0,138.98333333333332,18.333333333333343,19.883333333333326,31,64,1.0,1.0,1.0,0.998,0.998,0.701,0.646,0.0,0.0,0.0,0.0,0.0,0.0,0.0,0.0
LAR,Los Angeles Rams,DEF,LAR,95.0,85.8,110.1,106.0,106.0,1.0,,,,,,,,,,,,106.0,deflar,,,183.0,165.35,21.01,123.0,317.0,8.0,DST2,11.0,Los Angeles Rams,103.5,9.1,124.0,,,,,,,,,,,106.0,2.0,104.33333333333333,105.16666666666666,False,False,95.0,11.02,1.0,0.999999999956567,0.9999999999210081,0.9999918499913325,0.9999877632318692,0.9835165588521928,0.9794114491110116,0.48190537912736264,0.4458647292812674,0.013100130932978349,0.010334557958851298,5.385448290540218e-06,3.5306387489164592e-06,2.368949481024174e-11,1.2817080730087582e-11,87.0,18.166666666666657,19.0,1,65,1.0,1.0,1.0,1.0,1.0,1.0,1.0,1.0,1.0,1.0,1.0,0.0,0.0,0.0,0.0
11628,Marvin Harrison,WR,ARI,73.6,76.6,82.6,155.2,186.2,18.0,,,,,,,62.0,,882.0,6.0,,155.2,marvinharrison,23064.0,00-0039849,70.0,72.77,12.95,45.0,124.0,5.0,WR31,14.0,Marvin Harrison Jr.,66.0,7.3,116.0,12.0,105.30000000000001,8.775,73.0,0.0,,,24.0,2.0,1.0,155.2,31.0,158.93333333333337,157.06666666666666,False,False,73.6,8.666,1.0,0.9999999962918248,0.9999999926838656,0.9987013540429308,0.9981125048911872,0.5957363444496739,0.5505032232421019,0.005750151463698061,0.0041146900630522065,5.900187671770141e-08,3.1170219516596376e-08,4.440892098500626e-16,2.220446049250313e-16,0.0,0.0,138.98333333333332,18.083333333333343,19.633333333333326,32,66,1.0,1.0,1.0,1.0,1.0,0.593,0.534,0.0,0.0,0.0,0.0,0.0,0.0,0.0,0.0
HOU,Houston Texans,DEF,HOU,104.7,95.2,114.4,104.0,104.0,1.0,,,,,,,,,,,,104.0,defhou,,,182.0,156.69,21.61,124.0,315.0,8.0,DST1,8.0,Houston Texans,98.7,9.1,55.0,,,,,,,,,,,104.0,1.0,105.0,104.5,False,False,104.7,12.087000000000002,1.0,0.9999999999907858,0.9999999999837998,0.9999988903621981,0.9999983372929417,0.996990575135257,0.9961393421562941,0.7767157652602517,0.7512456442855857,0.1103901224185746,0.09557417313090566,0.0006635354284885153,0.0004959857863050532,1.0199478595041e-07,6.515898731684899e-08,87.0,17.5,18.333333333333343,2,67,1.0,1.0,1.0,1.0,1.0,1.0,1.0,1.0,1.0,1.0,1.0,0.0,0.0,0.0,0.0
12506,Harold Fannin,TE,CLE,77.8,71.3,62.6,143.4,180.4,18.0,,,,6.0,25.0,,74.0,,739.0,5.0,,143.4,haroldfannin,27050.0,00-0040663,78.0,81.29,13.06,34.0,130.0,5.0,TE6,11.0,Harold Fannin Jr.,76.1,5.2,11.0,16.0,150.4,9.4,107.0,7.0,,,22.0,1.0,1.0,143.4,6.0,147.6,145.5,False,False,77.8,9.128,1.0,0.9999999986488384,0.999999997377021,0.9995490359117623,0.9993361025117714,0.754960773508019,0.7192554212702991,0.026245280237213953,0.020248589646415405,2.4577634052391772e-06,1.4490394079080815e-06,3.063105324940807e-13,1.3633538742396922e-13,0.0,0.0,128.58333333333334,16.916666666666657,24.133333333333326,7,68,1.0,1.0,1.0,0.991,0.991,0.58,0.565,0.005,0.001,0.0,0.0,0.0,0.0,0.0,0.0
6904,Jalen Hurts,QB,PHI,61.3,58.4,69.4,310.54,310.54,18.0,3326.0,21.0,8.0,120.0,515.0,9.0,,,,,3.0,308.53999999999996,jalenhurts,19275.0,00-0036389,61.0,59.99,12.77,29.0,93.0,4.0,QB5,10.0,Jalen Hurts,77.2,9.4,89.0,16.0,307.06,19.19125,0.0,105.0,,,28.0,6.0,1.0,308.53999999999996,5.0,305.79333333333335,307.16666666666663,False,False,61.3,7.313,1.0,0.9999998822478038,0.9999997574756898,0.9704232303713747,0.9599673810430753,0.08154163500264122,0.0628205609258714,1.4583284699831722e-06,7.421195729051533e-07,8.881784197001252e-16,2.220446049250313e-16,0.0,0.0,0.0,0.0,292.1733333333334,14.993333333333226,27.93666666666661,4,69,1.0,1.0,1.0,0.989,0.989,0.366,0.177,0.0,0.0,0.0,0.0,0.0,0.0,0.0,0.0
6770,Joe Burrow,QB,CIN,53.3,52.8,54.0,306.12,306.12,18.0,4008.0,33.0,10.0,46.0,138.0,2.0,,,,,3.0,302.12,joeburrow,19196.0,00-0036442,48.0,50.46,14.55,27.0,96.0,4.0,QB4,6.0,Joe Burrow,54.6,7.2,44.0,8.0,139.46,17.4325,0.0,14.0,,,29.0,6.0,1.0,302.12,4.0,311.34,306.73,False,False,53.3,6.433,0.9999999999999999,0.999998192434173,0.9999962135468639,0.8163656018697534,0.7722123963486269,0.002333502452350089,0.0014196976529270433,2.691735723203692e-11,9.379164112033322e-12,0.0,0.0,0.0,0.0,0.0,0.0,292.1733333333334,14.556666666666615,27.5,5,70,1.0,1.0,1.0,0.915,0.875,0.017,0.003,0.0,0.0,0.0,0.0,0.0,0.0,0.0,0.0
7611,Rhamondre Stevenson,RB,NE,71.7,77.9,57.5,154.5,169.0,18.0,,,,183.0,786.0,6.0,29.0,,214.0,1.0,1.0,154.5,rhamondrestevenson,22726.0,00-0036875,66.0,67.72,8.5,51.0,98.0,5.0,RB26,11.0,Rhamondre Stevenson,63.6,3.8,51.0,14.0,158.8,11.342857142857143,37.0,130.0,,,28.0,5.0,1.0,154.5,26.0,151.4333333333333,152.96666666666664,False,False,71.7,8.457,1.0,0.999999993989235,0.9999999880550685,0.9978920240695193,0.9969586491142508,0.5094337258353754,0.46231778710868654,0.002444660426041745,0.0016813222475772216,7.923928735387165e-09,3.9549362673696464e-09,0.0,0.0,0.0,0.0,138.58039215686273,14.386274509803911,34.64999999999996,25,71,1.0,1.0,1.0,0.999,0.999,0.637,0.598,0.0,0.0,0.0,0.0,0.0,0.0,0.0,0.0
SEA,Seattle Seahawks,DEF,SEA,113.4,103.4,118.0,103.0,103.0,1.0,,,,,,,,,,,,103.0,defsea,,,185.0,168.82,20.09,132.0,321.0,8.0,DST4,11.0,Seattle Seahawks,85.6,7.6,16.0,,,,,,,,,,,103.0,4.0,99.0,101.0,False,False,113.4,13.044,1.0,0.9999999999972504,0.9999999999952998,0.999999781546351,0.9999996745484732,0.9993413979060395,0.9991423134729859,0.915011612986767,0.9024458934389337,0.3200181805725685,0.2931135463726361,0.010511410877266814,0.008557265759752464,1.6806217240095123e-05,1.199144868191393e-05,87.0,14.0,14.833333333333343,3,72,1.0,1.0,1.0,1.0,1.0,1.0,1.0,1.0,1.0,1.0,1.0,0.0,0.0,0.0,0.0
5846,DK Metcalf,WR,PIT,78.0,75.7,73.3,152.3,183.3,18.0,,,,2.0,10.0,,62.0,,843.0,6.0,,152.3,dkmetcalf,18219.0,00-0035640,75.0,78.96,10.53,51.0,118.0,5.0,WR33,9.0,DK Metcalf,63.6,6.3,95.0,15.0,157.7,10.513333333333332,99.0,2.0,Questionable,Undisclosed,28.0,7.0,1.0,152.3,33.0,152.8,152.55,False,False,78.0,9.15,1.0,0.9999999987098124,0.9999999974973304,0.9995709396668031,0.9993680294849406,0.7612665180980402,0.7261109426941864,0.027901670174833137,0.021595515856262404,2.8730985219826977e-06,1.7019582363442254e-06,4.078959392472825e-13,1.8274270985330077e-13,0.0,0.0,138.98333333333332,13.566666666666691,15.116666666666674,33,73,1.0,1.0,1.0,1.0,1.0,0.794,0.763,0.0,0.0,0.0,0.0,0.0,0.0,0.0,0.0
11566,Jayden Daniels,QB,WAS,70.6,65.5,65.7,308.72,308.72,18.0,3328.0,21.0,9.0,126.0,686.0,6.0,,,,,3.0,306.72,jaydendaniels,22902.0,00-0039910,63.0,62.37,15.42,29.0,113.0,4.0,QB6,7.0,Jayden Daniels,72.4,8.7,35.0,7.0,115.28,16.46857142857143,0.0,58.0,,,25.0,2.0,1.0,306.72,6.0,303.42,305.07000000000005,False,False,70.6,8.335999999999999,1.0,0.9999999919865609,0.9999999840094702,0.997206750295994,0.9959891090569639,0.45701154901676744,0.40985147145587186,0.0014084452140372683,0.0009449635870231177,2.2305167712843854e-09,1.074763944508561e-09,0.0,0.0,0.0,0.0,292.1733333333334,12.896666666666647,25.840000000000032,6,74,1.0,1.0,1.0,0.999,0.999,0.863,0.76,0.019,0.012,0.0,0.0,0.0,0.0,0.0,0.0
8228,Jaylen Warren,RB,PIT,67.6,71.9,51.9,152.6,170.6,18.0,,,,172.0,759.0,5.0,36.0,,267.0,1.0,2.0,152.60000000000002,jaylenwarren,24209.0,00-0037228,69.0,71.82,10.58,45.0,117.0,5.0,RB27,9.0,Jaylen Warren,68.4,4.3,32.0,16.0,197.10000000000002,12.318750000000001,45.0,211.0,,,27.0,4.0,1.0,152.60000000000002,27.0,148.63333333333333,150.61666666666667,False,False,67.6,8.005999999999998,1.0,0.9999999818912911,0.9999999634667427,0.9939739818028901,0.9914769230847214,0.31308145668318255,0.27025532589866785,0.0002461730697334019,0.00015322093051706176,4.506628403788682e-11,1.9537371720446117e-11,0.0,0.0,0.0,0.0,138.58039215686273,12.036274509803945,32.3,26,75,1.0,1.0,1.0,0.999,0.999,0.375,0.319,0.0,0.0,0.0,0.0,0.0,0.0,0.0,0.0
DEN,Denver Broncos,DEF,DEN,122.8,116.5,128.2,96.0,96.0,1.0,,,,,,,,,,,,96.0,defden,,,184.0,166.89,20.91,131.0,319.0,8.0,DST3,10.0,Denver Broncos,92.5,9.8,34.0,,,,,,,,,,,96.0,3.0,101.66666666666667,98.83333333333334,False,False,122.8,14.078,1.0,0.999999999999128,0.9999999999985504,0.9999999557232808,0.9999999346059727,0.9998657746920657,0.9998235093846142,0.9737612561798716,0.9691303291849866,0.5926659908614966,0.5648885959868273,0.070729525175945,0.061608256553230545,0.0007487516405721983,0.0005847837398085254,87.0,11.833333333333343,12.666666666666686,4,76,1.0,1.0,1.0,1.0,1.0,1.0,1.0,1.0,1.0,1.0,1.0,0.038,0.02,0.0,0.0
12529,TreVeyon Henderson,RB,NE,58.6,59.1,39.4,153.5,171.0,18.0,,,,170.0,760.0,5.0,35.0,,260.0,1.0,1.0,153.5,treveyonhenderson,23065.0,00-0040734,65.0,67.44,9.64,42.0,100.0,5.0,RB25,11.0,TreVeyon Henderson,65.2,5.4,37.0,17.0,188.70000000000002,11.100000000000001,42.0,180.0,Questionable,Leg,23.0,1.0,2.0,144.47058823529412,25.0,155.30000000000004,149.88529411764708,False,False,58.6,7.016000000000001,1.0,0.9999997175564455,0.9999994140170384,0.943186406960316,0.9250049873999793,0.03298300956493916,0.023785217123647007,7.226032150420281e-08,3.296229056370947e-08,0.0,0.0,0.0,0.0,0.0,0.0,138.58039215686273,11.304901960784349,31.5686274509804,27,77,1.0,1.0,1.0,0.982,0.981,0.006,0.005,0.0,0.0,0.0,0.0,0.0,0.0,0.0,0.0
13279,Carnell Tate,WR,TEN,69.7,69.3,60.8,144.8,177.3,18.0,,,,2.0,10.0,,65.0,,813.0,5.0,,144.8,carnelltate,26009.0,00-0041438,72.0,76.4,15.88,47.0,134.0,5.0,WR32,9.0,Carnell Tate,77.0,6.2,165.0,,,,,,Questionable,Undisclosed,21.0,0.0,1.0,144.8,32.0,155.5,150.15,False,False,69.7,8.237,1.0,0.9999999898155313,0.9999999796093705,0.9964822158777045,0.994969890670288,0.413509588085445,0.36695477776364827,0.0008674835940473136,0.0005697394835026959,7.429350468157736e-10,3.47342821171992e-10,0.0,0.0,0.0,0.0,138.98333333333332,11.166666666666686,12.716666666666669,34,78,1.0,1.0,1.0,0.997,0.997,0.372,0.281,0.0,0.0,0.0,0.0,0.0,0.0,0.0,0.0
11533,Brandon Aubrey,K,DAL,137.1,89.9,109.5,116.0,116.0,18.0,,,,,,,,,,,,116.0,brandonaubrey,26068.0,00-0037692,202.0,183.01,21.78,115.0,314.0,8.0,K1,14.0,Brandon Aubrey,129.0,23.1,218.0,17.0,0.6000000000000001,0.03529411764705883,0.0,1.0,,,31.0,3.0,1.0,116.0,1.0,114.5,115.25,False,False,137.1,15.651,1.0,0.999999999999804,0.9999999999996864,0.9999999948244674,0.9999999924744571,0.9999861396372296,0.9999816661121178,0.9960694385844278,0.9952578267619231,0.869605616755181,0.8555721183979427,0.341299347847722,0.3181732140696233,0.026046289222687147,0.022414173377279134,104.16666666666666,11.083333333333343,12.416666666666657,1,79,1.0,1.0,1.0,1.0,1.0,1.0,1.0,1.0,1.0,1.0,1.0,0.467,0.365,0.005,0.004
10222,Jayden Reed,WR,GB,101.2,107.4,118.6,162.6,197.6,18.0,,,,14.0,83.0,,70.0,,853.0,6.0,1.0,162.60000000000002,jaydenreed,23020.0,00-0039146,103.0,102.99,18.03,68.0,154.0,6.0,WR44,11.0,Jayden Reed,85.3,7.9,71.0,5.0,39.0,7.8,22.0,3.0,,,26.0,3.0,2.0,162.60000000000002,44.0,136.73333333333335,149.66666666666669,False,False,101.2,11.702,1.0,0.9999999999843042,0.9999999999720736,0.9999977726921083,0.9999966578894233,0.9944260417772108,0.9929080546046403,0.6869049284977162,0.6560257805573927,0.05892813282800735,0.04954404500139242,0.00015030910116919927,0.00010770539277893398,7.321354078548836e-09,4.431825573192327e-09,138.98333333333332,10.683333333333366,12.233333333333348,35,80,1.0,1.0,1.0,1.0,1.0,0.999,0.999,0.62,0.576,0.0,0.0,0.0,0.0,0.0,0.0
7553,Kyle Pitts,TE,ATL,71.4,67.3,72.9,138.6,171.6,18.0,,,,,,,66.0,,756.0,5.0,,138.60000000000002,kylepitts,20164.0,00-0036970,83.0,83.62,10.95,56.0,120.0,5.0,TE8,11.0,Kyle Pitts Sr.,94.5,14.6,40.0,17.0,166.8,9.811764705882354,118.0,0.0,,,25.0,5.0,1.0,138.60000000000002,8.0,139.26666666666668,138.93333333333334,False,False,71.4,8.424000000000001,1.0,0.9999999935026601,0.9999999870735392,0.9977239606187744,0.9967203094166908,0.49526432916694163,0.4480540604421266,0.0021123766396246024,0.0014432091259686253,5.6529076974953796e-09,2.7949662584347834e-09,0.0,0.0,0.0,0.0,128.58333333333334,10.349999999999994,17.566666666666663,8,81,1.0,1.0,1.0,0.96,0.96,0.184,0.166,0.0,0.0,0.0,0.0,0.0,0.0,0.0,0.0
PHI,Philadelphia Eagles,DEF,PHI,131.5,123.6,125.0,98.0,98.0,1.0,,,,,,,,,,,,98.0,defphi,,,188.0,176.69,21.02,133.0,323.0,8.0,DST5,10.0,Philadelphia Eagles,132.2,19.0,45.0,,,,,,,,,,,98.0,5.0,96.33333333333333,97.16666666666666,False,False,131.5,15.035,1.0,0.9999999999996596,0.9999999999994473,0.9999999884463033,0.9999999830935891,0.9999670591037102,0.9999564866179993,0.9916765047102356,0.990041334378035,0.7876047009063871,0.767801625568814,0.21239529909361288,0.19361569299858372,0.008323495289764393,0.006928976063765191,87.0,10.166666666666657,11.0,5,82,1.0,1.0,1.0,1.0,1.0,1.0,1.0,1.0,1.0,1.0,1.0,0.247,0.163,0.003,0.002
4217,George Kittle,TE,SF,83.1,82.8,99.2,138.3,169.3,18.0,,,,,,,62.0,,713.0,6.0,,138.3,georgekittle,16499.0,00-0033288,87.0,93.2,13.9,45.0,130.0,5.0,TE9,8.0,George Kittle,90.4,16.7,47.0,11.0,133.0,12.090909090909092,69.0,1.0,Questionable,Achilles,32.0,9.0,1.0,138.3,9.0,137.76666666666668,138.03333333333336,False,False,83.1,9.711,1.0,0.9999999995805058,0.9999999992021983,0.9998767869576802,0.9998166585808207,0.883863016661919,0.8624835761859919,0.10081833893992631,0.08381203049962238,8.900915956711053e-05,5.874559614271746e-05,2.4897262029810463e-10,1.2849366015643682e-10,0.0,0.0,128.58333333333334,9.450000000000017,16.666666666666686,9,83,1.0,1.0,1.0,0.992,0.992,0.793,0.789,0.063,0.029,0.001,0.0,0.0,0.0,0.0,0.0
3451,Ka'imi Fairbairn,K,HOU,141.2,128.0,156.5,113.0,113.0,18.0,,,,,,,,,,,,113.0,kaimifairbairn,15756.0,00-0032726,214.0,191.3,20.09,114.0,316.0,8.0,K3,8.0,Ka'imi Fairbairn,128.0,26.9,7.0,15.0,0.0,0.0,0.0,0.0,,,32.0,10.0,1.0,113.0,2.0,113.66666666666667,113.33333333333334,False,False,141.2,16.101999999999997,1.0,0.9999999999998661,0.9999999999997877,0.9999999970426694,0.9999999957201418,0.999992498857539,0.999990074081935,0.9977312553323557,0.9972488352531814,0.9111159054851333,0.9007007232311652,0.44320851016829665,0.4188081399436765,0.05119901976916752,0.04499584377439314,104.16666666666666,9.166666666666686,10.5,2,84,1.0,1.0,1.0,1.0,1.0,1.0,1.0,1.0,1.0,1.0,1.0,0.594,0.524,0.006,0.001
7523,Trevor Lawrence,QB,JAX,99.2,102.0,94.6,303.42,303.42,18.0,3788.0,26.0,12.0,79.0,339.0,5.0,,,,,3.0,301.42,trevorlawrence,19780.0,00-0036971,73.0,76.56,12.83,36.0,108.0,5.0,QB9,7.0,Trevor Lawrence,86.4,14.1,116.0,17.0,348.18,20.481176470588235,0.0,82.0,,,26.0,5.0,1.0,301.42,9.0,298.8066666666666,300.11333333333334,False,False,99.2,11.482000000000001,1.0,0.9999999999784382,0.9999999999613686,0.9999966452198843,0.9999949636538781,0.9920776161587214,0.9899741444084419,0.6263658882126693,0.5929541041820722,0.03853173311851599,0.03179257924951684,5.7109577781710996e-05,3.9849118354862156e-05,1.3535418341703576e-09,7.921898692586637e-10,292.1733333333334,7.939999999999941,20.883333333333326,7,85,1.0,1.0,1.0,1.0,1.0,0.999,0.999,0.949,0.942,0.346,0.336,0.0,0.0,0.0,0.0
1466,Travis Kelce,TE,KC,95.6,89.7,106.1,136.4,171.4,18.0,,,,,,,70.0,,714.0,5.0,,136.4,traviskelce,11594.0,00-0030506,106.0,104.78,15.28,66.0,141.0,6.0,TE10,5.0,Travis Kelce,129.6,19.2,55.0,17.0,153.20000000000002,9.011764705882355,108.0,1.0,,,36.0,13.0,1.0,136.4,10.0,135.73333333333335,136.06666666666666,False,False,95.6,11.086,1.0,0.9999999999608156,0.9999999999288893,0.9999928370446466,0.9999892445573464,0.9851441668560232,0.9814066857779823,0.5035985645888545,0.4676480207246172,0.015546820100843073,0.012349565930199424,7.774462449927633e-06,5.145457602218073e-06,4.417277654766849e-11,2.4186208591459035e-11,128.58333333333334,7.48333333333332,14.699999999999989,10,86,1.0,1.0,1.0,0.999,0.999,0.975,0.975,0.581,0.499,0.119,0.052,0.0,0.0,0.0,0.0
5967,Tony Pollard,RB,TEN,76.1,83.9,63.4,146.1,160.1,18.0,,,,189.0,794.0,5.0,28.0,,187.0,1.0,1.0,146.1,tonypollard,18705.0,00-0035261,74.0,78.36,11.15,60.0,121.0,5.0,RB28,9.0,Tony Pollard,69.6,4.8,56.0,17.0,169.3,9.958823529411765,41.0,242.0,,,29.0,7.0,1.0,146.1,28.0,145.9235294117647,146.01176470588234,False,False,76.1,8.940999999999999,1.0,0.9999999979856524,0.9999999960637689,0.9993098696261717,0.9989887321877624,0.6965431215765558,0.6563932860376985,0.01501177072265003,0.011255774871675062,6.048469154418257e-07,3.4193798947868004e-07,2.375877272697835e-14,9.992007221626409e-15,0.0,0.0,138.58039215686273,7.431372549019613,27.695098039215665,28,87,1.0,1.0,1.0,0.999,0.999,0.826,0.809,0.0,0.0,0.0,0.0,0.0,0.0,0.0,0.0
11786,Cam Little,K,JAX,147.5,131.1,153.4,112.0,112.0,18.0,,,,,,,,,,,,112.0,camlittle,26475.0,00-0039409,217.0,197.53,20.07,149.0,320.0,8.0,K4,7.0,Cam Little,156.4,19.5,61.0,17.0,0.0,0.0,0.0,0.0,,,23.0,2.0,1.0,112.0,4.0,110.66666666666667,111.33333333333334,False,False,147.5,16.795,1.0,0.9999999999999227,0.9999999999998793,0.9999999986928894,0.9999999981221803,0.999996982455616,0.9999960080420411,0.9990197758529413,0.9988037579413989,0.9522589858307671,0.9460409295742944,0.5941238736204252,0.5708837577629041,0.11686004590497068,0.10558181943699241,104.16666666666666,7.166666666666686,8.5,3,88,1.0,1.0,1.0,1.0,1.0,1.0,1.0,1.0,1.0,1.0,1.0,0.772,0.743,0.046,0.033
11560,Caleb Williams,QB,CHI,74.1,70.5,91.7,299.34,299.34,18.0,3651.0,28.0,10.0,75.0,373.0,3.0,,,,,3.0,297.34,calebwilliams,23084.0,00-0039918,67.0,68.23,13.57,29.0,103.0,5.0,QB7,10.0,Caleb Williams,87.5,13.9,146.0,17.0,322.68,18.981176470588235,2.0,77.0,,,24.0,2.0,1.0,297.34,7.0,301.14000000000004,299.24,False,False,74.1,8.721,1.0,0.9999999967252703,0.9999999935513947,0.9988562081068069,0.9983346419914754,0.6171983891681018,0.572783488746831,0.007066854424202074,0.005106797221107184,9.656828781068327e-08,5.1743849982521795e-08,8.881784197001252e-16,3.3306690738754696e-16,0.0,0.0,292.1733333333334,7.066666666666606,20.00999999999999,8,89,1.0,1.0,1.0,1.0,1.0,0.922,0.876,0.075,0.056,0.0,0.0,0.0,0.0,0.0,0.0
8142,Alec Pierce,WR,IND,94.6,97.3,93.6,150.9,177.9,18.0,,,,1.0,7.0,,54.0,,872.0,6.0,,150.9,alecpierce,23791.0,00-0037664,91.0,93.93,16.75,59.0,140.0,5.0,WR40,13.0,Alec Pierce,61.7,6.6,61.0,15.0,159.8,10.653333333333334,84.0,0.0,,,26.0,4.0,1.0,150.9,40.0,139.70000000000002,145.3,False,False,94.6,10.975999999999999,1.0,0.9999999999534559,0.9999999999152269,0.9999911137215551,0.9999866585464685,0.9823365735845332,0.977968129895848,0.4673245159219881,0.4312844646138535,0.011646756708283634,0.009145010439291612,4.191240956963327e-06,2.7300830490739614e-06,1.549760320074256e-11,8.317346811281823e-12,138.98333333333332,6.316666666666691,7.866666666666674,36,90,1.0,1.0,1.0,0.999,0.999,0.99,0.99,0.333,0.265,0.0,0.0,0.0,0.0,0.0,0.0
3294,Dak Prescott,QB,DAL,86.1,77.1,97.7,303.88,303.88,18.0,4292.0,31.0,13.0,44.0,152.0,1.0,,,,,2.0,299.88,dakprescott,15600.0,00-0033077,76.0,79.78,13.22,53.0,117.0,5.0,QB10,14.0,Dak Prescott,63.4,6.8,64.0,17.0,317.78000000000003,18.69294117647059,0.0,53.0,,,33.0,10.0,1.0,299.88,10.0,297.0266666666667,298.4533333333334,False,False,86.1,10.041,1.0,0.9999999997732998,0.9999999995737944,0.9999395363520103,0.9999096761889369,0.9270321757570454,0.9122030573066773,0.17459496021299892,0.1501585988170152,0.00043993801449837555,0.00030632252618523204,5.435037975232149e-09,3.0108537885098485e-09,2.220446049250313e-16,1.1102230246251565e-16,292.1733333333334,6.279999999999973,19.223333333333358,9,91,1.0,1.0,1.0,1.0,1.0,0.993,0.992,0.672,0.606,0.013,0.012,0.0,0.0,0.0,0.0
5045,Courtland Sutton,WR,DEN,81.6,79.7,71.9,144.8,174.3,18.0,,,,,,,59.0,,793.0,6.0,,144.8,courtlandsutton,17253.0,00-0034348,84.0,87.26,14.27,59.0,126.0,5.0,WR36,10.0,Courtland Sutton,61.0,5.9,66.0,17.0,180.7,10.629411764705882,124.0,0.0,,,30.0,8.0,2.0,144.8,36.0,145.70000000000002,145.25,False,False,81.6,9.546,1.0,0.9999999994223189,0.999999998894967,0.9998229868862913,0.9997372608229859,0.8549802065844898,0.8297756002906236,0.07268148406351249,0.059278017196370714,3.589873088816198e-05,2.300665569721083e-05,4.4545367394732693e-11,2.211797411888483e-11,0.0,0.0,138.98333333333332,6.26666666666668,7.816666666666663,37,92,1.0,1.0,1.0,1.0,1.0,0.888,0.879,0.0,0.0,0.0,0.0,0.0,0.0,0.0,0.0
MIN,Minnesota Vikings,DEF,MIN,157.4,155.4,154.4,92.0,92.0,1.0,,,,,,,,,,,,92.0,defmin,,,205.0,188.21,21.73,154.0,327.0,8.0,DST10,6.0,Minnesota Vikings,106.4,12.9,13.0,,,,,,,,,,,92.0,6.0,94.33333333333333,93.16666666666666,False,False,157.4,17.884,1.0,0.9999999999999648,0.9999999999999463,0.9999999996005794,0.9999999994327666,0.9999992191575912,0.999998969046471,0.9997311078060587,0.9996695169083063,0.9829637524327741,0.9804577811166915,0.781488765271716,0.764642178609858,0.2861217008712169,0.267409531923396,87.0,6.166666666666657,7.0,6,93,1.0,1.0,1.0,1.0,1.0,1.0,1.0,1.0,1.0,1.0,1.0,0.904,0.896,0.425,0.36
2747,Jason Myers,K,SEA,140.1,124.0,131.9,111.0,111.0,18.0,,,,,,,,,,,,111.0,jasonmyers,14003.0,00-0031492,219.0,200.94,19.71,140.0,322.0,8.0,K5,11.0,Jason Myers,125.1,27.8,27.0,17.0,0.0,0.0,0.0,0.0,,,35.0,11.0,1.0,111.0,5.0,109.0,110.0,False,False,140.1,15.981,1.0,0.9999999999998519,0.9999999999997649,0.9999999965713152,0.9999999950316709,0.9999911702502666,0.9999883166369263,0.9973712169529869,0.9968163347708517,0.90130629723993,0.8899865166850685,0.4157599514153034,0.39153253029385815,0.04321516460100572,0.037775045394358386,104.16666666666666,5.833333333333343,7.166666666666657,4,94,1.0,1.0,1.0,1.0,1.0,1.0,1.0,1.0,1.0,1.0,1.0,0.551,0.485,0.003,0.0
NE,New England Patriots,DEF,NE,137.1,136.4,145.5,92.0,92.0,1.0,,,,,,,,,,,,92.0,defne,,,199.0,188.81,23.22,158.0,325.0,8.0,DST6,11.0,New England Patriots,121.8,13.7,40.0,,,,,,,,,,,92.0,7.0,93.0,92.5,False,False,137.1,15.651,1.0,0.999999999999804,0.9999999999996864,0.9999999948244674,0.9999999924744571,0.9999861396372296,0.9999816661121178,0.9960694385844278,0.9952578267619231,0.869605616755181,0.8555721183979427,0.341299347847722,0.3181732140696233,0.026046289222687147,0.022414173377279134,87.0,5.5,6.333333333333343,7,95,1.0,1.0,1.0,1.0,1.0,1.0,1.0,1.0,1.0,1.0,1.0,0.46,0.38,0.009,0.004
8183,Brock Purdy,QB,SF,127.4,122.7,106.2,303.2,303.2,18.0,3900.0,30.0,13.0,64.0,242.0,3.0,,,,,3.0,299.2,brockpurdy,19797.0,00-0037834,96.0,98.57,13.73,69.0,155.0,6.0,QB11,8.0,Brock Purdy,88.5,11.0,24.0,9.0,185.38,20.59777777777778,0.0,33.0,,,26.0,4.0,1.0,299.2,11.0,295.2,297.2,False,False,127.4,14.584000000000001,1.0,0.9999999999994768,0.9999999999991411,0.9999999785655966,0.9999999684943814,0.9999366966922056,0.9999165250496853,0.9856407270764106,0.9829446346674973,0.7059837956960223,0.6819366539352243,0.13480751497962484,0.12049460939698475,0.002983506532493574,0.0024150101707218763,292.1733333333334,5.026666666666586,17.96999999999997,10,96,1.0,1.0,1.0,1.0,1.0,1.0,1.0,0.999,0.999,0.972,0.972,0.163,0.148,0.0,0.0
7021,Rico Dowdle,RB,PIT,82.7,86.4,65.2,142.1,161.1,18.0,,,,159.0,678.0,4.0,38.0,,273.0,1.0,1.0,142.1,ricodowdle,19647.0,00-0036139,77.0,80.14,11.63,57.0,117.0,5.0,RB29,9.0,Rico Dowdle,79.0,9.0,64.0,17.0,196.8,11.576470588235296,50.0,236.0,,,28.0,6.0,2.0,142.1,29.0,144.75686274509803,143.42843137254903,False,False,82.7,9.667,1.0,0.9999999995435156,0.9999999991305081,0.9998643432207033,0.9997982691336177,0.8766864380691046,0.8543184420845211,0.09273620080435574,0.07671258672877235,7.039812674558554e-05,4.610795843307258e-05,1.593083442941179e-10,8.139333651513425e-11,0.0,0.0,138.58039215686273,4.848039215686299,25.11176470588235,29,97,1.0,1.0,1.0,0.999,0.999,0.955,0.951,0.017,0.01,0.0,0.0,0.0,0.0,0.0,0.0
8259,Cameron Dicker,K,LAC,139.2,118.8,129.2,106.0,106.0,18.0,,,,,,,,,,,,106.0,camerondicker,23901.0,00-0037224,210.0,192.8,19.56,139.0,318.0,8.0,K2,7.0,Cameron Dicker,139.4,18.3,16.0,17.0,0.0,0.0,0.0,0.0,Questionable,Undisclosed,26.0,4.0,1.0,106.0,3.0,112.0,109.0,False,False,139.2,15.882,1.0,0.9999999999998391,0.9999999999997439,0.9999999961255652,0.9999999943799183,0.9999899008471522,0.9999866379117044,0.9970342350204153,0.99641214938439,0.8925858777437965,0.8804887517719119,0.3932929061210301,0.36929877899626273,0.037383467590863306,0.03252925805001472,104.16666666666666,4.833333333333343,6.166666666666657,5,98,1.0,1.0,1.0,1.0,1.0,1.0,1.0,1.0,1.0,1.0,1.0,0.518,0.442,0.006,0.006
BAL,Baltimore Ravens,DEF,BAL,136.2,135.2,138.8,95.0,95.0,1.0,,,,,,,,,,,,95.0,defbal,,,204.0,199.3,25.61,148.0,333.0,8.0,DST9,13.0,Baltimore Ravens,160.5,20.1,52.0,,,,,,,,,,,95.0,11.0,88.66666666666667,91.83333333333334,False,False,136.2,15.552,1.0,0.9999999999997864,0.9999999999996574,0.999999994129555,0.9999999914552249,0.9999841040979056,0.999978976715069,0.9955650304933176,0.9946558280534157,0.8585476168597181,0.8436364943729626,0.31939437400464743,0.29677683268752353,0.022078211842268547,0.018905242924851517,87.0,4.833333333333343,5.666666666666686,8,99,1.0,1.0,1.0,1.0,1.0,1.0,1.0,1.0,1.0,1.0,1.0,0.418,0.314,0.005,0.003
4037,Chris Godwin,WR,TB,88.4,93.1,88.4,139.6,173.6,18.0,,,,1.0,6.0,,68.0,,750.0,5.0,,139.6,chrisgodwin,16406.0,00-0033921,81.0,82.4,13.98,55.0,132.0,5.0,WR35,10.0,Chris Godwin Jr.,78.4,7.5,186.0,9.0,64.5,7.166666666666667,51.0,0.0,,,30.0,9.0,2.0,139.6,35.0,147.73333333333332,143.66666666666666,False,False,88.4,10.294,1.0,0.999999999855571,0.9999999997308286,0.9999645415237346,0.9999469158180327,0.9496773302469319,0.9387771555156738,0.24518446114373416,0.21568011662495,0.0012589690168405276,0.0009094218506575658,4.334186842758214e-08,2.521656949916462e-08,7.771561172376096e-15,3.552713678800501e-15,138.98333333333332,4.683333333333337,6.23333333333332,38,100,1.0,1.0,1.0,1.0,1.0,0.972,0.97,0.061,0.039,0.0,0.0,0.0,0.0,0.0,0.0
6797,Justin Herbert,QB,LAC,79.1,83.3,86.3,295.48,295.48,18.0,3842.0,26.0,10.0,70.0,338.0,3.0,,,,,3.0,293.48,justinherbert,18635.0,00-0036355,71.0,74.27,14.22,36.0,104.0,5.0,QB8,7.0,Justin Herbert,103.0,14.9,130.0,16.0,297.88,18.6175,0.0,83.0,,,28.0,6.0,1.0,293.48,8.0,300.1666666666667,296.8233333333334,False,False,79.1,9.270999999999999,1.0,0.9999999989962287,0.999999998061205,0.9996733682970553,0.9995176338544353,0.7938236859419133,0.7617358172831238,0.03845052850303743,0.030271371014891968,6.572585154018817e-06,3.9933953369653e-06,1.8737233986598767e-12,8.676392937445598e-13,0.0,0.0,292.1733333333334,4.649999999999977,17.593333333333362,11,101,1.0,1.0,1.0,1.0,1.0,0.972,0.962,0.288,0.239,0.0,0.0,0.0,0.0,0.0,0.0
6806,J.K. Dobbins,RB,DEN,85.5,91.8,68.3,147.2,160.2,18.0,,,,171.0,732.0,6.0,26.0,,190.0,1.0,,147.2,jkdobbins,19245.0,00-0036158,86.0,90.75,13.33,64.0,132.0,5.0,RB31,10.0,J.K. Dobbins,78.4,8.5,92.0,10.0,110.4,11.040000000000001,14.0,153.0,,,27.0,6.0,1.0,147.2,32.0,139.0,143.1,False,False,85.5,9.975,1.0,0.9999999997442559,0.999999999518087,0.9999303826507276,0.9998960724667538,0.9197674109742848,0.9037566774236029,0.15804957096559968,0.1350663764878981,0.00032657992531726077,0.00022509038284757032,3.040108831342536e-09,1.6615269160524804e-09,1.1102230246251565e-16,0.0,138.58039215686273,4.5196078431372655,24.783333333333317,30,102,1.0,1.0,1.0,1.0,1.0,0.969,0.969,0.044,0.026,0.0,0.0,0.0,0.0,0.0,0.0
JAX,Jacksonville Jaguars,DEF,JAX,158.3,157.8,170.1,91.0,91.0,1.0,,,,,,,,,,,,91.0,defjax,,,203.0,190.86,23.5,150.0,331.0,8.0,DST8,7.0,Jacksonville Jaguars,157.8,17.2,76.0,,,,,,,,,,,91.0,9.0,91.66666666666667,91.33333333333334,False,False,158.3,17.983,1.0,0.9999999999999671,0.9999999999999498,0.9999999996394192,0.9999999994884577,0.9999993062116654,0.9999990842182729,0.9997604587005751,0.9997054447291268,0.9845202662824971,0.9822227142216653,0.7947458609853254,0.7785755874048437,0.30446749355318925,0.2852883531689163,87.0,4.333333333333343,5.166666666666686,9,103,1.0,1.0,1.0,1.0,1.0,1.0,1.0,1.0,1.0,1.0,1.0,0.902,0.894,0.426,0.376
10236,Dalton Kincaid,TE,BUF,92.8,88.4,81.1,130.6,163.6,18.0,,,,,,,66.0,,736.0,4.0,,130.60000000000002,daltonkincaid,25247.0,00-0038933,109.0,109.19,12.71,84.0,157.0,6.0,TE11,7.0,Dalton Kincaid,145.2,18.0,41.0,12.0,106.6,8.883333333333333,49.0,0.0,,,26.0,3.0,1.0,130.60000000000002,11.0,133.16666666666666,131.88333333333333,False,False,92.8,10.778,1.0,0.9999999999360991,0.9999999998828459,0.9999868303269821,0.9999802362712398,0.9759366470981048,0.9701814000181231,0.4010963706521137,0.36568944035126605,0.006619612995016011,0.005084190385821863,1.2753992049141516e-06,8.060687003430544e-07,2.092548356813495e-12,1.0813572259849025e-12,128.58333333333334,3.299999999999983,10.516666666666652,11,104,1.0,1.0,1.0,0.999,0.999,0.962,0.962,0.428,0.329,0.059,0.014,0.0,0.0,0.0,0.0
PIT,Pittsburgh Steelers,DEF,PIT,160.0,152.6,178.4,88.0,88.0,1.0,,,,,,,,,,,,88.0,defpit,,,200.0,189.01,19.25,155.0,329.0,8.0,DST7,9.0,Pittsburgh Steelers,137.1,16.1,38.0,,,,,,,,,,,88.0,8.0,92.0,90.0,False,False,160.0,18.17,1.0,0.9999999999999709,0.9999999999999558,0.9999999997020745,0.9999999995781732,0.9999994438862443,0.999999266319606,0.9998072434391483,0.9997627662057358,0.9870913447449601,0.9851441668560232,0.8180847316349528,0.8031854550277593,0.3398881896150876,0.3199623539588553,87.0,3.0,3.833333333333343,10,105,1.0,1.0,1.0,1.0,1.0,1.0,1.0,1.0,1.0,1.0,1.0,0.938,0.929,0.493,0.45
11583,Jonathon Brooks,RB,CAR,87.4,98.5,143.7,137.9,154.9,18.0,,,,160.0,684.0,4.0,34.0,,245.0,1.0,1.0,137.9,jonathonbrooks,26148.0,00-0039344,82.0,83.29,18.41,54.0,149.0,5.0,RB30,5.0,Jonathon Brooks,89.2,11.4,144.0,,,,,,Questionable,Undisclosed,23.0,2.0,2.0,137.9,30.0,143.4235294117647,140.66176470588235,False,False,87.4,10.184000000000001,1.0,0.9999999998246747,0.9999999996720081,0.9999553400626298,0.999933197617524,0.9407702753444784,0.9282771648452908,0.2132005255075219,0.18577907328693555,0.0008107726417527772,0.0005766266919084995,1.8080725805447173e-08,1.0303041086956455e-08,1.7763568394002505e-15,8.881784197001252e-16,138.58039215686273,2.081372549019619,22.34509803921567,31,106,1.0,1.0,1.0,1.0,1.0,0.968,0.967,0.081,0.057,0.0,0.0,0.0,0.0,0.0,0.0
12508,Jaxson Dart,QB,NYG,110.5,95.2,83.6,296.54,296.54,18.0,3366.0,22.0,12.0,106.0,539.0,6.0,,,,,3.0,294.54,jaxsondart,23160.0,00-0040691,98.0,100.01,16.29,62.0,175.0,6.0,QB12,8.0,Jaxson Dart,125.9,11.6,75.0,14.0,244.57999999999998,17.47,0.0,86.0,,,23.0,1.0,1.0,294.54,12.0,293.91333333333336,294.2266666666667,False,False,110.5,12.725,1.0,0.9999999999959548,0.9999999999930214,0.9999996306145089,0.9999994484636613,0.9989110421700943,0.9985878803863808,0.8807574883134704,0.8643767344636974,0.2396996149403332,0.21597633243912306,0.004752710833848095,0.0037710920351448074,3.7431603043813766e-06,2.5826831806519124e-06,292.1733333333334,2.053333333333285,14.99666666666667,12,107,1.0,1.0,1.0,1.0,1.0,1.0,1.0,0.989,0.988,0.742,0.74,0.0,0.0,0.0,0.0
12711,Tyler Loop,K,BAL,189.9,176.1,150.4,106.0,106.0,18.0,,,,,,,,,,,,106.0,tylerloop,,00-0040074,224.0,213.34,23.38,156.0,326.0,8.0,K6,13.0,Tyler Loop,162.3,27.7,24.0,17.0,0.0,0.0,0.0,0.0,,,25.0,1.0,1.0,106.0,7.0,106.33333333333333,106.16666666666666,False,False,189.9,21.459,1.0,0.9999999999999956,0.9999999999999936,0.9999999999838747,0.9999999999779062,0.9999999828070476,0.999999977611951,0.9999945646285592,0.9999932698806906,0.9994822045954527,0.9993898114474948,0.9847010419411935,0.9828132358015287,0.8517228492105875,0.8406785501357378,104.16666666666666,2.0,3.3333333333333144,6,108,1.0,1.0,1.0,1.0,1.0,1.0,1.0,1.0,1.0,1.0,1.0,0.997,0.997,0.922,0.921
DET,Detroit Lions,DEF,DET,173.1,158.8,157.9,92.0,92.0,1.0,,,,,,,,,,,,92.0,defdet,,,235.0,222.94,33.23,171.0,348.0,8.0,DST15,6.0,Detroit Lions,133.3,10.0,23.0,,,,,,,,,,,92.0,14.0,86.0,89.0,False,False,173.1,19.611,1.0,0.9999999999999881,0.9999999999999823,0.9999999999246025,0.9999999998948177,0.9999998895116582,0.9999998549549611,0.9999620456472744,0.9999530761432368,0.9968635070665401,0.9963426660715341,0.9343962114140782,0.9276300467071157,0.612390140072443,0.5927257382344353,87.0,2.0,2.833333333333343,11,109,1.0,1.0,1.0,1.0,1.0,1.0,1.0,1.0,1.0,1.0,1.0,0.982,0.982,0.808,0.791
7839,Evan McPherson,K,CIN,154.0,181.9,207.4,106.0,106.0,18.0,,,,,,,,,,,,106.0,evanmcpherson,23297.0,00-0036854,246.0,217.77,25.25,154.0,332.0,9.0,K12,6.0,Evan McPherson,164.9,22.8,9.0,17.0,0.0,0.0,0.0,0.0,,,27.0,5.0,1.0,106.0,8.0,106.0,106.0,False,False,154.0,17.51,1.0,0.9999999999999543,0.9999999999999297,0.9999999994074203,0.9999999991551234,0.9999987710628411,0.9999983760280424,0.9995825357499721,0.9994879808105601,0.9755981544996357,0.9721382908767016,0.7256326873257664,0.7062791705184096,0.22035702017790604,0.20380743603832208,104.16666666666666,1.8333333333333428,3.166666666666657,7,110,1.0,1.0,1.0,1.0,1.0,1.0,1.0,1.0,1.0,1.0,1.0,0.874,0.852,0.172,0.142
11539,Jake Bates,K,DET,155.4,145.7,175.9,105.0,105.0,18.0,,,,,,,,,,,,105.0,jakebates,26075.0,00-0039172,226.0,221.23,20.59,179.0,328.0,8.0,K7,6.0,Jake Bates,146.5,11.5,13.0,17.0,0.0,0.0,0.0,0.0,,,27.0,3.0,1.0,105.0,9.0,106.0,105.5,False,False,155.4,17.664,1.0,0.999999999999959,0.9999999999999372,0.9999999994970437,0.9999999992840718,0.9999989817772164,0.9999986549234896,0.9996519084480422,0.9995726826150889,0.9789425130126921,0.9759095795651305,0.7497447067260435,0.7314071322453793,0.24666910257513863,0.2291583840130207,104.16666666666666,1.3333333333333428,2.666666666666657,8,111,1.0,1.0,1.0,1.0,1.0,1.0,1.0,1.0,1.0,1.0,1.0,0.901,0.89,0.195,0.175
LAC,Los Angeles Chargers,DEF,LAC,153.7,167.3,192.5,86.0,86.0,1.0,,,,,,,,,,,,86.0,deflac,,,211.0,193.68,21.9,156.0,335.0,8.0,DST11,7.0,Los Angeles Chargers,144.9,15.8,45.0,,,,,,,,,,,86.0,10.0,90.33333333333333,88.16666666666666,False,False,153.7,17.477,1.0,0.9999999999999533,0.9999999999999281,0.9999999993860511,0.99999999912435,0.9999987202035864,0.9999983087063373,0.9995659119365231,0.9994676983434033,0.9748178926993739,0.9712597793029353,0.7202634097696671,0.7006969725805076,0.2148780166612012,0.1985457061107807,87.0,1.1666666666666572,2.0,12,112,1.0,1.0,1.0,1.0,1.0,1.0,1.0,1.0,1.0,1.0,1.0,0.872,0.86,0.287,0.246
5012,Mark Andrews,TE,BAL,124.7,125.9,95.9,132.5,162.5,18.0,,,,6.0,12.0,,60.0,,653.0,6.0,,132.5,markandrews,17269.0,00-0034753,133.0,128.2,21.99,76.0,214.0,6.0,TE16,13.0,Mark Andrews,135.1,17.5,26.0,17.0,107.0,6.294117647058823,70.0,10.0,,,31.0,8.0,1.0,132.5,14.0,126.86666666666667,129.68333333333334,False,False,124.7,14.287,1.0,0.9999999999992966,0.9999999999988367,0.999999967326016,0.9999999518365215,0.9999018242334607,0.9998707413451915,0.9795141388351005,0.9757990270630659,0.6420587647501488,0.6156109396639091,0.09410689763126245,0.0828924964951383,0.0013689419687361593,0.0010857179752057355,128.58333333333334,1.0999999999999943,8.316666666666663,12,113,1.0,1.0,1.0,1.0,1.0,1.0,1.0,0.993,0.993,0.946,0.932,0.0,0.0,0.0,0.0
12015,Harrison Mevis,K,LAR,161.9,155.2,154.2,106.0,106.0,18.0,,,,,,,,,,,,106.0,harrisonmevis,,00-0039498,240.0,232.04,24.68,186.0,338.0,9.0,K9,11.0,Harrison Mevis,141.1,15.4,14.0,9.0,0.0,0.0,0.0,0.0,,,24.0,2.0,1.0,106.0,13.0,104.0,105.0,False,False,161.9,18.379,1.0,0.9999999999999747,0.9999999999999616,0.9999999997584458,0.9999999996587345,0.9999995643003142,0.9999994255338716,0.9998485569194184,0.9998134460321066,0.989472054567694,0.9878568901931052,0.8416210659008945,0.8281124943474658,0.3802990094903057,0.359758083316136,104.16666666666666,0.8333333333333428,2.166666666666657,9,114,1.0,1.0,1.0,1.0,1.0,1.0,1.0,1.0,1.0,1.0,1.0,0.944,0.942,0.428,0.4
1945,Chris Boswell,K,PIT,185.8,149.9,151.4,107.0,107.0,18.0,,,,,,,,,,,,107.0,chrisboswell,13029.0,00-0031136,263.0,243.48,23.73,175.0,340.0,9.0,K15,9.0,Chris Boswell,,,,17.0,0.0,0.0,0.0,0.0,,,35.0,12.0,1.0,107.0,14.0,102.66666666666667,104.83333333333334,False,False,185.8,21.008000000000003,1.0,0.9999999999999944,0.9999999999999919,0.9999999999769795,0.9999999999683236,0.9999999734767687,0.9999999653899103,0.9999913967716024,0.9999893477586774,0.9992000927974363,0.9990592915457748,0.9779699530173296,0.9753459435716756,0.8081493289286881,0.7948869508537609,104.16666666666666,0.6666666666666856,2.0,10,115,1.0,1.0,1.0,1.0,1.0,1.0,1.0,1.0,1.0,1.0,1.0,0.995,0.995,0.892,0.887
6650,Chase McLaughlin,K,TB,217.6,220.8,199.2,105.0,105.0,18.0,,,,,,,,,,,,105.0,chasemclaughlin,19058.0,00-0035358,245.0,228.8,22.32,182.0,332.0,9.0,K11,10.0,Chase McLaughlin,150.1,17.1,16.0,17.0,0.0,0.0,0.0,0.0,,,30.0,7.0,1.0,105.0,12.0,104.66666666666667,104.83333333333334,False,False,217.6,24.506,1.0,0.9999999999999989,0.9999999999999983,0.9999999999980556,0.9999999999974063,0.9999999987526683,0.9999999984000404,0.999999686084233,0.999999612673003,0.9999687412389552,0.9999628836226808,0.9987516837749433,0.9985725439908304,0.9795428426124954,0.9774430523452011,104.16666666666666,0.6666666666666856,2.0,11,116,1.0,1.0,1.0,1.0,1.0,1.0,1.0,1.0,1.0,1.0,1.0,1.0,1.0,0.995,0.995
11581,MarShawn Lloyd,RB,GB,98.8,137.6,999.0,137.0,149.0,18.0,,,,180.0,753.0,5.0,24.0,,177.0,1.0,2.0,137.0,marshawnlloyd,23118.0,00-0039811,93.0,89.67,33.28,52.0,283.0,5.0,RB34,11.0,MarShawn Lloyd,113.3,22.4,247.0,,,,,,,,25.0,2.0,1.0,137.0,31.0,141.23333333333332,139.11666666666667,False,False,98.8,11.438,1.0,0.999999999976997,0.9999999999587283,0.9999963551552318,0.999994527830603,0.991501691456464,0.9892575497001532,0.6135225683385854,0.5796835949801477,0.03516674327437519,0.02890177463605359,4.6526670565816275e-05,3.228523108012027e-05,9.490546126755817e-10,5.515734535777028e-10,138.58039215686273,0.5362745098039454,20.799999999999997,32,117,1.0,1.0,1.0,1.0,1.0,0.997,0.997,0.603,0.56,0.0,0.0,0.0,0.0,0.0,0.0
11792,Will Reichard,K,MIN,170.8,170.3,174.0,109.0,109.0,18.0,,,,,,,,,,,,109.0,willreichard,26341.0,00-0039404,279.0,250.44,29.79,161.0,344.0,9.0,K17,6.0,Will Reichard,148.9,22.7,14.0,17.0,0.0,0.0,0.0,0.0,,,25.0,2.0,1.0,109.0,16.0,100.33333333333333,104.66666666666666,False,False,170.8,19.358,1.0,0.9999999999999862,0.9999999999999795,0.9999999999051523,0.9999999998673447,0.9999998548686782,0.9999998092895921,0.9999498499267975,0.9999380318628991,0.9959762113610955,0.9953171557207627,0.9207699625805863,0.9128651238359187,0.567680585018575,0.5472886126757125,104.16666666666666,0.5,1.8333333333333144,12,118,1.0,1.0,1.0,1.0,1.0,1.0,1.0,1.0,1.0,1.0,1.0,0.97,0.969,0.653,0.637
6819,Michael Pittman,WR,PIT,106.5,104.1,107.5,136.4,170.9,18.0,,,,1.0,7.0,,69.0,,772.0,4.0,,136.4,michaelpittman,19278.0,00-0036252,88.0,93.32,13.92,65.0,149.0,5.0,WR38,9.0,Michael Pittman Jr.,81.1,7.8,67.0,17.0,160.4,9.435294117647059,111.0,0.0,Questionable,Leg,28.0,6.0,2.0,136.4,38.0,142.5,139.45,False,False,106.5,12.285,1.0,0.9999999999929174,0.9999999999876221,0.9999992169260009,0.9999988277409516,0.9978071756128674,0.9971764880788738,0.8147135889086585,0.7921777576774987,0.1449818944725254,0.12722625518125763,0.0012985053288757653,0.0009900428823357288,3.427892956153755e-07,2.246296746388765e-07,138.98333333333332,0.46666666666666856,2.0166666666666515,39,119,1.0,1.0,1.0,1.0,1.0,0.997,0.997,0.798,0.778,0.0,0.0,0.0,0.0,0.0,0.0
9754,Quentin Johnston,WR,LAC,103.3,112.7,110.1,134.9,163.9,18.0,,,,2.0,11.0,,58.0,,748.0,5.0,,134.9,quentinjohnston,23123.0,00-0038544,85.0,88.95,13.08,48.0,134.0,5.0,WR37,7.0,Quentin Johnston,84.8,7.8,138.0,13.0,145.7,11.207692307692307,84.0,2.0,,,25.0,3.0,2.0,134.9,37.0,143.76666666666668,139.33333333333334,False,False,103.3,11.933,1.0,0.9999999999886366,0.9999999999799268,0.9999985381485763,0.9999978081362215,0.9961491975211373,0.9950753792103384,0.7433311912331821,0.7156097102816039,0.08729852483241163,0.07473853126733188,0.00037746836449781274,0.0002775951099285301,3.7234945349240434e-08,2.3297206830363848e-08,138.98333333333332,0.35000000000002274,1.9000000000000057,40,120,1.0,1.0,1.0,1.0,1.0,0.998,0.998,0.697,0.66,0.0,0.0,0.0,0.0,0.0,0.0
11563,Bo Nix,QB,DEN,119.0,117.9,121.1,295.72,295.72,18.0,3768.0,26.0,12.0,76.0,330.0,4.0,,,,,3.0,293.72,bonix,22910.0,00-0039732,99.0,100.44,13.68,69.0,167.0,6.0,QB13,10.0,Bo Nix,110.4,15.4,61.0,17.0,307.84000000000003,18.108235294117648,1.0,83.0,,,26.0,2.0,1.0,293.72,13.0,290.6266666666667,292.1733333333334,False,False,119.0,13.66,1.0,0.9999999999986374,0.9999999999977098,0.9999999171767019,0.9999998772184495,0.9997467602901506,0.9996680872350929,0.9573157064181517,0.9502358719681403,0.48540068759992294,0.4562801636142386,0.03644188598910891,0.03096725670123912,0.00019224097861969547,0.00014519861217632268,292.1733333333334,0.0,12.943333333333385,13,121,1.0,1.0,1.0,1.0,1.0,0.999,0.999,0.996,0.996,0.912,0.911,0.019,0.016,0.0,0.0
9756,Jordan Addison,WR,MIN,102.0,101.2,98.9,141.7,171.7,18.0,,,,4.0,22.0,,60.0,,795.0,5.0,,141.7,jordanaddison,23107.0,00-0038994,104.0,104.39,16.4,70.0,156.0,6.0,WR45,6.0,Jordan Addison,88.9,9.9,51.0,14.0,114.1,8.15,79.0,2.0,,,24.0,3.0,2.0,141.7,45.0,136.26666666666665,138.98333333333332,False,False,102.0,11.790000000000001,1.0,0.9999999999861385,0.999999999975405,0.9999981048479929,0.9999971570367635,0.9951583504680337,0.9938274040332942,0.7092910093014122,0.6795701140029783,0.06886351685464454,0.05830924723518449,0.0002158286066495929,0.0001562269041496256,1.3836508938602776e-08,8.484099423000657e-09,138.98333333333332,0.0,1.549999999999983,41,122,1.0,1.0,1.0,1.0,1.0,0.995,0.995,0.647,0.604,0.0,0.0,0.0,0.0,0.0,0.0
8408,Jordan Mason,RB,MIN,93.2,109.0,100.2,143.7,153.7,18.0,,,,190.0,797.0,6.0,20.0,,140.0,1.0,1.0,143.7,jordanmason,22969.0,00-0037525,97.0,99.47,17.87,70.0,156.0,6.0,RB35,6.0,Jordan Mason,112.7,15.2,146.0,16.0,121.89999999999999,7.6187499999999995,16.0,159.0,,,27.0,4.0,2.0,143.7,35.0,133.4607843137255,138.58039215686273,False,False,93.2,10.822000000000001,1.0,0.9999999999404927,0.9999999998910611,0.9999879399508071,0.999981899273553,0.9775278101201292,0.9721112664462161,0.41584677559927574,0.38020806034027044,0.007544523996280028,0.00582389419178686,1.6763369941052986e-06,1.0667796945806884e-06,3.3095748364075916e-12,1.7250645356625682e-12,138.58039215686273,0.0,20.26372549019605,33,123,1.0,1.0,1.0,1.0,1.0,0.993,0.993,0.342,0.287,0.0,0.0,0.0,0.0,0.0,0.0
8131,Isaiah Likely,TE,NYG,107.5,106.9,113.2,126.3,157.3,18.0,,,,,,,62.0,,653.0,5.0,,126.3,isaiahlikely,23781.0,00-0037838,116.0,115.96,26.74,81.0,255.0,6.0,TE12,8.0,Isaiah Likely,132.8,20.4,166.0,12.0,48.2,4.016666666666667,36.0,0.0,,,26.0,4.0,1.0,126.3,12.0,130.86666666666667,128.58333333333334,False,False,107.5,12.395,1.0,0.999999999993862,0.9999999999893081,0.9999993529619915,0.9999990319578158,0.9981601933500179,0.9976265026347068,0.8335108526663891,0.8125829057276066,0.16648914733361087,0.1471327861078653,0.0018398066499820676,0.0014175457385462442,6.470380085055183e-07,4.297699307542757e-07,128.58333333333334,0.0,7.216666666666669,13,124,1.0,1.0,1.0,1.0,1.0,0.993,0.993,0.911,0.896,0.615,0.44,0.0,0.0,0.0,0.0
5189,Eddy Pineiro,K,SF,173.2,188.1,178.7,101.0,101.0,18.0,,,,,,,,,,,,101.0,eddypineiro,17575.0,00-0034173,228.0,211.22,20.16,153.0,324.0,8.0,K8,8.0,Eddy Pineiro,,,,14.0,0.0,0.0,0.0,0.0,,,30.0,8.0,1.0,101.0,6.0,107.33333333333333,104.16666666666666,False,False,173.2,19.622,1.0,0.9999999999999882,0.9999999999999825,0.9999999999253432,0.9999999998958623,0.999999890802828,0.9999998566562129,0.9999625001584602,0.9999536370730775,0.9968972842163133,0.996381757139836,0.9349372499431652,0.9282175876116779,0.6142794017596631,0.5946515424650042,104.16666666666666,0.0,1.3333333333333144,13,125,1.0,1.0,1.0,1.0,1.0,1.0,1.0,1.0,1.0,1.0,1.0,0.977,0.976,0.712,0.699
KC,Kansas City Chiefs,DEF,KC,219.8,223.4,183.2,87.0,87.0,1.0,,,,,,,,,,,,87.0,defkc,,,215.0,211.24,27.03,165.0,337.0,8.0,DST12,5.0,Kansas City Chiefs,,,,,,,,,,,,,,87.0,12.0,87.0,87.0,False,False,219.8,24.748,1.0,0.9999999999999989,0.9999999999999984,0.9999999999983247,0.9999999999977698,0.9999999989661889,0.9999999986755417,0.9999997451540887,0.9999996857067281,0.9999747015751708,0.999969953515895,0.9989756407595982,0.9988275538159941,0.9827125398043266,0.9809089634983544,87.0,0.0,0.8333333333333428,13,126,1.0,1.0,1.0,1.0,1.0,1.0,1.0,1.0,1.0,1.0,1.0,1.0,1.0,0.997,0.997
10232,Michael Wilson,WR,ARI,89.4,87.7,75.2,136.5,166.0,18.0,,,,1.0,6.0,,59.0,,764.0,5.0,,136.5,michaelwilson,25333.0,00-0038559,90.0,93.87,15.39,61.0,139.0,5.0,WR39,14.0,Michael Wilson,73.3,7.1,153.0,17.0,181.60000000000002,10.682352941176472,126.0,0.0,,,26.0,3.0,2.0,136.5,39.0,140.76666666666665,138.63333333333333,False,False,89.4,10.404000000000002,1.0,0.9999999998806364,0.9999999997783791,0.999971789151116,0.9999577350789595,0.9573284874388455,0.9478521259729897,0.27883261286434524,0.2474835979597878,0.0019071896308591185,0.0013983850884112803,9.968549430361406e-08,5.917046796977132e-08,3.0309088572266774e-14,1.4432899320127035e-14,138.98333333333332,-0.3499999999999943,1.1999999999999886,42,127,1.0,1.0,1.0,1.0,1.0,0.958,0.958,0.08,0.045,0.0,0.0,0.0,0.0,0.0,0.0
GB,Green Bay Packers,DEF,GB,209.3,203.7,199.5,86.0,86.0,1.0,,,,,,,,,,,,86.0,defgb,,,229.0,211.7,35.11,158.0,389.0,8.0,DST13,11.0,Green Bay Packers,,,,,,,,,,,,,,86.0,13.0,86.33333333333333,86.16666666666666,False,False,209.3,23.593,1.0,0.9999999999999982,0.9999999999999976,0.9999999999965077,0.9999999999953058,0.9999999974011444,0.9999999966510726,0.9999992945708704,0.9999991282164654,0.9999294447679485,0.9999163340860159,0.9973561433143345,0.9969889660356372,0.961778807387245,0.9581246613702934,87.0,-0.8333333333333428,0.0,14,128,1.0,1.0,1.0,1.0,1.0,1.0,1.0,1.0,1.0,1.0,1.0,0.999,0.999,0.99,0.989
2020,Cairo Santos,K,CHI,675.0,224.4,190.3,100.0,100.0,18.0,,,,,,,,,,,,100.0,cairosantos,13731.0,00-0031203,243.0,225.95,29.35,155.0,345.0,9.0,K10,10.0,Cairo Santos,160.2,18.9,8.0,15.0,0.0,0.0,0.0,0.0,,,34.0,12.0,1.0,100.0,10.0,105.66666666666667,102.83333333333334,False,False,675.0,74.82,1.0,1.0,1.0,1.0,1.0,0.9999999999999996,0.9999999999999996,0.9999999999999952,0.9999999999999947,0.9999999999999434,0.9999999999999374,0.9999999999993927,0.9999999999993312,0.9999999999941125,0.9999999999935422,104.16666666666666,-1.3333333333333144,0.0,14,129,1.0,1.0,1.0,1.0,1.0,1.0,1.0,1.0,1.0,1.0,1.0,1.0,1.0,1.0,1.0
9500,Josh Downs,WR,IND,113.2,113.4,111.1,137.3,172.3,18.0,,,,2.0,13.0,,70.0,,770.0,4.0,,137.3,joshdowns,24706.0,00-0038997,95.0,98.1,16.01,68.0,147.0,6.0,WR42,13.0,Josh Downs,97.9,11.4,94.0,16.0,109.4,6.8375,88.0,2.0,Questionable,Undisclosed,25.0,3.0,2.0,137.3,42.0,137.70000000000002,137.5,False,False,113.2,13.022,1.0,0.9999999999971777,0.9999999999951723,0.99999977360424,0.9999996626617781,0.9993182616103473,0.9991124241674489,0.9129644418985934,0.9001567227941298,0.3142650957496458,0.28753861310311624,0.009987117157724157,0.008116716138782065,1.5238913994242154e-05,1.0849066528040296e-05,138.98333333333332,-1.48333333333332,0.06666666666666288,43,130,1.0,1.0,1.0,1.0,1.0,1.0,1.0,0.932,0.928,0.007,0.004,0.0,0.0,0.0,0.0
12501,Matthew Golden,WR,GB,118.6,125.7,158.4,141.0,170.0,18.0,,,,8.0,51.0,,58.0,,769.0,5.0,,141.0,matthewgolden,26024.0,00-0040667,121.0,122.57,21.35,73.0,204.0,6.0,WR50,11.0,Matthew Golden,96.0,8.6,68.0,14.0,55.5,3.9642857142857144,44.0,10.0,,,23.0,1.0,3.0,141.0,50.0,133.86666666666667,137.43333333333334,False,False,118.6,13.616,1.0,0.9999999999985699,0.9999999999975935,0.999999911402846,0.9999998686095108,0.9997290742638358,0.9996450445694389,0.9551075533064386,0.9477149679897229,0.4736496199728276,0.44451104703451016,0.033719965166000065,0.028574211036195285,0.00016447647731210324,0.0001237630149193425,138.98333333333332,-1.549999999999983,0.0,44,131,1.0,1.0,1.0,1.0,1.0,0.998,0.998,0.95,0.948,0.054,0.036,0.001,0.0,0.0,0.0
13294,Makai Lemon,WR,PHI,89.5,92.9,999.0,138.5,168.5,18.0,,,,2.0,10.0,,60.0,,775.0,5.0,,138.5,makailemon,25420.0,00-0040867,113.0,114.46,23.62,74.0,241.0,6.0,WR46,10.0,Makai Lemon,122.7,9.5,63.0,,,,,,,,22.0,0.0,3.0,138.5,46.0,135.83333333333334,137.16666666666669,False,False,89.5,10.415000000000001,1.0,0.9999999998828696,0.9999999997826069,0.9999724237445027,0.9999586830439098,0.9580306700952277,0.9486877593922275,0.2822764402083132,0.25075761926319795,0.001985471178555742,0.001457908394624008,1.081062437346958e-07,6.429474419533676e-08,3.4638958368304884e-14,1.6653345369377348e-14,138.98333333333332,-1.8166666666666345,-0.2666666666666515,45,132,1.0,1.0,1.0,0.999,0.999,0.971,0.97,0.108,0.057,0.0,0.0,0.0,0.0,0.0,0.0
DAL,Dallas Cowboys,DEF,DAL,199.0,199.9,200.5,86.0,86.0,1.0,,,,,,,,,,,,86.0,defdal,,,344.0,269.69,67.41,169.0,497.0,10.0,DST22,14.0,Dallas Cowboys,,,,,,,,,,,,,,86.0,19.0,84.0,85.0,False,False,199.0,22.46,1.0,0.9999999999999972,0.999999999999996,0.9999999999923658,0.9999999999896361,0.9999999931364546,0.9999999911055515,0.9999979690758264,0.9999974866314338,0.999799652780456,0.9997630600490546,0.9932643329085049,0.992378132411475,0.9196160082787092,0.9127633543637701,87.0,-2.0,-1.1666666666666572,15,133,1.0,1.0,1.0,1.0,1.0,1.0,1.0,1.0,1.0,1.0,1.0,1.0,1.0,0.983,0.981
BUF,Buffalo Bills,DEF,BUF,683.5,215.4,220.0,84.0,84.0,1.0,,,,,,,,,,,,84.0,defbuf,,,232.0,227.16,30.22,163.0,341.0,8.0,DST14,7.0,Buffalo Bills,165.8,18.2,38.0,,,,,,,,,,,84.0,15.0,86.0,85.0,False,False,683.5,75.755,1.0,1.0,1.0,1.0,1.0,0.9999999999999997,0.9999999999999996,0.9999999999999958,0.9999999999999953,0.9999999999999516,0.9999999999999465,0.9999999999994917,0.9999999999994407,0.9999999999951683,0.9999999999947045,87.0,-2.0,-1.1666666666666572,16,134,1.0,1.0,1.0,1.0,1.0,1.0,1.0,1.0,1.0,1.0,1.0,1.0,1.0,1.0,1.0
7594,Chuba Hubbard,RB,CAR,80.4,80.7,66.3,136.9,147.9,18.0,,,,181.0,766.0,5.0,22.0,,153.0,1.0,1.0,136.9,chubahubbard,19792.0,00-0036555,92.0,95.52,15.36,64.0,136.0,5.0,RB33,5.0,Chuba Hubbard,86.3,10.7,34.0,15.0,110.4,7.36,39.0,134.0,Questionable,Hamstring,27.0,5.0,1.0,136.9,34.0,136.19411764705885,136.54705882352943,False,False,80.4,9.414000000000001,1.0,0.9999999992491853,0.9999999985570895,0.9997627869888622,0.9996487098086286,0.8277727681586502,0.7993146381541016,0.05435768191173751,0.04361270812135842,1.637938843379594e-05,1.0239041941528804e-05,1.0224265878377992e-11,4.913625062386018e-12,0.0,0.0,138.58039215686273,-2.033333333333303,18.23039215686275,34,135,1.0,1.0,1.0,1.0,1.0,0.923,0.92,0.002,0.001,0.0,0.0,0.0,0.0,0.0,0.0
NYG,New York Giants,DEF,NYG,695.4,238.6,188.9,86.0,86.0,1.0,,,,,,,,,,,,86.0,defnyg,,,372.0,279.61,63.27,189.0,499.0,11.0,DST23,8.0,New York Giants,,,,,,,,,,,,,,86.0,21.0,82.66666666666667,84.33333333333334,False,False,695.4,77.064,1.0,1.0,1.0,1.0,1.0,0.9999999999999998,0.9999999999999997,0.9999999999999964,0.9999999999999961,0.9999999999999608,0.9999999999999567,0.9999999999996012,0.9999999999995617,0.9999999999963114,0.9999999999959615,87.0,-2.666666666666657,-1.8333333333333144,17,136,1.0,1.0,1.0,1.0,1.0,1.0,1.0,1.0,1.0,1.0,1.0,1.0,1.0,1.0,1.0
SF,San Francisco 49ers,DEF,SF,215.7,213.8,208.4,84.0,84.0,1.0,,,,,,,,,,,,84.0,defsf,,,285.0,265.56,36.9,183.0,365.0,9.0,DST17,8.0,San Francisco 49ers,,,,,,,,,,,,,,84.0,18.0,84.33333333333333,84.16666666666666,False,False,215.7,24.297,1.0,0.9999999999999987,0.9999999999999982,0.9999999999977839,0.9999999999970388,0.9999999985297789,0.9999999981121501,0.9999996233883615,0.9999995351319031,0.9999624208681137,0.9999553898153755,0.9985185464598261,0.998307386304724,0.9763600380746857,0.9739693584471862,87.0,-2.833333333333343,-2.0,18,137,1.0,1.0,1.0,1.0,1.0,1.0,1.0,1.0,1.0,1.0,1.0,0.998,0.998,0.993,0.993
8126,Wan'Dale Robinson,WR,TEN,123.7,121.5,105.4,135.2,170.7,18.0,,,,3.0,16.0,,71.0,,741.0,4.0,,135.20000000000002,wandalerobinson,22985.0,00-0038117,102.0,102.74,14.23,67.0,149.0,6.0,WR43,9.0,Wan'Dale Robinson,92.9,7.5,67.0,16.0,171.9,10.74375,140.0,3.0,Questionable,Head,25.0,4.0,2.0,135.20000000000002,43.0,137.03333333333333,136.11666666666667,False,False,123.7,14.177000000000001,1.0,0.9999999999992129,0.9999999999986948,0.9999999616880422,0.9999999434674397,0.9998843034522515,0.9998477747059564,0.9766569768133895,0.9724825470385514,0.6164821333556187,0.5892895092244157,0.08126268148568827,0.07116557053880423,0.0010024308037355212,0.000788715840104981,138.98333333333332,-2.866666666666646,-1.3166666666666629,46,138,1.0,1.0,1.0,1.0,1.0,1.0,1.0,0.968,0.968,0.154,0.115,0.011,0.009,0.0,0.0
9480,Brenton Strange,TE,JAX,167.2,161.6,103.7,129.5,161.0,18.0,,,,,,,63.0,,680.0,5.0,,129.5,brentonstrange,25345.0,00-0038935,154.0,155.56,19.22,113.0,206.0,7.0,TE20,7.0,Brenton Strange,160.6,27.5,7.0,12.0,95.0,7.916666666666667,60.0,0.0,,,25.0,3.0,1.0,129.5,17.0,121.8,125.65,False,False,167.2,18.962,1.0,0.9999999999999825,0.9999999999999738,0.9999999998628294,0.9999999998073732,0.9999997755241459,0.9999997045976072,0.9999219775297808,0.9999036922331894,0.9940577843496873,0.9931075522026684,0.8943261434125307,0.8843722709513514,0.49368855123976974,0.47267065840406786,128.58333333333334,-2.933333333333337,4.283333333333331,14,139,1.0,1.0,1.0,1.0,1.0,1.0,1.0,1.0,1.0,0.999,0.999,0.781,0.78,0.288,0.268
5947,Jakobi Meyers,WR,JAX,135.6,129.1,77.2,137.3,169.3,18.0,,,,4.0,21.0,,64.0,,732.0,5.0,,137.3,jakobimeyers,18598.0,00-0034960,118.0,117.05,18.55,73.0,164.0,6.0,WR49,7.0,Jakobi Meyers,93.5,6.4,29.0,16.0,138.3,8.64375,110.0,5.0,Questionable,Hand,29.0,7.0,3.0,137.3,49.0,134.70000000000002,136.0,False,False,135.6,15.485999999999999,1.0,0.9999999999997737,0.9999999999996364,0.9999999936110793,0.9999999906941928,0.9999825757595068,0.9999769580077273,0.9951933301488061,0.9942127997468179,0.8507484323020444,0.835238287377799,0.3049773260025861,0.2827428274889954,0.01970285117813597,0.016814196905093448,138.98333333333332,-2.98333333333332,-1.4333333333333371,47,140,1.0,1.0,1.0,1.0,1.0,1.0,1.0,0.996,0.996,0.591,0.541,0.174,0.151,0.0,0.0
IND,Indianapolis Colts,DEF,IND,698.7,219.0,215.0,84.0,84.0,1.0,,,,,,,,,,,,84.0,defind,,,298.0,279.0,44.6,184.0,495.0,9.0,DST20,13.0,Indianapolis Colts,,,,,,,,,,,,,,84.0,20.0,83.66666666666667,83.83333333333334,False,False,698.7,77.42699999999999,1.0,1.0,1.0,1.0,1.0,0.9999999999999998,0.9999999999999998,0.9999999999999967,0.9999999999999962,0.999999999999963,0.9999999999999591,0.9999999999996267,0.9999999999995899,0.9999999999965727,0.9999999999962488,87.0,-3.166666666666657,-2.3333333333333144,19,141,1.0,1.0,1.0,1.0,1.0,1.0,1.0,1.0,1.0,1.0,1.0,1.0,1.0,1.0,1.0
4227,Harrison Butker,K,KC,179.2,159.8,155.2,100.0,100.0,18.0,,,,,,,,,,,,100.0,harrisonbutker,16712.0,00-0033303,259.0,246.18,25.18,177.0,342.0,9.0,K14,5.0,Harrison Butker,149.5,21.8,17.0,17.0,0.0,0.0,0.0,0.0,,,31.0,9.0,1.0,100.0,15.0,101.33333333333333,100.66666666666666,False,False,179.2,20.282,1.0,0.9999999999999918,0.999999999999988,0.9999999999580516,0.9999999999418703,0.9999999452256269,0.9999999282937491,0.9999816086534334,0.9999772394346713,0.9983773635672719,0.9980993211525329,0.9608114762214539,0.9564480560621282,0.7179850729834175,0.7010980996039112,104.16666666666666,-3.5,-2.1666666666666856,15,142,1.0,1.0,1.0,1.0,1.0,1.0,1.0,1.0,1.0,1.0,1.0,0.991,0.991,0.813,0.805
12713,Andy Borregales,K,NE,229.5,194.3,157.2,96.0,96.0,18.0,,,,,,,,,,,,96.0,andyborregales,,00-0040200,252.0,228.15,24.47,181.0,336.0,9.0,K13,11.0,Andy Borregales,,,,17.0,0.0,0.0,0.0,0.0,,,23.0,1.0,1.0,96.0,11.0,105.33333333333333,100.66666666666666,False,False,229.5,25.815,1.0,0.9999999999999993,0.999999999999999,0.9999999999991065,0.9999999999988205,0.9999999995335089,0.9999999994055568,0.9999998952928393,0.9999998711682978,0.9999898283182063,0.9999879116575516,0.9995679428289459,0.9995037767223507,0.9918405561236314,0.9909353646069601,104.16666666666666,-3.5,-2.1666666666666856,16,143,1.0,1.0,1.0,1.0,1.0,1.0,1.0,1.0,1.0,1.0,1.0,1.0,1.0,0.995,0.995
8110,Jake Ferguson,TE,DAL,115.5,99.7,96.9,124.8,159.8,18.0,,,,,,,70.0,,618.0,5.0,1.0,124.80000000000001,jakeferguson,22718.0,00-0038041,126.0,128.34,17.49,86.0,194.0,6.0,TE14,14.0,Jake Ferguson,146.5,28.4,27.0,17.0,145.1,8.535294117647059,102.0,1.0,,,27.0,4.0,1.0,124.80000000000001,15.0,125.2,125.0,False,False,115.5,13.275,1.0,0.9999999999979006,0.9999999999964342,0.9999998491728931,0.9999997756943797,0.9995409656466641,0.999400612394636,0.9340422803635096,0.9238223969304105,0.3815859062300494,0.3532176673189016,0.01746245859908946,0.014460655727787208,4.480332648659768e-05,3.2694711592284875e-05,128.58333333333334,-3.583333333333343,3.6333333333333258,15,144,1.0,1.0,1.0,1.0,1.0,0.997,0.997,0.98,0.978,0.835,0.776,0.0,0.0,0.0,0.0
3678,Wil Lutz,K,DEN,671.2,253.3,177.2,100.0,100.0,18.0,,,,,,,,,,,,100.0,willutz,16026.0,00-0032569,273.0,266.07,30.53,174.0,346.0,9.0,K16,10.0,Wil Lutz,172.6,15.7,9.0,17.0,0.0,0.0,0.0,0.0,,,32.0,10.0,1.0,100.0,17.0,100.0,100.0,False,False,671.2,74.402,1.0,1.0,1.0,1.0,1.0,0.9999999999999996,0.9999999999999996,0.9999999999999949,0.9999999999999944,0.9999999999999393,0.9999999999999327,0.9999999999993416,0.9999999999992746,0.99999999999356,0.9999999999929337,104.16666666666666,-4.166666666666657,-2.833333333333343,17,145,1.0,1.0,1.0,1.0,1.0,1.0,1.0,1.0,1.0,1.0,1.0,1.0,1.0,1.0,1.0
CHI,Chicago Bears,DEF,CHI,215.7,217.9,204.4,85.0,85.0,1.0,,,,,,,,,,,,85.0,defchi,,,319.0,281.14,56.38,173.0,501.0,10.0,DST21,10.0,Chicago Bears,,,,,,,,,,,,,,85.0,23.0,80.33333333333333,82.66666666666666,False,False,215.7,24.297,1.0,0.9999999999999987,0.9999999999999982,0.9999999999977839,0.9999999999970388,0.9999999985297789,0.9999999981121501,0.9999996233883615,0.9999995351319031,0.9999624208681137,0.9999553898153755,0.9985185464598261,0.998307386304724,0.9763600380746857,0.9739693584471862,87.0,-4.333333333333343,-3.5,20,146,1.0,1.0,1.0,1.0,1.0,1.0,1.0,1.0,1.0,1.0,1.0,0.999,0.999,0.994,0.994
ATL,Atlanta Falcons,DEF,ATL,696.9,228.4,224.2,83.0,83.0,1.0,,,,,,,,,,,,83.0,defatl,,,289.0,281.07,46.7,185.0,505.0,9.0,DST18,11.0,Atlanta Falcons,162.6,14.1,37.0,,,,,,,,,,,83.0,22.0,81.66666666666667,82.33333333333334,False,False,696.9,77.22899999999998,1.0,1.0,1.0,1.0,1.0,0.9999999999999998,0.9999999999999997,0.9999999999999966,0.9999999999999962,0.9999999999999618,0.9999999999999578,0.999999999999613,0.9999999999995748,0.9999999999964329,0.9999999999960949,87.0,-4.666666666666657,-3.8333333333333144,21,147,1.0,1.0,1.0,1.0,1.0,1.0,1.0,1.0,1.0,1.0,1.0,1.0,1.0,1.0,1.0
7042,Tyler Bass,K,BUF,671.6,299.0,288.0,103.0,103.0,18.0,,,,,,,,,,,,103.0,tylerbass,19760.0,00-0036162,360.0,280.69,44.71,191.0,350.0,11.0,K20,7.0,Tyler Bass,,,,,,,,,,,29.0,6.0,1.0,103.0,21.0,94.33333333333333,98.66666666666666,False,False,671.6,74.446,1.0,1.0,1.0,1.0,1.0,0.9999999999999996,0.9999999999999996,0.9999999999999949,0.9999999999999944,0.9999999999999397,0.9999999999999333,0.9999999999993473,0.9999999999992808,0.9999999999936207,0.9999999999930006,104.16666666666666,-5.5,-4.166666666666686,18,148,1.0,1.0,1.0,1.0,1.0,1.0,1.0,1.0,1.0,1.0,1.0,1.0,1.0,1.0,1.0
NO,New Orleans Saints,DEF,NO,698.8,244.6,240.2,77.0,77.0,1.0,,,,,,,,,,,,77.0,defno,,,291.0,263.72,33.95,187.0,381.0,9.0,DST19,8.0,New Orleans Saints,,,,,,,,,,,,,,77.0,17.0,85.0,81.0,False,False,698.8,77.43799999999999,1.0,1.0,1.0,1.0,1.0,0.9999999999999998,0.9999999999999998,0.9999999999999967,0.9999999999999963,0.9999999999999631,0.9999999999999593,0.9999999999996274,0.9999999999995907,0.9999999999965803,0.999999999996257,87.0,-6.0,-5.166666666666657,22,149,1.0,1.0,1.0,1.0,1.0,1.0,1.0,1.0,1.0,1.0,1.0,1.0,1.0,1.0,1.0
11586,Blake Corum,RB,LAR,91.5,100.7,68.1,127.8,135.3,18.0,,,,172.0,757.0,6.0,15.0,,106.0,,1.0,127.80000000000001,blakecorum,23013.0,00-0039738,89.0,93.72,14.04,67.0,145.0,5.0,RB32,11.0,Blake Corum,115.3,17.1,169.0,17.0,118.2,6.952941176470588,14.0,145.0,,,25.0,2.0,2.0,127.80000000000001,33.0,137.26666666666668,132.53333333333336,False,False,91.5,10.635,1.0,0.9999999999191899,0.999999999851132,0.9999824278385665,0.9999736427033279,0.9699856656598722,0.9629951853406115,0.353415108366671,0.3191254466962081,0.004234008288806157,0.0031971502870867807,5.054216766220421e-07,3.1214909412824454e-07,4.460876112943879e-13,2.2393198406689407e-13,138.58039215686273,-6.047058823529369,14.216666666666683,35,150,1.0,1.0,1.0,1.0,1.0,0.986,0.986,0.248,0.204,0.0,0.0,0.0,0.0,0.0,0.0
4046,Patrick Mahomes,QB,KC,116.2,110.9,102.3,286.68,286.68,18.0,3962.0,29.0,12.0,47.0,202.0,1.0,,,,,2.0,284.68,patrickmahomes,16413.0,00-0033873,107.0,104.79,15.43,69.0,164.0,6.0,QB14,5.0,Patrick Mahomes II,102.9,12.2,78.0,14.0,292.18,20.87,1.0,64.0,Questionable,Knee - ACL,30.0,9.0,1.0,284.68,14.0,286.4066666666667,285.54333333333335,False,False,116.2,13.352,1.0,0.9999999999980778,0.9999999999967419,0.9999998664507574,0.999999801511269,0.9995927403319333,0.999467783073694,0.9394687795023706,0.929952102581431,0.40239452789959906,0.3737077371253885,0.020445304416147225,0.017022738561748296,6.0987829582748176e-05,4.482586737175609e-05,292.1733333333334,-6.630000000000052,6.313333333333333,14,151,1.0,1.0,1.0,1.0,1.0,1.0,1.0,0.994,0.994,0.855,0.852,0.011,0.01,0.0,0.0
8121,Romeo Doubs,WR,NE,130.2,133.4,116.6,132.7,161.2,18.0,,,,,,,57.0,,742.0,5.0,,132.7,romeodoubs,23794.0,00-0037816,125.0,126.87,15.78,83.0,196.0,6.0,WR51,11.0,Romeo Doubs,96.4,12.1,47.0,16.0,135.9,8.49375,85.0,0.0,,,26.0,4.0,2.0,132.7,51.0,131.46666666666667,132.08333333333331,False,False,130.2,14.892,1.0,0.9999999999996109,0.9999999999993661,0.999999985985063,0.9999999794625776,0.9999595492403606,0.9999465920109984,0.9900998343170297,0.9881809217539341,0.7637775041173399,0.7425917863501821,0.18590262412797243,0.16846543036961426,0.006127755883371444,0.005057825841542352,138.98333333333332,-6.900000000000006,-5.350000000000023,48,152,1.0,1.0,1.0,1.0,1.0,1.0,1.0,0.985,0.985,0.355,0.31,0.049,0.035,0.0,0.0
2449,Stefon Diggs,WR,WAS,109.3,107.0,115.5,125.3,157.3,18.0,,,,1.0,6.0,,64.0,,687.0,4.0,,125.3,stefondiggs,13981.0,00-0031588,94.0,97.22,18.38,64.0,168.0,5.0,WR41,7.0,Stefon Diggs,100.9,10.9,94.0,17.0,167.8,9.870588235294118,102.0,0.0,,,32.0,11.0,2.0,125.3,41.0,138.46666666666667,131.88333333333333,False,False,109.3,12.593,1.0,0.999999999995231,0.9999999999917413,0.9999995387491865,0.9999993107182761,0.9986574740290413,0.9982624844562498,0.8634271097713819,0.8452895005432335,0.20897761846339513,0.18689864161216063,0.0033058472810494344,0.0025933512598472763,1.9038191323428322e-06,1.2942980249786018e-06,138.98333333333332,-7.099999999999994,-5.550000000000011,49,153,1.0,1.0,1.0,1.0,1.0,1.0,1.0,0.853,0.839,0.003,0.001,0.0,0.0,0.0,0.0
CLE,Cleveland Browns,DEF,CLE,671.5,266.6,260.0,74.0,74.0,1.0,,,,,,,,,,,,74.0,defcle,,,250.0,228.03,45.85,165.0,500.0,9.0,DST16,11.0,Cleveland Browns,173.0,14.7,28.0,,,,,,,,,,,74.0,16.0,85.66666666666667,79.83333333333334,False,False,671.5,74.43499999999999,1.0,1.0,1.0,1.0,1.0,0.9999999999999996,0.9999999999999996,0.9999999999999949,0.9999999999999944,0.9999999999999396,0.9999999999999332,0.9999999999993459,0.9999999999992792,0.9999999999936056,0.9999999999929838,87.0,-7.166666666666657,-6.333333333333314,23,154,1.0,1.0,1.0,1.0,1.0,1.0,1.0,1.0,1.0,1.0,1.0,1.0,1.0,1.0,1.0
3214,Hunter Henry,TE,NE,148.3,142.7,91.9,124.5,153.5,18.0,,,,,,,58.0,,655.0,5.0,,124.5,hunterhenry,15561.0,00-0033090,146.0,161.16,21.67,110.0,235.0,7.0,TE17,11.0,Hunter Henry,158.9,20.2,15.0,17.0,148.8,8.75294117647059,87.0,0.0,,,31.0,10.0,1.0,124.5,18.0,118.23333333333333,121.36666666666667,False,False,148.3,16.883000000000003,1.0,0.9999999999999277,0.9999999999998873,0.9999999988173829,0.9999999983026173,0.9999973043460297,0.9999964342139214,0.9991182197785099,0.998923148045807,0.9559827360135431,0.950182609199903,0.6119134582990978,0.589040889537167,0.1277192684446562,0.11575663422701687,128.58333333333334,-7.216666666666669,0.0,16,155,1.0,1.0,1.0,1.0,1.0,1.0,1.0,1.0,1.0,0.995,0.995,0.27,0.263,0.009,0.005
11624,Xavier Worthy,WR,KC,129.2,134.8,121.5,134.0,161.5,18.0,,,,17.0,90.0,1.0,55.0,,695.0,4.0,1.0,134.0,xavierworthy,23019.0,00-0039894,127.0,128.54,16.04,92.0,196.0,6.0,WR52,5.0,Xavier Worthy,95.1,9.2,62.0,14.0,88.9,6.3500000000000005,73.0,11.0,,,23.0,2.0,2.0,134.0,52.0,129.26666666666665,131.63333333333333,False,False,129.2,14.781999999999998,1.0,0.9999999999995679,0.9999999999992943,0.9999999837116362,0.9999999761049392,0.9999525738451265,0.9999374081786212,0.9886902162667057,0.9865218458105354,0.7441533984077864,0.7219196316469461,0.1666738602515334,0.1503245039670964,0.004785026955613336,0.00392285030364703,138.98333333333332,-7.349999999999994,-5.800000000000011,50,156,1.0,1.0,1.0,1.0,1.0,1.0,1.0,0.989,0.989,0.347,0.293,0.049,0.039,0.0,0.0
11646,Jalen Coker,WR,CAR,144.0,148.6,131.8,135.9,165.9,18.0,,,,1.0,6.0,,60.0,,753.0,5.0,,135.9,jalencoker,26403.0,00-0039491,129.0,130.02,17.35,87.0,194.0,6.0,WR53,5.0,Jalen Coker,114.4,8.5,34.0,11.0,71.9,6.536363636363637,43.0,0.0,,,24.0,2.0,2.0,135.9,53.0,126.8,131.35,False,False,144.0,16.41,1.0,0.9999999999998956,0.9999999999998357,0.999999997955604,0.9999999970509602,0.9999950199493537,0.9999934101267423,0.998439262055316,0.9981016479490792,0.9322803697002799,0.9239357626053405,0.5121535819949355,0.48784641800506445,0.0760642373946595,0.06771963029972006,138.98333333333332,-7.633333333333326,-6.083333333333343,51,157,1.0,1.0,1.0,1.0,1.0,1.0,1.0,0.998,0.998,0.795,0.771,0.475,0.451,0.005,0.002
13298,KC Concepcion,WR,CLE,111.3,119.9,129.3,127.4,156.4,18.0,,,,9.0,54.0,,58.0,,710.0,4.0,1.0,127.4,kcconcepcion,27331.0,00-0041547,115.0,115.61,18.9,78.0,172.0,6.0,WR48,11.0,KC Concepcion,113.5,7.3,106.0,,,,,,,,21.0,0.0,2.0,127.4,48.0,135.1,131.25,False,False,111.3,12.813,1.0,0.9999999999963693,0.9999999999937526,0.999999680956176,0.9999995239097852,0.9990525224091178,0.9987698201878424,0.8912349884338324,0.8759705264625888,0.26109441806918376,0.2363722432156239,0.0059842340734947985,0.0047832286593837425,5.768190687982511e-06,4.018122564675153e-06,138.98333333333332,-7.73333333333332,-6.183333333333337,52,158,1.0,1.0,1.0,1.0,1.0,1.0,1.0,0.873,0.868,0.008,0.003,0.0,0.0,0.0,0.0
CIN,Cincinnati Bengals,DEF,CIN,648.8,241.2,236.6,79.0,79.0,1.0,,,,,,,,,,,,79.0,defcin,,,409.0,282.0,70.8,180.0,372.0,11.0,DST26,6.0,Cincinnati Bengals,,,,,,,,,,,,,,79.0,24.0,79.0,79.0,False,False,648.8,71.93799999999999,1.0,1.0,1.0,1.0,1.0,0.9999999999999996,0.9999999999999994,0.9999999999999927,0.9999999999999919,0.9999999999999065,0.9999999999998962,0.9999999999989229,0.9999999999988101,0.9999999999888782,0.9999999999877711,87.0,-8.0,-7.166666666666657,24,159,1.0,1.0,1.0,1.0,1.0,1.0,1.0,1.0,1.0,1.0,1.0,1.0,1.0,1.0,1.0
TB,Tampa Bay Buccaneers,DEF,TB,657.3,232.4,228.5,81.0,81.0,1.0,,,,,,,,,,,,81.0,deftb,,,384.0,289.71,67.99,203.0,496.0,11.0,DST25,10.0,Tampa Bay Buccaneers,,,,,,,,,,,,,,81.0,25.0,77.0,79.0,False,False,657.3,72.87299999999999,1.0,1.0,1.0,1.0,1.0,0.9999999999999996,0.9999999999999996,0.9999999999999937,0.9999999999999929,0.9999999999999208,0.9999999999999123,0.9999999999991094,0.9999999999990172,0.9999999999909934,0.9999999999901047,87.0,-8.0,-7.166666666666657,25,160,1.0,1.0,1.0,1.0,1.0,1.0,1.0,1.0,1.0,1.0,1.0,1.0,1.0,1.0,1.0
5095,Daniel Carlson,K,NO,616.0,999.0,999.0,104.0,104.0,18.0,,,,,,,,,,,,104.0,danielcarlson,17420.0,00-0034161,407.0,286.92,50.55,224.0,367.0,11.0,K23,8.0,Daniel Carlson,,,,17.0,0.0,0.0,0.0,0.0,,,31.0,8.0,1.0,104.0,24.0,87.66666666666667,95.83333333333334,False,False,616.0,68.33,1.0,1.0,1.0,1.0,1.0,0.9999999999999992,0.9999999999999991,0.9999999999999871,0.9999999999999856,0.9999999999998151,0.9999999999997939,0.9999999999976602,0.9999999999974061,0.9999999999737618,0.9999999999710576,104.16666666666666,-8.333333333333314,-7.0,19,161,1.0,1.0,1.0,1.0,1.0,1.0,1.0,1.0,1.0,1.0,1.0,1.0,1.0,1.0,1.0
5022,Dallas Goedert,TE,PHI,126.0,119.8,93.6,109.5,136.0,18.0,,,,,,,53.0,,590.0,4.0,,109.5,dallasgoedert,17270.0,00-0034351,117.0,116.84,16.05,59.0,157.0,6.0,TE13,10.0,Dallas Goedert,113.8,19.7,38.0,15.0,155.1,10.34,82.0,0.0,,,31.0,8.0,1.0,109.5,13.0,128.8,119.15,False,False,126.0,14.43,1.0,0.9999999999993907,0.9999999999989961,0.9999999733680034,0.9999999607962435,0.9999205890453275,0.9998953644783592,0.9827275043491628,0.9795406093930996,0.6738071627809291,0.6484541674468017,0.1126124766245602,0.09991232866619182,0.0020140492191527137,0.0016134536867331573,128.58333333333334,-9.433333333333337,-2.2166666666666686,17,162,1.0,1.0,1.0,1.0,1.0,0.999,0.999,0.993,0.993,0.951,0.939,0.001,0.001,0.0,0.0
8134,Khalil Shakir,WR,BUF,151.0,146.1,120.2,135.2,170.7,18.0,,,,2.0,10.0,,71.0,,747.0,4.0,,135.2,khalilshakir,23748.0,00-0037261,134.0,135.4,14.67,90.0,173.0,6.0,WR54,7.0,Khalil Shakir,107.8,7.2,28.0,16.0,130.4,8.15,95.0,1.0,Questionable,Undisclosed,26.0,4.0,2.0,135.2,54.0,122.76666666666667,128.98333333333332,False,False,151.0,17.18,1.0,0.999999999999942,0.9999999999999103,0.9999999991515562,0.999999998786083,0.999998149234854,0.9999975528304834,0.9993821317360131,0.9992437992760964,0.9666379080046315,0.9620774790747271,0.6687826335906566,0.6474135510519858,0.16842216656027986,0.15419020445974663,138.98333333333332,-10.0,-8.450000000000017,53,163,1.0,1.0,1.0,1.0,1.0,1.0,1.0,0.999,0.999,0.894,0.887,0.691,0.679,0.047,0.034
7002,Juwan Johnson,TE,NO,163.3,178.9,102.6,112.9,140.9,18.0,,,,,,,56.0,,609.0,4.0,,112.9,juwanjohnson,19562.0,00-0036040,128.0,129.43,19.94,90.0,199.0,6.0,TE15,8.0,Juwan Johnson,149.0,20.1,25.0,17.0,141.4,8.31764705882353,102.0,0.0,,,29.0,6.0,1.0,112.9,16.0,123.76666666666667,118.33333333333334,False,False,163.3,18.533,1.0,0.9999999999999771,0.9999999999999654,0.9999999997925463,0.999999999707381,0.9999996352229545,0.9999995192746083,0.9998730725232284,0.9998435513397519,0.990944767170099,0.9895391376552948,0.8573219468012274,0.844805643788871,0.41035853823186774,0.3895160541228384,128.58333333333334,-10.25,-3.0333333333333314,18,164,1.0,1.0,1.0,1.0,1.0,1.0,1.0,1.0,1.0,1.0,1.0,0.711,0.707,0.164,0.155
CAR,Carolina Panthers,DEF,CAR,658.6,238.4,233.2,81.0,81.0,1.0,,,,,,,,,,,,81.0,defcar,,,378.0,305.91,62.04,217.0,498.0,11.0,DST24,5.0,Carolina Panthers,,,,,,,,,,,,,,81.0,27.0,72.0,76.5,False,False,658.6,73.01599999999999,1.0,1.0,1.0,1.0,1.0,0.9999999999999996,0.9999999999999996,0.9999999999999938,0.9999999999999931,0.9999999999999227,0.9999999999999145,0.9999999999991347,0.9999999999990452,0.9999999999912759,0.9999999999904162,87.0,-10.5,-9.666666666666657,26,165,1.0,1.0,1.0,1.0,1.0,1.0,1.0,1.0,1.0,1.0,1.0,1.0,1.0,1.0,1.0
12534,Kyle Monangai,RB,CHI,97.8,105.7,61.2,143.1,154.6,18.0,,,,166.0,751.0,6.0,23.0,,165.0,1.0,1.0,143.10000000000002,kylemonangai,27131.0,00-0040236,112.0,113.46,14.81,79.0,168.0,6.0,RB40,10.0,Kyle Monangai,103.5,10.9,46.0,17.0,133.70000000000002,7.8647058823529425,30.0,169.0,Questionable,Knee,24.0,1.0,2.0,134.6823529411765,40.0,121.16666666666667,127.92450980392158,False,False,97.8,11.328,1.0,0.9999999999729094,0.9999999999512225,0.9999955088409203,0.9999932564145138,0.9898749349878042,0.9872388411874,0.5804468354873131,0.5456822777692116,0.027707546997573385,0.02254123424642729,2.7388322516808117e-05,1.8736831954191402e-05,3.804048187561193e-10,2.1715174103320578e-10,138.58039215686273,-10.655882352941148,9.607843137254903,36,166,1.0,1.0,1.0,1.0,1.0,0.998,0.998,0.559,0.524,0.0,0.0,0.0,0.0,0.0,0.0
7567,Kenny Gainwell,RB,TB,107.3,111.6,86.1,128.8,152.3,18.0,,,,99.0,418.0,3.0,47.0,,355.0,2.0,1.0,128.8,kennygainwell,23310.0,00-0036919,105.0,104.62,13.46,65.0,129.0,6.0,RB38,10.0,Kenny Gainwell,108.0,15.1,42.0,17.0,184.8,10.870588235294118,85.0,114.0,,,27.0,5.0,2.0,128.8,38.0,126.13333333333333,127.46666666666667,False,False,107.3,12.373,1.0,0.9999999999936848,0.9999999999889922,0.999999327898557,0.9999989943380598,0.9980945031584353,0.9975426778419834,0.8298795779031146,0.808632578293556,0.1620621541809263,0.1430222528606233,0.0017182708010452519,0.0013211681309525103,5.710330645003481e-07,3.7827626275799275e-07,138.58039215686273,-11.11372549019606,9.149999999999991,37,167,1.0,1.0,1.0,1.0,1.0,1.0,1.0,0.877,0.867,0.002,0.0,0.0,0.0,0.0,0.0
3163,Jared Goff,QB,DET,142.3,131.9,132.9,283.46,283.46,18.0,4104.0,30.0,10.0,29.0,53.0,1.0,,,,,3.0,279.46,jaredgoff,15501.0,00-0033106,108.0,107.75,16.7,61.0,181.0,6.0,QB15,6.0,Jared Goff,97.6,12.9,62.0,17.0,305.06,17.94470588235294,0.0,19.0,,,31.0,10.0,1.0,279.46,15.0,281.73333333333335,280.5966666666667,False,False,142.3,16.223,1.0,0.9999999999998788,0.9999999999998084,0.9999999974450859,0.9999999963072392,0.9999936198101836,0.9999915571912048,0.9980416457066323,0.997622301320692,0.920050610075407,0.9104888056081605,0.47051750365043976,0.4460648249128989,0.06016974885593318,0.05315631522601538,292.1733333333334,-11.57666666666671,1.3666666666666742,15,168,1.0,1.0,1.0,1.0,1.0,1.0,1.0,1.0,1.0,0.995,0.995,0.644,0.637,0.071,0.061
5844,T.J. Hockenson,TE,MIN,184.1,164.3,127.7,122.0,155.0,18.0,,,,,,,66.0,,650.0,4.0,,122.0,tjhockenson,18290.0,00-0035229,171.0,193.1,27.65,130.0,251.0,7.0,TE21,6.0,T.J. Hockenson,139.2,36.0,5.0,15.0,87.30000000000001,5.820000000000001,66.0,1.0,,,29.0,7.0,1.0,122.0,22.0,111.93333333333334,116.96666666666667,False,False,184.1,20.821,1.0,0.9999999999999939,0.9999999999999911,0.9999999999732192,0.9999999999630831,0.999999968134061,0.9999999583828285,0.9999895624480759,0.99998707747159,0.999040975489035,0.9988732269346114,0.9744092212290738,0.9714095813045329,0.7873534565123879,0.7731447882613744,128.58333333333334,-11.616666666666674,-4.400000000000006,19,169,1.0,1.0,1.0,1.0,1.0,1.0,1.0,1.0,1.0,1.0,1.0,0.941,0.941,0.73,0.721
12489,RJ Harvey,RB,DEN,83.5,81.8,56.4,125.6,144.1,18.0,,,,124.0,515.0,3.0,37.0,,276.0,2.0,1.0,125.6,rjharvey,27142.0,00-0040730,101.0,101.72,16.83,65.0,142.0,6.0,RB37,10.0,RJ Harvey,103.9,14.9,54.0,17.0,183.1,10.770588235294117,58.0,146.0,,,25.0,1.0,2.0,125.6,37.0,127.39999999999999,126.5,False,False,83.5,9.755,1.0,0.9999999996142719,0.9999999992675457,0.99988805582893,0.9998333262823074,0.8906773569850538,0.8702612305086797,0.10932264301494621,0.09132335696059157,0.00011194417106996646,7.444105606924101e-05,3.85728116114592e-10,2.010588362466592e-10,0.0,0.0,138.58039215686273,-12.080392156862729,8.183333333333323,38,170,1.0,1.0,1.0,1.0,1.0,0.947,0.947,0.017,0.01,0.0,0.0,0.0,0.0,0.0,0.0
11261,Andre Szmyt,K,CLE,667.9,342.0,319.0,84.0,84.0,18.0,,,,,,,,,,,,84.0,andreszmyt,25713.0,00-0038428,571.0,269.0,85.4,167.0,376.0,13.0,K31,11.0,Andre Szmyt,,,,17.0,0.0,0.0,0.0,0.0,,,27.0,4.0,1.0,84.0,18.0,99.66666666666667,91.83333333333334,False,False,667.9,74.03899999999999,1.0,1.0,1.0,1.0,1.0,0.9999999999999996,0.9999999999999996,0.9999999999999947,0.999999999999994,0.9999999999999354,0.9999999999999285,0.9999999999992935,0.9999999999992211,0.9999999999930335,0.9999999999923537,104.16666666666666,-12.333333333333314,-11.0,20,171,1.0,1.0,1.0,1.0,1.0,1.0,1.0,1.0,1.0,1.0,1.0,1.0,1.0,1.0,1.0
5001,Dalton Schultz,TE,HOU,205.0,179.9,97.6,118.9,150.9,18.0,,,,,,,64.0,,629.0,4.0,,118.9,daltonschultz,17349.0,00-0034383,153.0,164.45,24.54,111.0,233.0,7.0,TE19,8.0,Dalton Schultz,,,,17.0,136.7,8.041176470588235,106.0,0.0,,,30.0,8.0,1.0,118.9,20.0,113.60000000000001,116.25,False,False,205.0,23.12,1.0,0.999999999999998,0.9999999999999971,0.999999999995197,0.9999999999935176,0.9999999961345147,0.9999999950070699,0.9999989109672502,0.9999986532474181,0.9998913890087595,0.9998713309430602,0.9960933687954338,0.99556184956836,0.9475953623113171,0.9427998205893695,128.58333333333334,-12.333333333333343,-5.116666666666674,20,172,1.0,1.0,1.0,1.0,1.0,1.0,1.0,1.0,1.0,1.0,1.0,0.984,0.984,0.934,0.933
5849,Kyler Murray,QB,MIN,149.9,149.9,154.5,283.06,283.06,18.0,3519.0,22.0,10.0,88.0,503.0,3.0,,,,,3.0,281.06,kylermurray,18600.0,00-0035228,119.0,117.25,15.54,88.0,205.0,6.0,QB17,6.0,Kyler Murray,129.1,13.0,49.0,5.0,80.78,16.156,0.0,29.0,,,29.0,7.0,1.0,281.06,17.0,277.4,279.23,False,False,149.9,17.059,1.0,0.9999999999999367,0.9999999999999016,0.9999999990296643,0.9999999986099007,0.9999978446899227,0.9999971496229494,0.9992860039823652,0.9991268976680011,0.9626295040450957,0.9575946435780527,0.6462324344497102,0.6242068715797651,0.15110318384101806,0.13778312112339808,292.1733333333334,-12.943333333333385,0.0,16,173,1.0,1.0,1.0,1.0,1.0,1.0,1.0,1.0,1.0,0.997,0.997,0.814,0.81,0.252,0.231
8210,Chig Okonkwo,TE,WAS,188.1,191.9,136.9,113.6,144.1,18.0,,,,,,,61.0,,591.0,4.0,,113.6,chigokonkwo,23982.0,00-0037809,148.0,163.11,22.78,110.0,225.0,7.0,TE18,7.0,Chig Okonkwo,,,,17.0,96.0,5.647058823529412,79.0,0.0,,,27.0,4.0,1.0,113.6,19.0,115.43333333333334,114.51666666666667,False,False,188.1,21.261,1.0,0.9999999999999951,0.9999999999999929,0.9999999999811756,0.9999999999741598,0.9999999792351077,0.999999972935605,0.9999933585654603,0.9999917764501218,0.999373571299642,0.999262431021604,0.982035836118088,0.9798520687356738,0.8337050048751291,0.8217033012992297,128.58333333333334,-14.066666666666677,-6.8500000000000085,21,174,1.0,1.0,1.0,1.0,1.0,1.0,1.0,1.0,1.0,1.0,1.0,0.961,0.961,0.79,0.788
12533,Jacory Croskey-Merritt,RB,WAS,100.8,113.9,94.8,118.4,127.9,18.0,,,,141.0,614.0,5.0,19.0,,135.0,1.0,1.0,118.4,jacorycroskeymerritt,27316.0,00-0040242,100.0,101.32,15.14,71.0,157.0,6.0,RB36,7.0,Jacory Croskey-Merritt,103.3,12.4,120.0,17.0,135.8,7.988235294117648,13.0,175.0,Questionable,Undisclosed,25.0,1.0,1.0,118.4,36.0,130.4274509803922,124.4137254901961,False,False,100.8,11.658,1.0,0.9999999999832883,0.9999999999702248,0.9999975841733952,0.9999963745912384,0.9940195464935435,0.9923987250742238,0.6753099137972789,0.6438785291621176,0.05435165675599629,0.045530554352021246,0.000124775206324923,8.894806423387358e-05,5.28270827082622e-09,3.1768609964899497e-09,138.58039215686273,-14.166666666666629,6.097058823529423,39,175,1.0,1.0,1.0,1.0,1.0,0.997,0.997,0.667,0.65,0.0,0.0,0.0,0.0,0.0,0.0
421,Matthew Stafford,QB,LAR,105.8,94.5,117.6,280.22,280.22,18.0,4033.0,32.0,11.0,27.0,19.0,,,,,,2.0,276.21999999999997,matthewstafford,9451.0,00-0026498,110.0,109.31,16.12,71.0,173.0,6.0,QB16,11.0,Matthew Stafford,72.7,7.1,46.0,17.0,358.38,21.081176470588236,0.0,29.0,,,38.0,17.0,1.0,276.21999999999997,16.0,279.0133333333333,277.6166666666667,False,False,105.8,12.208,1.0,0.9999999999921609,0.9999999999862683,0.9999991039474575,0.999998658092217,0.9975200991378435,0.9968113096619649,0.8005839935513607,0.7769089798155389,0.13088553072369247,0.11426996949378365,0.0010070714448533469,0.0007620571830568856,2.16254520180037e-07,1.4034143480667893e-07,292.1733333333334,-14.556666666666729,-1.613333333333344,17,176,1.0,1.0,1.0,1.0,1.0,0.999,0.999,0.98,0.977,0.605,0.598,0.0,0.0,0.0,0.0
TEN,Tennessee Titans,DEF,TEN,680.8,270.2,266.0,67.0,67.0,1.0,,,,,,,,,,,,67.0,deften,,,411.0,292.83,90.31,163.0,494.0,11.0,DST27,9.0,Tennessee Titans,180.8,14.5,5.0,,,,,,,,,,,67.0,26.0,75.33333333333333,71.16666666666666,False,False,680.8,75.45799999999998,1.0,1.0,1.0,1.0,1.0,0.9999999999999997,0.9999999999999996,0.9999999999999956,0.9999999999999951,0.9999999999999492,0.9999999999999438,0.9999999999994624,0.9999999999994083,0.9999999999948577,0.9999999999943625,87.0,-15.833333333333343,-15.0,27,177,1.0,1.0,1.0,1.0,1.0,1.0,1.0,1.0,1.0,1.0,1.0,1.0,1.0,1.0,1.0
6804,Jordan Love,QB,GB,165.9,161.4,126.8,278.52,278.52,18.0,3808.0,27.0,10.0,51.0,202.0,2.0,,,,,3.0,276.52,jordanlove,19246.0,00-0036264,123.0,123.75,19.96,75.0,226.0,6.0,QB18,11.0,Jordan Love,142.5,12.6,41.0,15.0,237.14000000000001,15.809333333333335,0.0,47.0,,,27.0,6.0,1.0,276.52,18.0,275.20666666666665,275.86333333333334,False,False,165.9,18.819000000000003,1.0,0.9999999999999809,0.9999999999999712,0.9999999998428077,0.9999999997789317,0.999999736492298,0.9999996530608406,0.9999083188205529,0.9998868826118473,0.9931606723622783,0.9920772641355142,0.8830330803456147,0.8722619205030259,0.4661225632127507,0.44505767737819,292.1733333333334,-16.31000000000006,-3.3666666666666742,18,178,1.0,1.0,1.0,1.0,1.0,1.0,1.0,1.0,1.0,1.0,1.0,0.956,0.956,0.726,0.72
5872,Deebo Samuel,WR,SF,133.8,130.7,138.4,127.7,155.7,18.0,,,,17.0,89.0,1.0,56.0,,628.0,4.0,1.0,127.7,deebosamuel,18244.0,00-0035719,136.0,139.17,28.68,87.0,264.0,6.0,WR55,8.0,Deebo Samuel Sr.,111.2,6.6,58.0,16.0,152.2,9.5125,99.0,17.0,,,30.0,7.0,2.0,127.7,55.0,116.36666666666666,122.03333333333333,False,False,133.8,15.288000000000002,1.0,0.99999999999973,0.9999999999995641,0.9999999917385507,0.9999999879421917,0.9999770018783922,0.9999695995576683,0.9938814600831277,0.9926527514929162,0.8252022429326467,0.8078397887833093,0.2628823190166496,0.24199633305729085,0.013750105829571924,0.011611254814220429,138.98333333333332,-16.94999999999999,-15.400000000000006,54,179,1.0,1.0,1.0,1.0,1.0,1.0,1.0,0.994,0.994,0.536,0.483,0.143,0.122,0.0,0.0
11603,AJ Barner,TE,SEA,213.3,187.3,125.9,113.4,142.4,18.0,,,,10.0,14.0,1.0,58.0,,530.0,4.0,,113.4,ajbarner,26335.0,00-0039793,174.0,196.16,23.4,143.0,260.0,7.0,TE23,11.0,AJ Barner,,,,17.0,121.30000000000001,7.135294117647059,68.0,10.0,,,24.0,2.0,1.0,113.4,23.0,108.43333333333334,110.91666666666667,False,False,213.3,24.033,1.0,0.9999999999999986,0.999999999999998,0.9999999999973788,0.9999999999964897,0.9999999981849199,0.9999999976662282,0.9999995246884159,0.9999994130243572,0.9999524896206018,0.9999436205684874,0.9981598579290323,0.9978999612227029,0.9716562727104066,0.968846416139463,128.58333333333334,-17.66666666666667,-10.450000000000003,22,180,1.0,1.0,1.0,1.0,1.0,1.0,1.0,1.0,1.0,1.0,1.0,0.995,0.995,0.979,0.979
WAS,Washington Commanders,DEF,WAS,677.8,999.0,999.0,75.0,75.0,1.0,,,,,,,,,,,,75.0,defwas,,,468.0,387.67,54.1,340.0,502.0,12.0,DST32,7.0,Washington Commanders,,,,,,,,,,,,,,75.0,32.0,63.0,69.0,False,False,677.8,75.12799999999999,1.0,1.0,1.0,1.0,1.0,0.9999999999999997,0.9999999999999996,0.9999999999999954,0.9999999999999949,0.9999999999999463,0.9999999999999405,0.9999999999994276,0.9999999999993696,0.9999999999944862,0.9999999999939535,87.0,-18.0,-17.166666666666657,28,181,1.0,1.0,1.0,1.0,1.0,1.0,1.0,1.0,1.0,1.0,1.0,1.0,1.0,1.0,1.0
13417,De'Zhaun Stribling,WR,SF,112.7,137.8,213.9,105.4,128.4,18.0,,,,,,,46.0,,584.0,4.0,,105.4,dezhaunstribling,28138.0,00-0041035,114.0,115.5,24.16,65.0,205.0,6.0,WR47,8.0,De'Zhaun Stribling,124.6,12.6,226.0,,,,,,Questionable,Shoulder,23.0,0.0,3.0,105.4,47.0,135.43333333333334,120.41666666666667,False,False,112.7,12.967,1.0,0.9999999999969863,0.9999999999948369,0.9999997523806907,0.9999996308905137,0.9992567243974056,0.9990329760740834,0.907653671998119,0.894226924598942,0.29999735747396616,0.2737445326404033,0.008768289750466729,0.0070957526881954,1.1888161027817645e-05,8.416248763021272e-06,138.98333333333332,-18.56666666666665,-17.016666666666666,55,182,1.0,1.0,1.0,1.0,1.0,0.999,0.999,0.892,0.887,0.004,0.001,0.0,0.0,0.0,0.0
10955,Chad Ryland,K,ARI,653.7,350.0,324.0,89.0,89.0,18.0,,,,,,,,,,,,89.0,chadryland,25354.0,00-0038567,441.0,299.57,68.18,216.0,379.0,12.0,K25,14.0,Chad Ryland,,,,17.0,0.0,0.0,0.0,0.0,,,26.0,3.0,1.0,89.0,26.0,81.0,85.0,False,False,653.7,72.477,1.0,1.0,1.0,1.0,1.0,0.9999999999999996,0.9999999999999994,0.9999999999999933,0.9999999999999925,0.9999999999999151,0.9999999999999059,0.9999999999990352,0.9999999999989349,0.9999999999901572,0.9999999999891822,104.16666666666666,-19.166666666666657,-17.833333333333343,21,183,1.0,1.0,1.0,1.0,1.0,1.0,1.0,1.0,1.0,1.0,1.0,1.0,1.0,1.0,1.0
4892,Baker Mayfield,QB,TB,164.7,143.5,143.6,274.88,274.88,18.0,3682.0,26.0,13.0,63.0,306.0,2.0,,,,,4.0,272.88,bakermayfield,17237.0,00-0034855,124.0,125.75,17.99,89.0,220.0,6.0,QB19,10.0,Baker Mayfield,134.5,13.7,33.0,17.0,278.92,16.40705882352941,0.0,55.0,,,31.0,8.0,1.0,272.88,19.0,273.0733333333333,272.9766666666667,False,False,164.7,18.686999999999998,1.0,0.9999999999999792,0.9999999999999687,0.9999999998214819,0.9999999997485974,0.9999996940522632,0.9999995970046813,0.9998935133870186,0.9998686734532436,0.9922139679766212,0.9909917944991734,0.8717030593906231,0.8601437424321066,0.44044669338895404,0.4194307690568406,292.1733333333334,-19.196666666666715,-6.25333333333333,19,184,1.0,1.0,1.0,1.0,1.0,1.0,1.0,1.0,1.0,1.0,1.0,0.944,0.944,0.661,0.65
LV,Las Vegas Raiders,DEF,LV,686.9,279.3,275.0,65.0,65.0,1.0,,,,,,,,,,,,65.0,deflv,,,447.0,323.86,59.1,232.0,384.0,12.0,DST29,13.0,Las Vegas Raiders,,,,,,,,,,,,,,65.0,28.0,69.0,67.0,False,False,686.9,76.12899999999999,1.0,1.0,1.0,1.0,1.0,0.9999999999999997,0.9999999999999997,0.999999999999996,0.9999999999999956,0.9999999999999545,0.9999999999999496,0.9999999999995262,0.9999999999994786,0.9999999999955306,0.9999999999951028,87.0,-20.0,-19.166666666666657,29,185,1.0,1.0,1.0,1.0,1.0,1.0,1.0,1.0,1.0,1.0,1.0,1.0,1.0,1.0,1.0
4195,Jake Elliott,K,PHI,693.4,215.0,231.9,90.0,90.0,18.0,,,,,,,,,,,,90.0,jakeelliott,16540.0,00-0033787,338.0,299.83,36.68,193.0,369.0,10.0,K19,10.0,Jake Elliott,,,,17.0,0.0,0.0,0.0,0.0,,,31.0,9.0,1.0,90.0,27.0,78.0,84.0,False,False,693.4,76.844,1.0,1.0,1.0,1.0,1.0,0.9999999999999998,0.9999999999999997,0.9999999999999964,0.999999999999996,0.9999999999999594,0.9999999999999551,0.9999999999995848,0.9999999999995436,0.9999999999961422,0.9999999999957756,104.16666666666666,-20.166666666666657,-18.833333333333343,22,186,1.0,1.0,1.0,1.0,1.0,1.0,1.0,1.0,1.0,1.0,1.0,1.0,1.0,1.0,1.0
4199,Aaron Jones,RB,MIN,117.3,127.5,84.7,120.1,137.1,18.0,,,,131.0,563.0,3.0,34.0,,248.0,1.0,1.0,120.10000000000001,aaronjones,16673.0,00-0033293,120.0,119.27,13.37,72.0,152.0,6.0,RB41,6.0,Aaron Jones Sr.,101.5,17.6,41.0,12.0,104.7,8.725,41.0,132.0,,,31.0,9.0,1.0,120.10000000000001,41.0,116.53333333333335,118.31666666666668,False,False,117.3,13.473,1.0,0.9999999999983236,0.9999999999971678,0.9999998894914781,0.9999998359177795,0.9996623199989116,0.9995581749992082,0.9471741874351283,0.9386850450534789,0.4351452338148618,0.4061297817104069,0.025909762925637736,0.021751275204621057,9.728259571684106e-05,7.229172508349535e-05,138.58039215686273,-20.26372549019605,0.0,40,187,1.0,1.0,1.0,1.0,1.0,1.0,1.0,0.962,0.961,0.07,0.045,0.002,0.002,0.0,0.0
12185,Spencer Shrader,K,IND,593.1,378.0,355.0,75.0,75.0,18.0,,,,,,,,,,,,75.0,spencershrader,,00-0039576,402.0,282.64,44.19,229.0,368.0,11.0,K22,13.0,Spencer Shrader,,,,5.0,0.0,0.0,0.0,0.0,,,27.0,2.0,1.0,75.0,22.0,92.33333333333333,83.66666666666666,False,False,593.1,65.81099999999999,1.0,1.0,1.0,1.0,1.0,0.9999999999999989,0.9999999999999987,0.99999999999998,0.9999999999999776,0.9999999999996908,0.9999999999996544,0.9999999999958038,0.9999999999953354,0.9999999999500175,0.9999999999447386,104.16666666666666,-20.5,-19.166666666666686,23,188,1.0,1.0,1.0,1.0,1.0,1.0,1.0,1.0,1.0,1.0,1.0,1.0,1.0,1.0,1.0
13545,Trey Smack,K,GB,197.2,195.8,330.0,70.0,70.0,18.0,,,,,,,,,,,,70.0,treysmack,,,371.0,276.13,48.25,215.0,382.0,11.0,K21,11.0,Trey Smack,168.0,22.2,5.0,,,,,,,,23.0,0.0,1.0,70.0,20.0,96.66666666666667,83.33333333333334,False,False,197.2,22.262,1.0,0.9999999999999969,0.9999999999999957,0.9999999999911879,0.9999999999880156,0.9999999918075448,0.9999999893731274,0.999997541786549,0.9999969573408239,0.9997587177689286,0.9997148217077791,0.9920713223939039,0.9910398936548614,0.9089164132757399,0.9013343872981573,104.16666666666666,-20.833333333333314,-19.5,24,189,1.0,1.0,1.0,1.0,1.0,1.0,1.0,1.0,1.0,1.0,1.0,0.996,0.996,0.959,0.958
ARI,Arizona Cardinals,DEF,ARI,699.2,273.0,269.0,66.0,66.0,1.0,,,,,,,,,,,,66.0,defari,,,462.0,339.33,73.53,180.0,398.0,12.0,DST31,14.0,Arizona Cardinals,,,,,,,,,,,,,,66.0,29.0,66.0,66.0,False,False,699.2,77.482,1.0,1.0,1.0,1.0,1.0,0.9999999999999998,0.9999999999999998,0.9999999999999967,0.9999999999999963,0.9999999999999634,0.9999999999999596,0.9999999999996304,0.9999999999995939,0.9999999999966105,0.9999999999962903,87.0,-21.0,-20.166666666666657,30,190,1.0,1.0,1.0,1.0,1.0,1.0,1.0,1.0,1.0,1.0,1.0,1.0,1.0,1.0,1.0
10219,Chris Rodriguez,RB,JAX,128.8,141.9,142.5,125.0,132.5,18.0,,,,171.0,728.0,6.0,15.0,,107.0,,1.0,125.0,chrisrodriguez,22986.0,00-0038611,122.0,122.81,18.58,78.0,224.0,6.0,RB42,7.0,Chris Rodriguez Jr.,157.4,18.4,31.0,12.0,90.5,7.541666666666667,4.0,112.0,,,26.0,3.0,2.0,125.0,42.0,110.10000000000001,117.55000000000001,False,False,128.8,14.738000000000001,1.0,0.9999999999995494,0.9999999999992631,0.9999999826945933,0.9999999746018722,0.99994944420071,0.9999332895801212,0.9880727726398899,0.9857962874203654,0.7359868805213812,0.7133404479361249,0.1592799480164313,0.14337610351303764,0.004321453029489719,0.003533007438063729,138.58039215686273,-21.030392156862717,-0.7666666666666657,41,191,1.0,1.0,1.0,1.0,1.0,1.0,1.0,0.995,0.995,0.403,0.359,0.079,0.065,0.0,0.0
8136,Rachaad White,RB,WAS,125.7,140.3,124.8,111.1,128.1,18.0,,,,114.0,468.0,3.0,34.0,,253.0,1.0,1.0,111.10000000000001,rachaadwhite,23891.0,00-0037256,111.0,113.16,15.27,72.0,189.0,6.0,RB39,7.0,Rachaad White,128.0,16.2,30.0,17.0,123.0,7.235294117647059,45.0,132.0,Questionable,Undisclosed,27.0,4.0,2.0,111.10000000000001,39.0,123.56666666666666,117.33333333333334,False,False,125.7,14.397,1.0,0.9999999999993703,0.9999999999989617,0.999999972088137,0.9999999588992092,0.9999166164771083,0.999890149290306,0.9820323707912688,0.9787300963391405,0.6666368415139379,0.6410199303394224,0.10816077481827169,0.09580559545168388,0.0018457764481398797,0.0014752835641476114,138.58039215686273,-21.247058823529386,-0.9833333333333343,42,192,1.0,1.0,1.0,1.0,1.0,1.0,1.0,0.993,0.993,0.306,0.27,0.044,0.032,0.0,0.0
12493,Oronde Gadsden,TE,LAC,175.3,154.9,83.1,113.8,141.8,18.0,,,,,,,56.0,,618.0,4.0,,113.80000000000001,orondegadsden,25997.0,00-0040189,190.0,214.32,36.33,141.0,342.0,8.0,TE25,7.0,Oronde Gadsden II,,,,15.0,106.9,7.126666666666667,69.0,0.0,,,23.0,1.0,1.0,113.80000000000001,26.0,98.90000000000002,106.35000000000002,False,False,175.3,19.853,1.0,0.9999999999999897,0.9999999999999847,0.9999999999391971,0.9999999999153832,0.999999914521748,0.9999998878966727,0.999970844510434,0.999963938810889,0.9975279872269158,0.9971124797303736,0.9453970956702803,0.9395974089543156,0.6527987958604392,0.6340192631385557,128.58333333333334,-22.23333333333332,-15.016666666666652,23,193,1.0,1.0,1.0,1.0,1.0,1.0,1.0,1.0,1.0,1.0,1.0,0.891,0.891,0.502,0.491
12545,Tyler Shough,QB,NO,185.5,183.0,147.5,270.94,270.94,18.0,3666.0,22.0,12.0,84.0,343.0,3.0,,,,,3.0,268.94,tylershough,23096.0,00-0040743,132.0,132.32,21.13,98.0,253.0,6.0,QB20,8.0,Tyler Shough,142.2,8.1,16.0,11.0,161.96,14.723636363636365,0.0,45.0,,,26.0,1.0,1.0,268.94,20.0,270.6466666666667,269.79333333333335,False,False,185.5,20.975,1.0,0.9999999999999943,0.9999999999999918,0.9999999999763605,0.9999999999674614,0.999999972608193,0.9999999642511105,0.9999910993682419,0.9999889796327454,0.9991741049221874,0.9990288866192536,0.9773782647543583,0.9746912265037337,0.8045991771428289,0.7911703149027248,292.1733333333334,-22.380000000000052,-9.436666666666667,20,194,1.0,1.0,1.0,1.0,1.0,1.0,1.0,1.0,1.0,1.0,1.0,0.987,0.987,0.923,0.923
NYJ,New York Jets,DEF,NYJ,690.0,282.2,278.0,64.0,64.0,1.0,,,,,,,,,,,,64.0,defnyj,,,455.0,356.29,88.38,181.0,503.0,12.0,DST30,13.0,New York Jets,,,,,,,,,,,,,,64.0,31.0,63.666666666666664,63.83333333333333,False,False,690.0,76.47,1.0,1.0,1.0,1.0,1.0,0.9999999999999998,0.9999999999999997,0.9999999999999962,0.9999999999999958,0.9999999999999569,0.9999999999999524,0.9999999999995552,0.9999999999995108,0.9999999999958347,0.9999999999954374,87.0,-23.16666666666667,-22.33333333333333,31,195,1.0,1.0,1.0,1.0,1.0,1.0,1.0,1.0,1.0,1.0,1.0,1.0,1.0,1.0,1.0
MIA,Miami Dolphins,DEF,MIA,685.0,299.0,299.0,62.0,62.0,1.0,,,,,,,,,,,,62.0,defmia,,,440.0,345.25,37.11,287.0,399.0,12.0,DST28,6.0,Miami Dolphins,,,,,,,,,,,,,,62.0,30.0,65.0,63.5,False,False,685.0,75.91999999999999,1.0,1.0,1.0,1.0,1.0,0.9999999999999997,0.9999999999999997,0.9999999999999959,0.9999999999999954,0.9999999999999528,0.9999999999999478,0.9999999999995073,0.9999999999994578,0.999999999995332,0.9999999999948845,87.0,-23.5,-22.666666666666657,32,196,1.0,1.0,1.0,1.0,1.0,1.0,1.0,1.0,1.0,1.0,1.0,1.0,1.0,1.0,1.0
8161,Malik Willis,QB,MIA,203.3,209.3,139.9,270.12,270.12,18.0,2848.0,17.0,9.0,125.0,712.0,5.0,,,,,2.0,270.12,malikwillis,23499.0,00-0038128,135.0,135.64,28.46,102.0,299.0,6.0,QB21,6.0,Malik Willis,161.4,13.1,26.0,4.0,51.18,12.795,0.0,22.0,,,27.0,4.0,1.0,270.12,21.0,266.59999999999997,268.36,False,False,203.3,22.933000000000003,1.0,0.9999999999999978,0.9999999999999969,0.9999999999945355,0.9999999999926128,0.9999999954627019,0.9999999941338527,0.9999987033248281,0.9999983960938463,0.9998709686690559,0.9998472067150841,0.9954409756037685,0.994826184973306,0.9407462880474879,0.9354252014755418,292.1733333333334,-23.81333333333339,-10.870000000000005,21,197,1.0,1.0,1.0,1.0,1.0,1.0,1.0,1.0,1.0,1.0,1.0,0.998,0.998,0.984,0.984
650,Nick Folk,K,ATL,628.2,285.5,249.0,95.0,95.0,18.0,,,,,,,,,,,,95.0,nickfolk,9491.0,00-0025565,449.0,334.57,38.78,248.0,371.0,12.0,K27,11.0,Nick Folk,,,,16.0,0.0,0.0,0.0,0.0,,,41.0,19.0,1.0,95.0,31.0,65.66666666666667,80.33333333333334,False,False,628.2,69.672,1.0,1.0,1.0,1.0,1.0,0.9999999999999993,0.9999999999999992,0.9999999999999896,0.9999999999999885,0.9999999999998576,0.9999999999998415,0.9999999999982606,0.9999999999980743,0.9999999999810947,0.9999999999791713,104.16666666666666,-23.833333333333314,-22.5,25,198,1.0,1.0,1.0,1.0,1.0,1.0,1.0,1.0,1.0,1.0,1.0,1.0,1.0,1.0,1.0
6528,Joey Slye,K,TEN,631.1,351.0,325.0,84.0,84.0,18.0,,,,,,,,,,,,84.0,joeyslye,19028.0,00-0035192,446.0,321.71,60.34,214.0,386.0,12.0,K26,9.0,Joey Slye,,,,16.0,0.0,0.0,0.0,0.0,,,30.0,7.0,1.0,84.0,29.0,73.0,78.5,False,False,631.1,69.991,1.0,1.0,1.0,1.0,1.0,0.9999999999999993,0.9999999999999993,0.9999999999999901,0.9999999999999889,0.9999999999998659,0.9999999999998509,0.9999999999983766,0.9999999999982034,0.9999999999824851,0.9999999999807088,104.16666666666666,-25.666666666666657,-24.333333333333343,26,199,1.0,1.0,1.0,1.0,1.0,1.0,1.0,1.0,1.0,1.0,1.0,1.0,1.0,1.0,1.0
8676,Rashid Shaheed,WR,SEA,149.7,151.9,161.9,115.6,138.1,18.0,,,,8.0,46.0,,45.0,,665.0,4.0,1.0,115.6,rashidshaheed,24687.0,00-0037545,140.0,144.36,17.49,106.0,208.0,7.0,WR56,11.0,Rashid Shaheed,117.7,8.8,45.0,18.0,115.10000000000001,6.394444444444445,92.0,9.0,,,28.0,4.0,2.0,115.6,56.0,110.46666666666665,113.03333333333333,False,False,149.7,17.037,1.0,0.9999999999999356,0.9999999999998999,0.999999999005536,0.9999999985750019,0.9999977838758958,0.999997069106026,0.9992669499178168,0.9991037411676587,0.9618535345764425,0.9567279936088433,0.6420388232645975,0.6198999588407978,0.14806120228833075,0.1349092429228329,138.98333333333332,-25.94999999999999,-24.400000000000006,56,200,1.0,1.0,1.0,1.0,1.0,1.0,1.0,0.999,0.999,0.862,0.856,0.656,0.645,0.042,0.028
11058,Blake Grupe,K,NYJ,689.4,999.0,999.0,99.0,99.0,18.0,,,,,,,,,,,,99.0,blakegrupe,25533.0,00-0038905,481.0,338.8,54.52,279.0,424.0,12.0,K29,13.0,Blake Grupe,,,,16.0,0.0,0.0,0.0,0.0,,,27.0,3.0,1.0,99.0,32.0,54.333333333333336,76.66666666666667,False,False,689.4,76.404,1.0,1.0,1.0,1.0,1.0,0.9999999999999998,0.9999999999999997,0.9999999999999962,0.9999999999999958,0.9999999999999565,0.9999999999999518,0.9999999999995497,0.9999999999995048,0.9999999999957777,0.9999999999953747,104.16666666666666,-27.499999999999986,-26.16666666666667,27,201,1.0,1.0,1.0,1.0,1.0,1.0,1.0,1.0,1.0,1.0,1.0,1.0,1.0,1.0,1.0
7600,Pat Freiermuth,TE,PIT,230.3,239.9,999.0,102.9,128.4,18.0,,,,,,,51.0,,534.0,4.0,,102.9,patfreiermuth,20163.0,00-0036894,197.0,222.0,30.72,137.0,310.0,8.0,TE27,9.0,Pat Freiermuth,,,,15.0,93.1,6.206666666666666,54.0,0.0,,,27.0,5.0,1.0,102.9,27.0,94.10000000000001,98.5,False,False,230.3,25.903000000000002,1.0,0.9999999999999993,0.9999999999999991,0.9999999999991499,0.9999999999988787,0.9999999995621597,0.9999999994423119,0.999999902493969,0.9999998800533031,0.9999905496669239,0.9999887686782892,0.999597344995949,0.9995374340207885,0.9923337721692697,0.9914795487232873,128.58333333333334,-30.083333333333343,-22.866666666666674,24,202,1.0,1.0,1.0,1.0,1.0,1.0,1.0,1.0,1.0,1.0,1.0,0.997,0.997,0.993,0.993
12487,Terrance Ferguson,TE,LAR,203.9,207.8,141.1,82.8,100.3,18.0,,,,,,,35.0,,413.0,4.0,,82.80000000000001,terranceferguson,23091.0,00-0040737,172.0,181.29,39.06,109.0,279.0,7.0,TE22,11.0,Terrance Ferguson,173.0,23.7,8.0,11.0,46.6,4.236363636363636,25.0,1.0,Questionable,Undisclosed,23.0,1.0,1.0,82.80000000000001,21.0,113.30000000000001,98.05000000000001,False,False,203.9,22.999000000000002,1.0,0.9999999999999978,0.9999999999999969,0.9999999999947797,0.9999999999929472,0.9999999957131216,0.9999999944594313,0.9999987810065132,0.9999984923014321,0.999878594121645,0.9998562135253972,0.9956828110772886,0.9950987719154085,0.9432525062936323,0.9381219385906794,128.58333333333334,-30.53333333333333,-23.316666666666663,25,203,1.0,1.0,1.0,1.0,1.0,1.0,1.0,1.0,1.0,1.0,1.0,0.991,0.991,0.938,0.937
13346,Denzel Boston,WR,CLE,171.1,171.5,153.3,108.2,134.7,18.0,,,,2.0,13.0,,53.0,,624.0,3.0,,108.2,denzelboston,27339.0,00-0041037,149.0,158.28,26.95,109.0,316.0,7.0,WR58,11.0,Denzel Boston,137.1,8.5,22.0,,,,,,,,22.0,0.0,3.0,108.2,58.0,106.7666666666667,107.48333333333335,False,False,171.1,19.391,1.0,0.9999999999999865,0.9999999999999799,0.9999999999079744,0.9999999998713347,0.9999998599769668,0.9999998160253275,0.9999516479225675,0.999940249016917,0.9961048796830991,0.9954657110719853,0.9226812966958087,0.9149325390875309,0.573641610132195,0.5533314584534551,138.98333333333332,-31.49999999999997,-29.94999999999999,57,204,1.0,1.0,1.0,1.0,1.0,1.0,1.0,1.0,1.0,0.982,0.982,0.948,0.947,0.613,0.575
8172,Greg Dulcich,TE,MIA,242.8,229.7,999.0,87.4,110.9,18.0,,,,,,,47.0,,459.0,3.0,,87.4,gregdulcich,23153.0,00-0037252,244.0,208.03,41.76,129.0,353.0,9.0,TE30,6.0,Greg Dulcich,,,,9.0,49.8,5.533333333333333,33.0,1.0,,,26.0,4.0,1.0,87.4,24.0,104.73333333333333,96.06666666666666,False,False,242.8,27.278000000000002,1.0,0.9999999999999996,0.9999999999999993,0.9999999999995954,0.9999999999994718,0.9999999998304803,0.9999999997855449,0.9999999666713797,0.9999999591416316,0.9999969098597423,0.9999963279936877,0.9998638377126471,0.9998431021630021,0.9971140544589675,0.9967732870469526,128.58333333333334,-32.51666666666668,-25.30000000000001,26,205,1.0,1.0,1.0,1.0,1.0,1.0,1.0,1.0,1.0,1.0,1.0,1.0,1.0,0.997,0.997
4943,Sam Darnold,QB,SEA,181.6,163.5,168.4,262.74,262.74,18.0,3676.0,26.0,12.0,44.0,157.0,2.0,,,,,3.0,260.74,samdarnold,17236.0,00-0034869,141.0,151.25,25.11,117.0,301.0,7.0,QB22,11.0,Sam Darnold,152.7,9.0,23.0,17.0,245.42000000000002,14.436470588235295,0.0,35.0,,,29.0,8.0,1.0,260.74,22.0,258.5,259.62,False,False,181.6,20.546,1.0,0.9999999999999929,0.9999999999999897,0.9999999999664091,0.9999999999535719,0.9999999580902363,0.9999999451982136,0.9999860889102109,0.9999827798840316,0.9987464621363789,0.9985293875789029,0.968157274691809,0.9645177275949595,0.7537269816295012,0.7381308985845825,292.1733333333334,-32.5533333333334,-19.610000000000014,22,206,1.0,1.0,1.0,1.0,1.0,1.0,1.0,1.0,1.0,0.999,0.999,0.991,0.991,0.902,0.901
12502,Gunnar Helm,TE,TEN,244.1,233.1,152.6,101.8,130.3,18.0,,,,,,,57.0,,553.0,3.0,,101.80000000000001,gunnarhelm,27109.0,00-0040584,194.0,223.14,24.51,149.0,267.0,8.0,TE26,9.0,Gunnar Helm,,,,16.0,69.7,4.35625,55.0,0.0,,,24.0,1.0,1.0,101.80000000000001,28.0,89.03333333333335,95.41666666666669,False,False,244.1,27.421,1.0,0.9999999999999996,0.9999999999999994,0.9999999999996241,0.9999999999995097,0.99999999984575,0.9999999998049989,0.999999970067555,0.9999999633189229,0.9999972396778831,0.9999967201147041,0.9998781165640829,0.9998595210820689,0.9973927828983273,0.9970833809872615,128.58333333333334,-33.16666666666666,-25.94999999999999,27,207,1.0,1.0,1.0,1.0,1.0,1.0,1.0,1.0,1.0,1.0,1.0,0.999,0.999,0.991,0.991
9504,Kayshon Boutte,WR,HOU,176.5,196.3,164.2,104.7,125.2,18.0,,,,,,,41.0,,602.0,4.0,,104.7,kayshonboutte,22989.0,00-0038608,158.0,168.42,23.43,122.0,276.0,7.0,WR61,8.0,Kayshon Boutte,150.1,14.6,21.0,14.0,107.6,7.685714285714285,46.0,0.0,,,24.0,3.0,2.0,104.7,60.0,105.16666666666667,104.93333333333334,False,False,176.5,19.985,1.0,0.9999999999999905,0.9999999999999858,0.9999999999458338,0.9999999999247184,0.9999999255604846,0.999999902427015,0.9999747217991157,0.999968728146657,0.9978286953761721,0.997461455734373,0.9506550504555737,0.9453337852830013,0.67376653963316,0.6555322989351768,138.98333333333332,-34.04999999999998,-32.5,58,208,1.0,1.0,1.0,1.0,1.0,1.0,1.0,1.0,1.0,0.988,0.987,0.966,0.965,0.702,0.681
11618,Jalen McMillan,WR,TB,212.7,209.4,165.4,105.4,127.4,18.0,,,,6.0,33.0,,44.0,,561.0,4.0,,105.4,jalenmcmillan,23179.0,00-0039855,161.0,176.56,28.16,131.0,299.0,7.0,WR63,10.0,Jalen McMillan,132.2,8.7,37.0,4.0,23.900000000000002,5.9750000000000005,15.0,1.0,Questionable,Calf,24.0,2.0,3.0,105.4,62.0,104.06666666666668,104.73333333333335,False,False,212.7,23.967,1.0,0.9999999999999986,0.999999999999998,0.999999999997265,0.9999999999963354,0.9999999980857077,0.9999999975378462,0.9999994959665011,0.999999377483996,0.9999496046032779,0.9999402028380813,0.9980572031007521,0.9977834642711043,0.9703475688471499,0.9674231789089853,138.98333333333332,-34.24999999999997,-32.69999999999999,59,209,1.0,1.0,1.0,1.0,1.0,1.0,1.0,0.999,0.999,0.999,0.999,0.997,0.997,0.986,0.986
10213,Tre Tucker,WR,LV,182.7,202.7,187.5,102.9,125.9,18.0,,,,7.0,37.0,,46.0,,582.0,3.0,,102.9,tretucker,25337.0,00-0038563,150.0,160.85,28.46,113.0,300.0,7.0,WR59,13.0,Tre Tucker,131.0,11.1,33.0,17.0,133.20000000000002,7.835294117647059,92.0,11.0,,,25.0,3.0,1.0,102.9,59.0,106.03333333333335,104.46666666666667,False,False,182.7,20.666999999999998,1.0,0.9999999999999933,0.9999999999999902,0.9999999999696148,0.999999999958052,0.9999999628724232,0.9999999514775404,0.9999877461815878,0.9999848300817628,0.9988859586041596,0.9986921645882232,0.9710691069094641,0.9677246631106619,0.7689739593637659,0.753985635033537,138.98333333333332,-34.51666666666665,-32.96666666666667,60,210,1.0,1.0,1.0,1.0,1.0,1.0,1.0,1.0,1.0,0.995,0.995,0.986,0.986,0.813,0.8
13330,Kenyon Sadiq,TE,NYJ,192.0,173.4,108.5,80.2,100.2,18.0,,,,2.0,7.0,,40.0,,415.0,3.0,,80.2,kenyonsadiq,26055.0,00-0041032,180.0,212.03,34.41,140.0,374.0,8.0,TE24,13.0,Kenyon Sadiq,,,,,,,,,Questionable,Abdomen,21.0,0.0,2.0,80.2,25.0,101.26666666666667,90.73333333333333,False,False,192.0,21.69,1.0,0.999999999999996,0.9999999999999942,0.9999999999864988,0.9999999999815417,0.9999999861634911,0.9999999820023081,0.9999956875507754,0.9999946605772594,0.9995849442474838,0.9995104247510649,0.9873258659297706,0.9857360424804817,0.870667643119689,0.8606953217417043,128.58333333333334,-37.85000000000001,-30.63333333333334,28,211,1.0,1.0,1.0,1.0,1.0,1.0,1.0,1.0,1.0,1.0,1.0,0.968,0.968,0.829,0.823
5119,Jason Sanders,K,NYJ,582.2,999.0,999.0,34.0,34.0,18.0,,,,,,,,,,,,34.0,jasonsanders,17533.0,00-0034794,678.0,272.5,107.5,165.0,380.0,14.0,K37,13.0,Jason Sanders,,,,,,,,,,,30.0,8.0,,34.0,19.0,98.33333333333333,66.16666666666666,False,False,582.2,64.612,1.0,1.0,1.0,1.0,1.0,0.9999999999999987,0.9999999999999984,0.9999999999999751,0.999999999999972,0.9999999999996001,0.9999999999995524,0.999999999994384,0.9999999999937488,0.9999999999311033,0.9999999999237412,104.16666666666666,-38.0,-36.666666666666686,28,212,1.0,1.0,1.0,1.0,1.0,1.0,1.0,1.0,1.0,1.0,1.0,1.0,1.0,1.0,1.0
8111,Cade Otton,TE,TB,246.0,233.1,147.5,95.8,122.3,18.0,,,,,,,53.0,,513.0,3.0,,95.80000000000001,cadeotton,23181.0,00-0038129,198.0,231.5,28.17,129.0,319.0,8.0,TE28,10.0,Cade Otton,,,,15.0,92.7,6.180000000000001,81.0,0.0,,,27.0,4.0,1.0,95.80000000000001,29.0,84.7,90.25,False,False,246.0,27.63,1.0,0.9999999999999996,0.9999999999999994,0.999999999999662,0.9999999999995599,0.9999999998654414,0.9999999998300659,0.9999999743835903,0.9999999686255303,0.9999976567865438,0.9999972160192756,0.9998962621760017,0.9998803949170672,0.997752193218173,0.9974835635834102,128.58333333333334,-38.33333333333334,-31.116666666666674,29,213,1.0,1.0,1.0,1.0,1.0,1.0,1.0,1.0,1.0,1.0,1.0,0.997,0.997,0.993,0.993
6783,Jerry Jeudy,WR,CLE,211.0,185.9,159.5,98.1,119.6,18.0,,,,1.0,5.0,,43.0,,581.0,3.0,,98.1,jerryjeudy,19201.0,00-0036407,168.0,179.4,27.27,126.0,295.0,7.0,WR66,11.0,Jerry Jeudy,127.8,7.8,15.0,17.0,95.7,5.629411764705883,106.0,1.0,,,27.0,6.0,1.0,98.1,63.0,101.86666666666667,99.98333333333333,False,False,211.0,23.78,1.0,0.9999999999999984,0.9999999999999978,0.9999999999969119,0.9999999999958559,0.9999999977715172,0.9999999971310375,0.9999994041803364,0.9999992638920474,0.999940401361553,0.9999293036059681,0.9977338343802722,0.9974167706137016,0.9663202869206196,0.9630487198142641,138.98333333333332,-38.999999999999986,-37.45,61,214,1.0,1.0,1.0,1.0,1.0,1.0,1.0,1.0,1.0,0.999,0.999,0.998,0.998,0.98,0.98
8180,Jalen Nailor,WR,LV,169.9,184.4,197.3,107.6,130.6,18.0,,,,3.0,19.0,,46.0,,587.0,4.0,,107.60000000000001,jalennailor,24177.0,00-0037291,166.0,186.72,30.66,120.0,285.0,7.0,WR64,13.0,Jalen Nailor,150.3,7.9,12.0,17.0,84.2,4.952941176470588,53.0,2.0,,,27.0,4.0,2.0,107.60000000000001,67.0,90.13333333333334,98.86666666666667,False,False,169.9,19.259,1.0,0.9999999999999853,0.9999999999999782,0.9999999998961049,0.9999999998545445,0.9999998383223265,0.9999997874674269,0.9999440280562415,0.9999308545316912,0.9955641411314197,0.9948417231046558,0.9147794242835273,0.9063926928945385,0.5495866399741778,0.5289749043961982,138.98333333333332,-40.116666666666646,-38.56666666666666,62,215,1.0,1.0,1.0,1.0,1.0,1.0,1.0,1.0,1.0,0.986,0.986,0.948,0.948,0.541,0.504
12961,Ryan Fitzgerald,K,CAR,659.9,347.0,327.0,92.0,92.0,18.0,,,,,,,,,,,,92.0,ryanfitzgerald,,00-0040279,464.0,356.83,24.7,324.0,393.0,12.0,K28,5.0,Ryan Fitzgerald,,,,17.0,0.0,0.0,0.0,0.0,,,26.0,1.0,1.0,92.0,34.0,35.333333333333336,63.66666666666667,False,False,659.9,73.15899999999999,1.0,1.0,1.0,1.0,1.0,0.9999999999999996,0.9999999999999996,0.999999999999994,0.9999999999999932,0.9999999999999247,0.9999999999999165,0.9999999999991591,0.9999999999990723,0.9999999999915485,0.999999999990717,104.16666666666666,-40.499999999999986,-39.16666666666667,29,216,1.0,1.0,1.0,1.0,1.0,1.0,1.0,1.0,1.0,1.0,1.0,1.0,1.0,1.0,1.0
11653,Charlie Smyth,K,NO,686.7,269.0,242.0,34.0,34.0,18.0,,,,,,,,,,,,34.0,charliesmyth,,,329.0,283.17,37.39,211.0,366.0,10.0,K18,8.0,Charlie Smyth,,,,,,,,,,,25.0,2.0,,34.0,23.0,90.33333333333333,62.166666666666664,False,False,686.7,76.107,1.0,1.0,1.0,1.0,1.0,0.9999999999999997,0.9999999999999997,0.999999999999996,0.9999999999999956,0.9999999999999543,0.9999999999999495,0.9999999999995242,0.9999999999994764,0.99999999999551,0.9999999999950804,104.16666666666666,-41.99999999999999,-40.66666666666668,30,217,1.0,1.0,1.0,1.0,1.0,1.0,1.0,1.0,1.0,1.0,1.0,1.0,1.0,1.0,1.0
4233,Zane Gonzalez,K,,431.1,999.0,999.0,36.0,36.0,18.0,,,,,,,,,,,,36.0,zanegonzalez,16548.0,00-0033862,429.0,288.78,50.46,209.0,372.0,12.0,K24,,Zane Gonzalez,,,,9.0,0.0,0.0,0.0,0.0,Questionable,Undisclosed,31.0,9.0,,36.0,25.0,85.66666666666667,60.833333333333336,False,False,431.1,47.991,1.0,1.0,1.0,0.9999999999999993,0.9999999999999992,0.9999999999999664,0.9999999999999606,0.9999999999986544,0.9999999999984392,0.9999999999578957,0.999999999951658,0.9999999989686463,0.9999999988278502,0.999999980207869,0.9999999777330835,104.16666666666666,-43.33333333333332,-42.00000000000001,31,218,1.0,1.0,1.0,1.0,1.0,1.0,1.0,1.0,1.0,1.0,1.0,1.0,1.0,1.0,1.0
11610,Malik Washington,WR,MIA,179.9,177.2,999.0,107.3,131.3,18.0,,,,22.0,121.0,1.0,48.0,,472.0,3.0,,107.30000000000001,malikwashington,26314.0,00-0039880,179.0,193.38,32.31,114.0,294.0,8.0,WR72,6.0,Malik Washington,148.4,12.8,26.0,17.0,87.7,5.158823529411765,65.0,17.0,,,25.0,2.0,1.0,107.30000000000001,72.0,83.33333333333336,95.31666666666669,False,False,179.9,20.359,1.0,0.9999999999999922,0.9999999999999885,0.9999999999607028,0.9999999999455853,0.9999999493639922,0.9999999337334258,0.9999830527654732,0.9999790249632913,0.9984951569488287,0.9982364789391023,0.9631044988141184,0.9589640352181863,0.7287600655384173,0.7122428592396189,138.98333333333332,-43.66666666666663,-42.116666666666646,63,219,1.0,1.0,1.0,1.0,1.0,1.0,1.0,0.999,0.999,0.995,0.995,0.98,0.98,0.759,0.752
13276,Omar Cooper,WR,NYJ,195.3,193.7,150.9,104.6,127.1,18.0,,,,3.0,14.0,,45.0,,567.0,4.0,,104.60000000000001,omarcooper,28127.0,00-0041511,175.0,190.56,31.66,130.0,318.0,7.0,WR68,13.0,Omar Cooper Jr.,,,,,,,,,,,22.0,0.0,3.0,104.60000000000001,70.0,85.73333333333333,95.16666666666667,False,False,195.3,22.053,1.0,0.9999999999999967,0.9999999999999952,0.9999999999897232,0.999999999985997,0.999999990100515,0.999999987145795,0.9999969868058081,0.9999962698772984,0.9997060911613224,0.9996528609400834,0.9905851841084852,0.989375801613333,0.8962734042331669,0.8878654153524499,138.98333333333332,-43.81666666666665,-42.266666666666666,64,220,1.0,1.0,1.0,1.0,1.0,1.0,1.0,1.0,1.0,0.996,0.996,0.995,0.995,0.941,0.939
2505,Darren Waller,TE,CAR,680.2,999.0,999.0,99.1,122.6,18.0,,,,,,,47.0,,516.0,4.0,,99.1,darrenwaller,14104.0,00-0031610,308.0,254.49,36.45,172.0,341.0,10.0,TE37,5.0,Darren Waller,,,,9.0,76.7,8.522222222222222,34.0,1.0,,,33.0,11.0,1.0,99.1,33.0,70.3,84.69999999999999,False,False,680.2,75.392,1.0,1.0,1.0,1.0,1.0,0.9999999999999997,0.9999999999999996,0.9999999999999956,0.9999999999999951,0.9999999999999485,0.9999999999999432,0.9999999999994555,0.9999999999994007,0.9999999999947855,0.9999999999942832,128.58333333333334,-43.883333333333354,-36.666666666666686,30,221,,,,,,,,,,,,,,,
13968,Drew Stevens,K,WAS,653.3,629.7,999.0,74.0,74.0,18.0,,,,,,,,,,,,74.0,drewstevens,,,482.0,348.2,83.41,251.0,468.0,12.0,K30,7.0,Drew Stevens,,,,,,,,,,,22.0,0.0,1.0,74.0,33.0,44.333333333333336,59.16666666666667,False,False,653.3,72.43299999999999,1.0,1.0,1.0,1.0,1.0,0.9999999999999996,0.9999999999999994,0.9999999999999932,0.9999999999999925,0.9999999999999144,0.9999999999999051,0.9999999999990266,0.9999999999989253,0.9999999999900591,0.9999999999890741,104.16666666666666,-44.999999999999986,-43.66666666666667,32,222,1.0,1.0,1.0,1.0,1.0,1.0,1.0,1.0,1.0,1.0,1.0,1.0,1.0,1.0,1.0
12509,Tre' Harris,WR,LAC,228.2,230.5,178.7,93.4,112.9,18.0,,,,1.0,6.0,,39.0,,493.0,4.0,,93.4,treharris,26215.0,00-0040727,167.0,185.2,28.87,133.0,297.0,7.0,WR65,7.0,Tre' Harris,,,,16.0,54.4,3.4,43.0,2.0,Questionable,Undisclosed,24.0,1.0,3.0,93.4,66.0,93.56666666666666,93.48333333333333,False,False,228.2,25.672,1.0,0.9999999999999992,0.9999999999999989,0.9999999999990304,0.9999999999987188,0.9999999994825304,0.999999999340123,0.999999882360164,0.9999998552080327,0.9999885309023886,0.9999863703882312,0.9995153935760853,0.9994436484898588,0.9909714154215383,0.98997713454554,138.98333333333332,-45.499999999999986,-43.95,65,223,1.0,1.0,1.0,1.0,1.0,1.0,1.0,1.0,1.0,0.999,0.999,0.999,0.999,0.992,0.991
9758,C.J. Stroud,QB,HOU,208.7,203.9,166.3,247.82,247.82,18.0,3593.0,22.0,12.0,53.0,201.0,2.0,,,,,3.0,245.82,cjstroud,23071.0,00-0039163,142.0,154.88,25.59,111.0,300.0,7.0,QB23,8.0,C.J. Stroud,161.0,7.4,8.0,14.0,216.54,15.467142857142857,0.0,48.0,,,24.0,3.0,1.0,245.82,23.0,246.71333333333334,246.26666666666665,False,False,208.7,23.526999999999997,1.0,0.9999999999999982,0.9999999999999976,0.9999999999963511,0.9999999999950928,0.9999999972550431,0.9999999964616326,0.9999992509657554,0.9999990742353347,0.9999250963346247,0.9999111884858425,0.9972082153015435,0.9968215422239196,0.9600425019023449,0.9562444291682544,292.1733333333334,-45.90666666666675,-32.96333333333337,23,224,1.0,1.0,1.0,1.0,1.0,1.0,1.0,1.0,1.0,1.0,1.0,1.0,1.0,0.992,0.991
11625,Adonai Mitchell,WR,NYJ,221.5,231.0,162.2,80.8,98.3,18.0,,,,1.0,10.0,,35.0,,443.0,3.0,,80.80000000000001,adonaimitchell,24357.0,00-0039890,157.0,171.08,22.11,127.0,268.0,7.0,WR60,13.0,Adonai Mitchell,159.8,12.2,8.0,16.0,71.4,4.4625,74.0,1.0,,,23.0,2.0,2.0,80.80000000000001,61.0,104.90000000000002,92.85000000000002,False,False,221.5,24.935,1.0,0.999999999999999,0.9999999999999987,0.9999999999985045,0.999999999998012,0.9999999991041169,0.9999999988533284,0.9999997826953622,0.9999997321077191,0.9999784903748967,0.9999744492722309,0.9991203976559156,0.9989925555387166,0.9848302884516327,0.9832286418881357,138.98333333333332,-46.1333333333333,-44.583333333333314,66,225,1.0,1.0,1.0,1.0,1.0,1.0,1.0,1.0,1.0,1.0,1.0,1.0,1.0,0.995,0.995
11783,Ryan Flournoy,WR,DAL,231.7,230.7,198.5,97.7,121.2,18.0,,,,2.0,13.0,,47.0,,549.0,3.0,,97.7,ryanflournoy,26398.0,00-0039410,177.0,188.55,29.94,136.0,329.0,8.0,WR70,14.0,Ryan Flournoy,166.7,6.8,9.0,15.0,94.0,6.266666666666667,56.0,4.0,,,26.0,2.0,3.0,97.7,69.0,86.60000000000001,92.15,False,False,231.7,26.057,1.0,0.9999999999999993,0.9999999999999991,0.9999999999992204,0.9999999999989728,0.9999999996078182,0.9999999995008526,0.9999999138598401,0.9999998940736983,0.9999916862687702,0.9999901191899051,0.9996439621617965,0.9995908207341824,0.9931269219512996,0.9923553290380179,138.98333333333332,-46.833333333333314,-45.28333333333333,67,226,1.0,1.0,1.0,1.0,1.0,1.0,1.0,1.0,1.0,1.0,1.0,0.999,0.999,0.995,0.995
7049,Jauan Jennings,WR,MIN,230.0,212.1,123.2,86.2,105.7,18.0,,,,,,,39.0,,487.0,3.0,,86.2,jauanjennings,19590.0,00-0036259,173.0,181.37,28.12,118.0,288.0,7.0,WR67,6.0,Jauan Jennings,151.4,8.7,11.0,15.0,143.8,9.586666666666668,90.0,0.0,,,29.0,6.0,3.0,86.2,65.0,96.39999999999999,91.3,False,False,230.0,25.87,1.0,0.9999999999999993,0.999999999999999,0.9999999999991339,0.9999999999988571,0.9999999995516453,0.9999999994288251,0.9999998998571837,0.9999998768001177,0.9999902856358679,0.9999884549802576,0.9995865671069144,0.9995250950762962,0.9921523699408932,0.991279364812401,138.98333333333332,-47.68333333333332,-46.13333333333334,68,227,1.0,1.0,1.0,1.0,1.0,1.0,1.0,1.0,1.0,1.0,1.0,1.0,1.0,0.994,0.994
6083,Matt Gay,K,LV,670.4,263.3,239.0,75.0,75.0,18.0,,,,,,,,,,,,75.0,mattgay,18545.0,00-0035269,624.0,387.67,25.2,366.0,423.0,13.0,K34,13.0,Matt Gay,,,,12.0,0.0,0.0,0.0,0.0,,,32.0,7.0,1.0,75.0,36.0,34.0,54.5,False,False,670.4,74.314,1.0,1.0,1.0,1.0,1.0,0.9999999999999996,0.9999999999999996,0.9999999999999949,0.9999999999999942,0.9999999999999383,0.9999999999999317,0.9999999999993303,0.999999999999262,0.9999999999934365,0.9999999999927975,104.16666666666666,-49.66666666666666,-48.33333333333334,33,228,1.0,1.0,1.0,1.0,1.0,1.0,1.0,1.0,1.0,1.0,1.0,1.0,1.0,1.0,1.0
10937,Jake Moody,K,BAL,689.8,333.0,309.0,34.0,34.0,18.0,,,,,,,,,,,,34.0,jakemoody,24009.0,00-0038562,593.0,301.0,96.52,166.0,386.0,13.0,K32,13.0,Jake Moody,,,,9.0,0.0,0.0,0.0,0.0,,,26.0,3.0,,34.0,28.0,74.66666666666667,54.333333333333336,False,False,689.8,76.448,1.0,1.0,1.0,1.0,1.0,0.9999999999999998,0.9999999999999997,0.9999999999999962,0.9999999999999958,0.9999999999999567,0.9999999999999523,0.9999999999995535,0.9999999999995088,0.9999999999958158,0.9999999999954166,104.16666666666666,-49.83333333333332,-48.50000000000001,34,229,1.0,1.0,1.0,1.0,1.0,1.0,1.0,1.0,1.0,1.0,1.0,1.0,1.0,1.0,1.0
12474,Woody Marks,RB,HOU,134.0,147.0,104.9,74.3,83.8,18.0,,,,86.0,351.0,2.0,19.0,,137.0,1.0,1.0,74.3,woodymarks,27520.0,00-0040583,130.0,131.75,14.11,98.0,191.0,6.0,RB43,8.0,Woody Marks,134.8,20.2,37.0,16.0,133.1,8.31875,36.0,196.0,,,25.0,1.0,2.0,74.3,43.0,103.00000000000001,88.65,False,False,134.0,15.31,1.0,0.9999999999997353,0.999999999999573,0.9999999919730345,0.9999999882870698,0.9999777038272876,0.9999705259331716,0.9940432516233257,0.9928448706379278,0.8282044069790869,0.8110511904162263,0.26746121030087733,0.24641133820590633,0.014330709952566245,0.012116052233991148,138.58039215686273,-49.93039215686272,-29.66666666666667,43,230,1.0,1.0,1.0,1.0,1.0,1.0,1.0,0.993,0.993,0.592,0.551,0.196,0.177,0.0,0.0
1433,Brandon McManus,K,,673.6,680.6,999.0,36.0,36.0,18.0,,,,,,,,,,,,36.0,brandonmcmanus,13274.0,00-0029822,599.0,324.0,61.78,239.0,384.0,13.0,K33,,Brandon McManus,,,,14.0,0.0,0.0,0.0,0.0,,,34.0,13.0,,36.0,30.0,70.0,53.0,False,False,673.6,74.666,1.0,1.0,1.0,1.0,1.0,0.9999999999999996,0.9999999999999996,0.9999999999999951,0.9999999999999946,0.9999999999999418,0.9999999999999357,0.9999999999993745,0.9999999999993109,0.9999999999939153,0.999999999993325,104.16666666666666,-51.16666666666666,-49.83333333333334,35,231,1.0,1.0,1.0,1.0,1.0,1.0,1.0,1.0,1.0,1.0,1.0,1.0,1.0,1.0,1.0
9508,Tyjae Spears,RB,TEN,167.2,165.2,122.1,97.1,114.6,18.0,,,,92.0,388.0,2.0,35.0,,248.0,1.0,1.0,97.10000000000001,tyjaespears,25323.0,00-0039032,137.0,142.53,18.2,116.0,221.0,6.0,RB45,9.0,Tyjae Spears,144.6,10.1,7.0,13.0,89.2,6.861538461538462,50.0,72.0,,,25.0,3.0,2.0,97.10000000000001,48.0,74.73333333333333,85.91666666666667,False,False,167.2,18.962,1.0,0.9999999999999825,0.9999999999999738,0.9999999998628294,0.9999999998073732,0.9999997755241459,0.9999997045976072,0.9999219775297808,0.9999036922331894,0.9940577843496873,0.9931075522026684,0.8943261434125307,0.8843722709513514,0.49368855123976974,0.47267065840406786,138.58039215686273,-52.66372549019606,-32.400000000000006,44,232,1.0,1.0,1.0,1.0,1.0,1.0,1.0,1.0,1.0,0.992,0.992,0.965,0.963,0.572,0.53
1479,Keenan Allen,WR,IND,178.0,201.7,204.9,84.8,106.8,18.0,,,,,,,44.0,,448.0,3.0,,84.80000000000001,keenanallen,11616.0,00-0030279,176.0,186.76,43.66,118.0,298.0,8.0,WR69,13.0,Keenan Allen,145.3,11.3,19.0,17.0,142.2,8.36470588235294,122.0,0.0,,,34.0,13.0,3.0,84.80000000000001,68.0,87.73333333333333,86.26666666666668,False,False,178.0,20.150000000000002,1.0,0.9999999999999912,0.9999999999999871,0.99999999995304,0.9999999999348406,0.9999999372710373,0.999999917833875,0.9999788270551155,0.9999738010040917,0.9981532988489582,0.9978386404549651,0.9565662969564297,0.9517968252363991,0.6988485924916443,0.6813452961092434,138.98333333333332,-52.71666666666664,-51.16666666666666,69,233,1.0,1.0,1.0,1.0,1.0,1.0,1.0,1.0,1.0,0.989,0.989,0.97,0.97,0.737,0.721
13281,Jordyn Tyson,WR,NO,119.7,115.3,62.4,90.5,111.0,18.0,,,,1.0,6.0,,41.0,,514.0,3.0,,90.5,jordyntyson,26035.0,00-0041029,147.0,144.98,29.89,88.0,261.0,7.0,WR57,8.0,Jordyn Tyson,,,,,,,,,IR,Hamstring,22.0,0.0,10.0,63.88235294117647,57.0,107.7,85.79117647058824,False,False,119.7,13.737,1.0,0.9999999999987472,0.9999999999978986,0.9999999263401491,0.9999998908755964,0.9997749096171524,0.9997047881800274,0.9609370912544906,0.9543777770814326,0.5058080830869249,0.4767799728796597,0.04158809616662795,0.035510494113602964,0.000251031340727792,0.0001908310707308125,138.98333333333332,-53.19215686274508,-51.6421568627451,70,234,1.0,1.0,1.0,1.0,1.0,0.999,0.999,0.956,0.956,0.06,0.035,0.003,0.002,0.0,0.0
4993,Mike Gesicki,TE,CIN,659.6,999.0,999.0,83.9,104.9,18.0,,,,,,,42.0,,449.0,3.0,,83.9,mikegesicki,17272.0,00-0034829,301.0,263.23,32.82,141.0,354.0,10.0,TE36,6.0,Mike Gesicki,,,,12.0,56.7,4.7250000000000005,42.0,0.0,,,30.0,8.0,1.0,83.9,34.0,66.10000000000001,75.0,False,False,659.6,73.12599999999999,1.0,1.0,1.0,1.0,1.0,0.9999999999999996,0.9999999999999996,0.9999999999999939,0.9999999999999932,0.9999999999999243,0.9999999999999161,0.9999999999991535,0.9999999999990661,0.9999999999914866,0.9999999999906485,128.58333333333334,-53.58333333333334,-46.366666666666674,31,235,,,,,,,,,,,,,,,
13305,Mike Washington,RB,LV,121.7,139.8,138.5,89.5,97.5,18.0,,,,111.0,458.0,3.0,16.0,,117.0,1.0,,89.5,mikewashington,28108.0,WAS569019,139.0,141.92,23.93,102.0,279.0,7.0,RB47,13.0,Mike Washington Jr.,161.7,25.9,37.0,,,,,,,,23.0,0.0,2.0,89.5,47.0,79.80000000000001,84.65,False,False,121.7,13.957,1.0,0.9999999999990101,0.9999999999983491,0.9999999470591034,0.999999921723137,0.9998388981609805,0.9997883487867171,0.9697542616140284,0.9645053270438629,0.5626246355895262,0.5342581909732396,0.05915103323417048,0.051172602134927025,0.0005162689156754663,0.000399478129676889,138.58039215686273,-53.93039215686272,-33.66666666666667,45,236,1.0,1.0,1.0,1.0,1.0,1.0,1.0,0.97,0.97,0.189,0.135,0.016,0.01,0.0,0.0
13293,Ja'Kobi Lane,WR,BAL,145.9,160.4,168.3,87.4,104.9,18.0,,,,1.0,6.0,,35.0,,453.0,4.0,,87.4,jakobilane,27337.0,00-0040870,191.0,196.57,41.45,122.0,319.0,8.0,WR75,13.0,Ja'Kobi Lane,157.0,14.6,24.0,,,,,,,,22.0,0.0,3.0,87.4,73.0,82.00000000000001,84.70000000000002,False,False,145.9,16.619,1.0,0.9999999999999114,0.9999999999998612,0.9999999983994071,0.9999999976962572,0.9999962115564267,0.9999949874554389,0.9987880112390612,0.9985230804627709,0.9439182235500259,0.9367897921412426,0.5574128324367597,0.5335675614298837,0.09684895804666316,0.08693248138468412,138.98333333333332,-54.2833333333333,-52.73333333333332,71,237,1.0,1.0,1.0,1.0,1.0,1.0,1.0,0.999,0.999,0.841,0.833,0.548,0.528,0.019,0.015
8132,Tyler Allgeier,RB,ARI,131.5,143.9,89.4,72.7,77.2,18.0,,,,109.0,460.0,3.0,9.0,,62.0,,1.0,72.7,tylerallgeier,24172.0,00-0037263,131.0,132.01,13.98,92.0,199.0,6.0,RB44,14.0,Tyler Allgeier,155.9,15.5,35.0,17.0,116.0,6.823529411764706,16.0,143.0,,,26.0,4.0,2.0,72.7,44.0,95.80000000000001,84.25,False,False,131.5,15.035,1.0,0.9999999999996596,0.9999999999994473,0.9999999884463033,0.9999999830935891,0.9999670591037102,0.9999564866179993,0.9916765047102356,0.990041334378035,0.7876047009063871,0.767801625568814,0.21239529909361288,0.19361569299858372,0.008323495289764393,0.006928976063765191,138.58039215686273,-54.33039215686273,-34.06666666666668,46,238,1.0,1.0,1.0,1.0,1.0,1.0,1.0,0.996,0.996,0.529,0.489,0.149,0.13,0.0,0.0
13833,Dominic Zvada,K,NYG,678.0,355.3,330.4,66.0,66.0,18.0,,,,,,,,,,,,66.0,dominiczvada,,,632.0,403.0,47.24,361.0,469.0,13.0,K35,8.0,Dominic Zvada,,,,,,,,,,,22.0,0.0,1.0,66.0,37.0,33.0,49.5,False,False,678.0,75.14999999999999,1.0,1.0,1.0,1.0,1.0,0.9999999999999997,0.9999999999999996,0.9999999999999954,0.9999999999999949,0.9999999999999465,0.9999999999999407,0.99999999999943,0.9999999999993723,0.9999999999945117,0.9999999999939818,104.16666666666666,-54.66666666666666,-53.33333333333334,36,239,1.0,1.0,1.0,1.0,1.0,1.0,1.0,1.0,1.0,1.0,1.0,1.0,1.0,1.0,1.0
12492,Pat Bryant,WR,DEN,224.7,227.2,171.6,78.9,96.4,18.0,,,,2.0,9.0,,35.0,,425.0,3.0,,78.9,patbryant,27211.0,00-0040134,178.0,190.78,28.87,122.0,301.0,8.0,WR71,10.0,Pat Bryant,,,,13.0,59.300000000000004,4.561538461538462,49.0,0.0,,,23.0,1.0,3.0,78.9,71.0,85.10000000000001,82.0,False,False,224.7,25.287,1.0,0.9999999999999991,0.9999999999999988,0.9999999999987874,0.9999999999983926,0.9999999993127985,0.9999999991219847,0.9999998383609754,0.9999998008816722,0.9999841043633805,0.9999811133927992,0.9993389436211779,0.9992419659660216,0.9881522829676936,0.9868747557890925,138.98333333333332,-56.98333333333332,-55.43333333333334,72,240,1.0,1.0,1.0,1.0,1.0,1.0,1.0,1.0,1.0,1.0,1.0,1.0,1.0,0.995,0.995
13285,Malachi Fields,WR,NYG,200.6,218.0,210.2,86.2,105.2,18.0,,,,1.0,7.0,,38.0,,485.0,3.0,,86.2,malachifields,27994.0,00-0041042,213.0,216.15,36.83,139.0,345.0,8.0,WR79,8.0,Malachi Fields,,,,,,,,,,,23.0,0.0,2.0,86.2,80.0,76.33333333333333,81.26666666666667,False,False,200.6,22.636,1.0,0.9999999999999974,0.9999999999999963,0.999999999993268,0.9999999999908753,0.9999999941246593,0.9999999923927555,0.9999982834545585,0.999997876046702,0.9998300270648988,0.9997988809832841,0.9941743074244882,0.9934004768511226,0.9281667225007086,0.9219184947616323,138.98333333333332,-57.716666666666654,-56.16666666666667,73,241,1.0,1.0,1.0,1.0,1.0,1.0,1.0,1.0,1.0,1.0,1.0,0.993,0.993,0.945,0.944
,Travis Hunter,WR,JAX,,,,,,,,,,,,,,,,,,,travishunter,26034.0,,208.0,204.62,34.98,137.0,302.0,8.0,WR78,7.0,Travis Hunter,,,,,,,,,,,,,,,74.0,80.53333333333335,80.53333333333335,False,True,229.62,25.828200000000002,1.0,0.9999999999999993,0.999999999999999,0.9999999999991132,0.9999999999988294,0.999999999537933,0.9999999994112332,0.9999998964080692,0.9999998725444033,0.9999899400876497,0.9999880444443522,0.9995724896023659,0.9995089808081048,0.9919164901672333,0.9910191255728732,138.98333333333332,-58.449999999999974,-56.89999999999999,74,242,,,,,,,,,,,,,,,
11655,Tyrone Tracy,RB,NYG,155.2,173.2,109.5,100.8,111.3,18.0,,,,124.0,528.0,3.0,21.0,,155.0,1.0,1.0,100.80000000000001,tyronetracy,22980.0,00-0039384,163.0,176.54,40.53,120.0,326.0,7.0,RB55,8.0,Tyrone Tracy Jr.,,,,15.0,142.8,9.520000000000001,48.0,176.0,Questionable,Neck,26.0,2.0,2.0,100.80000000000001,57.0,58.6,79.7,False,False,155.2,17.642,1.0,0.9999999999999585,0.999999999999936,0.9999999994851916,0.9999999992670305,0.9999989541673633,0.9999986183824912,0.9996427710468478,0.9995615202305785,0.9784933124928887,0.9754024669767847,0.7463955990496323,0.7279109982261873,0.2428388620391344,0.22545980581746528,138.58039215686273,-58.880392156862726,-38.616666666666674,47,243,1.0,1.0,1.0,1.0,1.0,1.0,1.0,1.0,1.0,0.961,0.961,0.871,0.869,0.222,0.188
12498,Mason Taylor,TE,NYJ,667.6,224.3,137.5,76.4,96.4,18.0,,,,,,,40.0,,384.0,3.0,,76.4,masontaylor,26005.0,00-0040736,282.0,270.57,25.55,169.0,351.0,9.0,TE33,13.0,Mason Taylor,,,,13.0,64.9,4.992307692307692,65.0,0.0,,,22.0,1.0,1.0,76.4,36.0,62.96666666666667,69.68333333333334,False,False,667.6,74.006,1.0,1.0,1.0,1.0,1.0,0.9999999999999996,0.9999999999999996,0.9999999999999947,0.999999999999994,0.9999999999999349,0.9999999999999281,0.9999999999992888,0.999999999999216,0.9999999999929833,0.9999999999922984,128.58333333333334,-58.900000000000006,-51.68333333333334,32,244,,,,,,,,,,,,,,,
7571,Rashod Bateman,WR,BAL,700.9,232.7,203.3,84.3,102.3,18.0,,,,,,,36.0,,483.0,3.0,,84.30000000000001,rashodbateman,19794.0,00-0036550,195.0,219.23,27.8,158.0,298.0,8.0,WR76,13.0,Rashod Bateman,142.3,12.6,20.0,13.0,43.900000000000006,3.3769230769230774,38.0,0.0,,,26.0,5.0,2.0,84.30000000000001,81.0,74.96666666666668,79.63333333333335,False,False,700.9,77.669,1.0,1.0,1.0,1.0,1.0,0.9999999999999998,0.9999999999999998,0.9999999999999968,0.9999999999999964,0.9999999999999645,0.9999999999999607,0.9999999999996427,0.9999999999996074,0.9999999999967355,0.9999999999964276,138.98333333333332,-59.349999999999966,-57.79999999999998,75,245,,,,,,,,,,,,,,,
9511,Keaton Mitchell,RB,LAC,166.8,185.3,148.2,87.9,96.9,18.0,,,,88.0,435.0,3.0,18.0,,134.0,1.0,1.0,87.9,keatonmitchell,25360.0,00-0038454,144.0,144.26,23.37,101.0,248.0,7.0,RB49,7.0,Keaton Mitchell,148.3,17.5,6.0,13.0,50.900000000000006,3.9153846153846157,12.0,59.0,Questionable,Undisclosed,24.0,3.0,2.0,87.9,49.0,70.13333333333334,79.01666666666668,False,False,166.8,18.918000000000003,1.0,0.999999999999982,0.999999999999973,0.9999999998569815,0.9999999997990703,0.9999997642116524,0.9999996896628288,0.9999180148496916,0.9998988142744556,0.9937949658484189,0.9928055391782193,0.8909565691323709,0.8807554201359958,0.4852417863704169,0.46419863493587366,138.58039215686273,-59.56372549019605,-39.3,48,246,1.0,1.0,1.0,1.0,1.0,1.0,1.0,1.0,1.0,0.982,0.982,0.945,0.945,0.557,0.512
7922,Riley Patterson,K,MIA,664.4,267.0,241.0,61.0,61.0,18.0,,,,,,,,,,,,61.0,rileypatterson,23370.0,00-0036816,635.0,410.67,39.84,382.0,467.0,13.0,K36,6.0,Riley Patterson,,,,17.0,0.0,0.0,0.0,0.0,,,27.0,5.0,1.0,61.0,38.0,27.666666666666668,44.333333333333336,False,False,664.4,73.654,1.0,1.0,1.0,1.0,1.0,0.9999999999999996,0.9999999999999996,0.9999999999999943,0.9999999999999938,0.9999999999999309,0.9999999999999235,0.9999999999992378,0.9999999999991596,0.9999999999924225,0.9999999999916804,104.16666666666666,-59.83333333333332,-58.50000000000001,37,247,1.0,1.0,1.0,1.0,1.0,1.0,1.0,1.0,1.0,1.0,1.0,1.0,1.0,1.0,1.0
6865,Colby Parkinson,TE,LAR,261.8,251.4,135.7,61.8,76.3,18.0,,,,,,,29.0,,293.0,3.0,,61.8,colbyparkinson,19372.0,00-0036244,260.0,254.21,22.28,203.0,328.0,9.0,TE32,11.0,Colby Parkinson,,,,14.0,108.30000000000001,7.735714285714287,56.0,0.0,,,27.0,6.0,2.0,61.8,32.0,75.06666666666668,68.43333333333334,False,False,261.8,29.368000000000002,1.0,0.9999999999999998,0.9999999999999997,0.999999999999853,0.9999999999998107,0.9999999999540907,0.9999999999425007,0.9999999925463076,0.9999999909147923,0.9999993682475098,0.9999992504637704,0.9999718965164598,0.999967535704098,0.999338579542273,0.9992557782042363,128.58333333333334,-60.150000000000006,-52.93333333333334,33,248,,,,,,,,,,,,,,,
9486,Dontayvion Wicks,WR,PHI,202.8,999.0,999.0,57.4,70.4,18.0,,,,1.0,8.0,,26.0,,316.0,2.0,,57.4,dontayvionwicks,24354.0,00-0038393,160.0,180.74,32.51,120.0,289.0,7.0,WR62,10.0,Dontayvion Wicks,165.2,12.8,8.0,13.0,60.800000000000004,4.676923076923077,46.0,1.0,,,25.0,3.0,2.0,57.4,64.0,99.56666666666666,78.48333333333333,False,False,202.8,22.878,1.0,0.9999999999999978,0.9999999999999967,0.9999999999943222,0.9999999999923207,0.9999999952420182,0.9999999938468567,0.9999986346107582,0.9999983109898969,0.999864237143268,0.9998392574326251,0.9952291472012511,0.9945875281402952,0.9385806137016574,0.9330965041926802,138.98333333333332,-60.499999999999986,-58.95,76,249,1.0,1.0,1.0,1.0,1.0,1.0,1.0,1.0,1.0,0.999,0.999,0.997,0.997,0.969,0.969
13296,Caleb Douglas,WR,MIA,201.8,197.5,999.0,77.8,94.8,18.0,,,,,,,34.0,,428.0,3.0,,77.80000000000001,calebdouglas,28135.0,00-0041523,253.0,206.87,41.74,142.0,326.0,9.0,WR88,6.0,Caleb Douglas,175.2,20.2,10.0,,,,,,,,22.0,0.0,2.0,77.80000000000001,76.0,78.86666666666667,78.33333333333334,False,False,201.8,22.768,1.0,0.9999999999999976,0.9999999999999966,0.9999999999938676,0.9999999999916976,0.9999999947653258,0.9999999932266943,0.9999984854259261,0.9999981262140535,0.999849665202027,0.999822054477336,0.9947755918488003,0.994076851121265,0.9340306115012125,0.9282087015057305,138.98333333333332,-60.64999999999998,-59.099999999999994,77,250,1.0,1.0,1.0,1.0,1.0,1.0,1.0,1.0,1.0,0.999,0.999,0.996,0.996,0.961,0.961
4066,Evan Engram,TE,DEN,699.6,999.0,999.0,55.2,70.7,18.0,,,,,,,31.0,,277.0,2.0,,55.2,evanengram,16411.0,00-0033881,236.0,248.63,28.68,138.0,335.0,8.0,TE29,10.0,Evan Engram,,,,16.0,77.8,4.8625,76.0,1.0,,,32.0,9.0,1.0,55.2,31.0,79.8,67.5,False,False,699.6,77.526,1.0,1.0,1.0,1.0,1.0,0.9999999999999998,0.9999999999999998,0.9999999999999967,0.9999999999999963,0.9999999999999636,0.9999999999999598,0.9999999999996334,0.9999999999995972,0.9999999999966405,0.9999999999963232,128.58333333333334,-61.08333333333334,-53.866666666666674,34,251,,,,,,,,,,,,,,,
13413,Cyrus Allen,WR,KC,183.6,179.0,999.0,77.5,94.5,18.0,,,,,,,34.0,,425.0,3.0,,77.5,cyrusallen,28424.0,00-0040890,281.0,216.1,50.93,120.0,331.0,9.0,WR98,5.0,Cyrus Allen,,,,,,,,,,,23.0,0.0,4.0,77.5,79.0,77.06666666666666,77.28333333333333,False,False,183.6,20.766,1.0,0.9999999999999937,0.9999999999999909,0.9999999999719887,0.9999999999613665,0.9999999663524355,0.9999999560451125,0.9999889484041238,0.9999863176133759,0.9989883015280842,0.9988116810936356,0.9732610165651311,0.9701420557052514,0.780920505074405,0.766433009755067,138.98333333333332,-61.69999999999999,-60.150000000000006,78,252,1.0,1.0,1.0,1.0,1.0,1.0,1.0,1.0,1.0,0.997,0.997,0.989,0.989,0.816,0.802
11834,Devaughn Vele,WR,NO,680.1,239.8,208.6,89.6,110.6,18.0,,,,1.0,10.0,,42.0,,496.0,3.0,,89.6,devaughnvele,26409.0,00-0039424,238.0,234.0,40.69,149.0,325.0,8.0,WR85,8.0,Devaughn Vele,,,,9.0,53.8,5.977777777777778,39.0,0.0,,,28.0,2.0,2.0,89.6,90.0,63.53333333333334,76.56666666666666,False,False,680.1,75.381,1.0,1.0,1.0,1.0,1.0,0.9999999999999997,0.9999999999999996,0.9999999999999956,0.9999999999999951,0.9999999999999485,0.999999999999943,0.9999999999994544,0.9999999999993994,0.9999999999947735,0.9999999999942698,138.98333333333332,-62.41666666666666,-60.866666666666674,79,253,,,,,,,,,,,,,,,
9228,Bryce Young,QB,CAR,234.6,226.3,197.9,235.58,235.58,18.0,3202.0,20.0,11.0,51.0,245.0,3.0,,,,,3.0,233.58,bryceyoung,22900.0,00-0039150,169.0,189.39,39.39,133.0,462.0,7.0,QB26,5.0,Bryce Young,,,,16.0,227.04,14.19,0.0,54.0,,,25.0,3.0,1.0,233.58,26.0,223.28666666666663,228.43333333333334,False,False,234.6,26.376,1.0,0.9999999999999993,0.9999999999999991,0.9999999999993465,0.9999999999991411,0.9999999996868227,0.9999999996020386,0.9999999331620798,0.999999917873211,0.999993609333395,0.9999924045639097,0.9997237263113287,0.9996822403614453,0.9945201222150786,0.9938958606224453,292.1733333333334,-63.740000000000066,-50.79666666666668,24,254,1.0,1.0,1.0,1.0,1.0,1.0,1.0,1.0,1.0,1.0,1.0,1.0,1.0,0.998,0.998
5870,Daniel Jones,QB,IND,220.0,200.8,197.1,223.54,223.54,18.0,3286.0,19.0,11.0,47.0,191.0,2.0,,,,,3.0,221.54,danieljones,18232.0,00-0035710,145.0,157.84,29.17,104.0,303.0,7.0,QB24,13.0,Daniel Jones,160.3,9.3,13.0,13.0,232.44,17.88,0.0,45.0,,,29.0,7.0,1.0,221.54,24.0,235.08,228.31,False,False,220.0,24.77,1.0,0.9999999999999989,0.9999999999999984,0.9999999999983471,0.9999999999978,0.9999999989835455,0.9999999986979224,0.9999997499069303,0.9999996915819512,0.9999751812635506,0.9999705226362243,0.9989938583491946,0.9988483112888282,0.9829758575601213,0.9811972053840738,292.1733333333334,-63.8633333333334,-50.920000000000016,25,255,1.0,1.0,1.0,1.0,1.0,1.0,1.0,1.0,1.0,1.0,1.0,0.998,0.998,0.996,0.996
4033,David Njoku,TE,LAC,223.3,221.4,130.6,46.5,58.0,18.0,,,,,,,23.0,,230.0,2.0,,46.5,davidnjoku,16399.0,00-0033885,247.0,245.14,28.95,152.0,348.0,9.0,TE31,7.0,David Njoku,,,,11.0,69.8,6.345454545454545,48.0,0.0,,,30.0,9.0,2.0,46.5,30.0,82.30000000000001,64.4,False,False,223.3,25.133000000000003,1.0,0.9999999999999991,0.9999999999999987,0.9999999999986717,0.9999999999982372,0.9999999992287978,0.9999999990138957,0.9999998161366723,0.9999997734286983,0.9999818640669221,0.9999784536407752,0.9992510973773592,0.9991416665767681,0.9867970159676376,0.9853860979448413,128.58333333333334,-64.18333333333334,-56.96666666666667,35,256,1.0,1.0,1.0,1.0,1.0,1.0,1.0,1.0,1.0,1.0,1.0,0.997,0.997,0.978,0.978
12536,Jaylin Noel,WR,HOU,664.2,213.7,190.1,69.2,85.2,18.0,,,,8.0,38.0,,32.0,,374.0,2.0,,69.2,jaylinnoel,27122.0,00-0040138,189.0,204.84,25.12,146.0,283.0,8.0,WR74,8.0,Jaylin Noel,,,,17.0,55.400000000000006,3.258823529411765,35.0,6.0,Questionable,Hamstring,24.0,1.0,3.0,69.2,75.0,79.86666666666667,74.53333333333333,False,False,664.2,73.632,1.0,1.0,1.0,1.0,1.0,0.9999999999999996,0.9999999999999996,0.9999999999999943,0.9999999999999938,0.9999999999999307,0.9999999999999232,0.9999999999992345,0.9999999999991558,0.9999999999923859,0.99999999999164,138.98333333333332,-64.44999999999999,-62.900000000000006,80,257,,,,,,,,,,,,,,,
9479,Darnell Washington,TE,PIT,674.8,999.0,999.0,68.6,85.1,18.0,,,,,,,33.0,,341.0,3.0,,68.6,darnellwashington,22967.0,00-0038558,317.0,285.6,37.65,209.0,388.0,10.0,TE39,9.0,Darnell Washington,,,,13.0,55.9,4.3,43.0,0.0,,,25.0,3.0,2.0,68.6,40.0,58.333333333333336,63.46666666666667,False,False,674.8,74.79799999999999,1.0,1.0,1.0,1.0,1.0,0.9999999999999996,0.9999999999999996,0.9999999999999952,0.9999999999999947,0.9999999999999432,0.9999999999999372,0.9999999999993903,0.9999999999993283,0.9999999999940847,0.9999999999935116,128.58333333333334,-65.11666666666667,-57.900000000000006,36,258,,,,,,,,,,,,,,,
13349,Eli Stowers,TE,PHI,248.9,238.9,139.8,65.9,81.4,18.0,,,,2.0,5.0,,31.0,,319.0,3.0,,65.9,elistowers,23144.0,00-0041483,295.0,281.92,38.59,195.0,386.0,9.0,TE35,10.0,Eli Stowers,,,,,,,,,Questionable,Hamstring,23.0,0.0,2.0,65.9,39.0,60.333333333333336,63.116666666666674,False,False,248.9,27.949,1.0,0.9999999999999996,0.9999999999999996,0.9999999999997118,0.9999999999996256,0.9999999998904192,0.9999999998618245,0.9999999797397894,0.9999999752070546,0.9999981704483256,0.9999978267085743,0.9999187530218542,0.9999062822218289,0.9982069586064406,0.9979905104041596,128.58333333333334,-65.46666666666667,-58.25,37,259,1.0,1.0,1.0,1.0,1.0,1.0,1.0,1.0,1.0,1.0,1.0,0.999,0.999,0.995,0.995
12522,Cam Ward,QB,TEN,228.1,229.8,191.2,227.84,227.84,18.0,3516.0,19.0,13.0,46.0,182.0,2.0,,,,,4.0,225.84,camward,24755.0,00-0040676,156.0,177.3,40.51,133.0,466.0,7.0,QB25,9.0,Cam Ward,,,,17.0,193.66,11.391764705882352,0.0,39.0,,,24.0,1.0,1.0,225.84,25.0,227.29999999999998,226.57,False,False,228.1,25.661,1.0,0.9999999999999992,0.9999999999999989,0.9999999999990243,0.9999999999987106,0.9999999994783664,0.9999999993347765,0.9999998812974371,0.9999998538963344,0.9999884241931789,0.9999862436320179,0.9995110897396647,0.9994387253414718,0.9909008950424616,0.9898994246498136,292.1733333333334,-65.60333333333341,-52.660000000000025,26,260,1.0,1.0,1.0,1.0,1.0,1.0,1.0,1.0,1.0,1.0,1.0,1.0,1.0,0.999,0.999
12535,Isaac TeSlaa,WR,DET,229.5,226.5,183.7,73.1,87.1,18.0,,,,2.0,9.0,,28.0,,402.0,3.0,,73.10000000000001,isaacteslaa,27446.0,00-0040669,221.0,220.67,24.91,169.0,329.0,8.0,WR81,6.0,Isaac TeSlaa,182.4,7.2,5.0,14.0,67.9,4.8500000000000005,27.0,0.0,,,24.0,1.0,3.0,73.10000000000001,82.0,73.23333333333333,73.16666666666667,False,False,229.5,25.815,1.0,0.9999999999999993,0.999999999999999,0.9999999999991065,0.9999999999988205,0.9999999995335089,0.9999999994055568,0.9999998952928393,0.9999998711682978,0.9999898283182063,0.9999879116575516,0.9995679428289459,0.9995037767223507,0.9918405561236314,0.9909353646069601,138.98333333333332,-65.81666666666665,-64.26666666666667,81,261,1.0,1.0,1.0,1.0,1.0,1.0,1.0,1.0,1.0,0.999,0.999,0.998,0.998,0.99,0.99
13274,Germie Bernard,WR,PIT,241.4,229.8,193.6,80.9,98.9,18.0,,,,2.0,10.0,,36.0,,439.0,3.0,,80.9,germiebernard,26039.0,00-0041489,231.0,232.92,29.87,158.0,323.0,8.0,WR84,9.0,Germie Bernard,,,,,,,,,,,22.0,0.0,3.0,80.9,88.0,64.52745098039217,72.71372549019608,False,False,241.4,27.124000000000002,1.0,0.9999999999999996,0.9999999999999993,0.9999999999995619,0.9999999999994272,0.9999999998121769,0.9999999997622102,0.9999999625496763,0.9999999540702474,0.9999965079894935,0.999995850218392,0.999846517188715,0.999823193058164,0.996780291460247,0.9964022332801501,138.98333333333332,-66.26960784313724,-64.71960784313725,82,262,1.0,1.0,1.0,1.0,1.0,1.0,1.0,1.0,1.0,1.0,1.0,1.0,1.0,0.998,0.998
11597,Theo Johnson,TE,NYG,262.8,232.2,144.2,61.5,77.0,18.0,,,,,,,31.0,,340.0,2.0,,61.5,theojohnson,23104.0,00-0039847,294.0,277.08,28.52,200.0,344.0,9.0,TE34,8.0,Theo Johnson,,,,15.0,105.30000000000001,7.0200000000000005,74.0,0.0,Questionable,Undisclosed,25.0,2.0,2.0,61.5,37.0,62.300000000000004,61.900000000000006,False,False,262.8,29.478,1.0,0.9999999999999998,0.9999999999999997,0.9999999999998601,0.99999999999982,0.9999999999569635,0.9999999999461265,0.9999999930825184,0.9999999915710205,0.999999416773109,0.9999993081174152,0.9999740703998654,0.9999700446623242,0.9993873394979532,0.9993104642570049,128.58333333333334,-66.68333333333334,-59.46666666666667,38,263,,,,,,,,,,,,,,,
13345,Jonah Coleman,RB,DEN,146.1,166.0,117.5,58.9,63.9,18.0,,,,72.0,304.0,2.0,10.0,,75.0,1.0,1.0,58.900000000000006,jonahcoleman,27320.0,00-0041496,138.0,140.94,22.13,99.0,267.0,7.0,RB46,10.0,Jonah Coleman,157.1,32.9,14.0,,,,,,,,23.0,0.0,3.0,58.900000000000006,46.0,84.86666666666666,71.88333333333333,False,False,146.1,16.641,1.0,0.999999999999913,0.9999999999998637,0.9999999984396974,0.9999999977547716,0.9999963182913163,0.9999951287547837,0.9988197876260938,0.9985615320794013,0.9450298610097609,0.9380208020603422,0.5620783164008716,0.5382985123243728,0.09922494934658177,0.0891394952699106,138.58039215686273,-66.6970588235294,-46.43333333333335,49,264,1.0,1.0,1.0,1.0,1.0,1.0,1.0,0.997,0.997,0.89,0.881,0.667,0.655,0.046,0.029
13317,Ted Hurst,WR,TB,239.6,239.6,196.2,79.9,97.9,18.0,,,,2.0,13.0,,36.0,,426.0,3.0,,79.9,tedhurst,28130.0,00-0041048,248.0,239.17,37.4,161.0,384.0,9.0,WR86,10.0,Ted Hurst III,,,,,,,,,,,22.0,0.0,4.0,79.9,91.0,63.23333333333333,71.56666666666666,False,False,239.6,26.926,1.0,0.9999999999999996,0.9999999999999993,0.9999999999995138,0.9999999999993636,0.9999999997854216,0.9999999997280722,0.9999999564352425,0.9999999465440412,0.9999959091410399,0.99999513828469,0.9998208548733472,0.999793709082415,0.9962936235965818,0.995861670890145,138.98333333333332,-67.41666666666666,-65.86666666666667,83,265,1.0,1.0,1.0,1.0,1.0,1.0,1.0,1.0,1.0,1.0,1.0,1.0,1.0,0.997,0.997
5850,Josh Jacobs,RB,GB,47.3,47.9,20.2,80.2,87.2,18.0,,,,93.0,390.0,3.0,14.0,,102.0,1.0,1.0,78.2,joshjacobs,18269.0,00-0035700,155.0,137.74,44.12,52.0,367.0,7.0,RB52,11.0,Josh Jacobs,84.8,12.6,65.0,15.0,219.10000000000002,14.606666666666667,44.0,234.0,NA,Groin,28.0,7.0,4.0,50.6,45.0,91.5,71.05,False,False,47.3,5.773,0.9999999999999998,0.999981272248528,0.9999608295590903,0.48618179482368795,0.41766750322771606,1.3829692897981971e-05,6.3518328698997095e-06,0.0,0.0,0.0,0.0,0.0,0.0,0.0,0.0,138.58039215686273,-67.53039215686273,-47.26666666666668,50,266,1.0,1.0,1.0,0.725,0.66,0.0,0.0,0.0,0.0,0.0,0.0,0.0,0.0,0.0,0.0
4981,Calvin Ridley,WR,TEN,250.7,253.2,180.2,63.8,77.3,18.0,,,,1.0,6.0,,27.0,,377.0,2.0,,63.800000000000004,calvinridley,17258.0,00-0034837,186.0,208.41,31.12,143.0,295.0,8.0,WR73,9.0,Calvin Ridley,134.6,20.6,13.0,7.0,38.8,5.542857142857143,36.0,0.0,,,31.0,8.0,3.0,63.800000000000004,77.0,78.06666666666668,70.93333333333334,False,False,250.7,28.147,1.0,0.9999999999999997,0.9999999999999996,0.9999999999997387,0.9999999999996607,0.9999999999033524,0.999999999878249,0.9999999824525065,0.9999999785382876,0.9999984284713521,0.9999981334583066,0.9999301154193826,0.9999193675826665,0.9984412599962849,0.9982519887446845,138.98333333333332,-68.04999999999998,-66.5,84,267,1.0,1.0,1.0,1.0,1.0,1.0,1.0,1.0,1.0,1.0,1.0,0.999,0.999,0.997,0.997
12469,Dylan Sampson,RB,CLE,191.1,189.4,128.5,77.2,88.7,18.0,,,,78.0,321.0,2.0,23.0,,176.0,1.0,1.0,77.2,dylansampson,27102.0,00-0040162,151.0,155.26,23.05,116.0,250.0,7.0,RB50,11.0,Dylan Sampson,175.6,13.5,5.0,15.0,71.1,4.739999999999999,40.0,65.0,,,21.0,1.0,2.0,77.2,51.0,63.199999999999996,70.2,False,False,191.1,21.591,1.0,0.9999999999999958,0.999999999999994,0.9999999999854365,0.9999999999800708,0.9999999848197574,0.9999999802451621,0.999995239400844,0.9999941055366794,0.9995437418901864,0.9994620362590632,0.9862596950757032,0.9845480029927787,0.8628136437504127,0.8523885000237952,138.58039215686273,-68.38039215686273,-48.116666666666674,51,268,1.0,1.0,1.0,1.0,1.0,1.0,1.0,1.0,1.0,0.997,0.997,0.99,0.99,0.931,0.927
4039,Cooper Kupp,WR,SEA,206.7,197.0,206.4,70.4,86.4,18.0,,,,,,,32.0,,364.0,3.0,,70.4,cooperkupp,16433.0,00-0033908,222.0,228.52,29.13,161.0,306.0,8.0,WR82,11.0,Cooper Kupp,155.5,15.3,16.0,16.0,91.80000000000001,5.737500000000001,70.0,0.0,,,33.0,9.0,3.0,70.4,84.0,70.7,70.55000000000001,False,False,206.7,23.307,1.0,0.999999999999998,0.9999999999999973,0.9999999999957709,0.9999999999943017,0.999999996700673,0.9999999957423369,0.9999990838818847,0.9999988673673197,0.9999084883513215,0.9998915441055749,0.9966523530853169,0.9961930247454864,0.9537057034958953,0.9493925972141602,138.98333333333332,-68.43333333333331,-66.88333333333333,85,269,1.0,1.0,1.0,1.0,1.0,1.0,1.0,1.0,1.0,1.0,1.0,1.0,1.0,0.965,0.965
9482,Michael Mayer,TE,LV,695.9,999.0,999.0,63.8,80.8,18.0,,,,,,,34.0,,348.0,2.0,,63.800000000000004,michaelmayer,23056.0,00-0039066,322.0,288.37,38.61,199.0,391.0,10.0,TE41,13.0,Michael Mayer,,,,13.0,56.300000000000004,4.330769230769231,50.0,0.0,,,25.0,3.0,2.0,63.800000000000004,41.0,56.23333333333333,60.016666666666666,False,False,695.9,77.11899999999999,1.0,1.0,1.0,1.0,1.0,0.9999999999999998,0.9999999999999997,0.9999999999999964,0.9999999999999962,0.9999999999999611,0.9999999999999571,0.9999999999996052,0.9999999999995661,0.9999999999963524,0.9999999999960065,128.58333333333334,-68.56666666666668,-61.35000000000001,39,270,,,,,,,,,,,,,,,
8698,Jake Tonges,TE,SF,253.0,241.4,177.5,55.8,70.8,18.0,,,,,,,30.0,,288.0,2.0,,55.8,jaketonges,24778.0,00-0037112,311.0,281.49,34.57,214.0,369.0,10.0,TE38,8.0,Jake Tonges,,,,10.0,76.3,7.63,46.0,0.0,,,27.0,4.0,2.0,55.8,38.0,61.900000000000006,58.85,False,False,253.0,28.400000000000002,1.0,0.9999999999999997,0.9999999999999996,0.9999999999997689,0.9999999999997005,0.9999999999175142,0.9999999998962155,0.9999999853672221,0.9999999821156509,0.9999987036709226,0.9999984606097968,0.9999422849134698,0.9999333883779622,0.9986961824007083,0.9985367379037583,128.58333333333334,-69.73333333333335,-62.51666666666667,40,271,1.0,1.0,1.0,1.0,1.0,1.0,1.0,1.0,1.0,1.0,1.0,1.0,1.0,0.999,0.999
12497,Tory Horton,WR,SEA,260.2,228.7,199.4,76.5,92.0,18.0,,,,1.0,9.0,,31.0,,421.0,3.0,,76.5,toryhorton,26022.0,00-0040648,264.0,267.08,25.59,190.0,368.0,9.0,WR92,11.0,Tory Horton,,,,8.0,52.6,6.575,22.0,0.0,Questionable,Undisclosed,23.0,1.0,4.0,76.5,98.0,58.800000000000004,67.65,False,False,260.2,29.192,1.0,0.9999999999999998,0.9999999999999997,0.9999999999998406,0.9999999999997946,0.9999999999490482,0.9999999999361324,0.9999999915935807,0.9999999897483929,0.9999992815380999,0.9999991474339955,0.9999680155567299,0.9999630573543552,0.9992521783847025,0.9991589201634812,138.98333333333332,-71.33333333333331,-69.78333333333333,86,272,,,,,,,,,,,,,,,
13066,Ben Sauls,K,,501.5,369.0,326.2,31.0,31.0,18.0,,,,,,,,,,,,31.0,bensauls,,,712.0,362.5,15.5,347.0,378.0,14.0,K38,,Ben Sauls,,,,,,,,,Questionable,Undisclosed,25.0,1.0,,31.0,35.0,34.666666666666664,32.83333333333333,False,False,501.5,55.735,1.0,1.0,1.0,0.9999999999999998,0.9999999999999998,0.999999999999994,0.9999999999999931,0.9999999999998386,0.9999999999998156,0.9999999999964059,0.9999999999959259,0.9999999999333037,0.9999999999249684,0.9999999989677161,0.9999999988474422,104.16666666666666,-71.33333333333333,-70.00000000000001,38,273,1.0,1.0,1.0,1.0,1.0,1.0,1.0,1.0,1.0,1.0,1.0,1.0,1.0,1.0,1.0
13320,Zachariah Branch,WR,ATL,227.4,211.2,185.1,63.5,78.5,18.0,,,,,,,30.0,,365.0,2.0,,63.5,zachariahbranch,25419.0,00-0041044,220.0,226.51,34.95,151.0,322.0,8.0,WR80,11.0,Zachariah Branch,,,,,,,,,,,22.0,0.0,4.0,63.5,83.0,71.60000000000001,67.55000000000001,False,False,227.4,25.584,1.0,0.9999999999999992,0.9999999999999989,0.9999999999989801,0.9999999999986513,0.9999999994481837,0.9999999992960135,0.9999998735670081,0.9999998443540781,0.999987647595993,0.9999853211808616,0.9994798474242996,0.9994029934757374,0.9903918224857138,0.9893386195530829,138.98333333333332,-71.43333333333331,-69.88333333333333,87,274,1.0,1.0,1.0,1.0,1.0,1.0,1.0,1.0,1.0,1.0,1.0,1.0,1.0,0.995,0.995
11637,Keon Coleman,WR,BUF,242.2,234.8,205.5,71.3,85.8,18.0,,,,3.0,13.0,,29.0,,375.0,3.0,,71.3,keoncoleman,26019.0,00-0039901,256.0,249.39,26.92,160.0,313.0,9.0,WR91,7.0,Keon Coleman,,,,12.0,81.4,6.783333333333334,59.0,0.0,Questionable,Foot,23.0,2.0,3.0,71.3,92.0,62.699999999999996,67.0,False,False,242.2,27.212,1.0,0.9999999999999996,0.9999999999999993,0.9999999999995814,0.9999999999994532,0.9999999998228849,0.9999999997758637,0.9999999649674365,0.9999999570452953,0.9999967439204336,0.9999961307104906,0.9998566756896934,0.9998348688183417,0.9969754916741979,0.9966192086597443,138.98333333333332,-71.98333333333332,-70.43333333333334,88,275,1.0,1.0,1.0,1.0,1.0,1.0,1.0,1.0,1.0,0.999,0.999,0.999,0.999,0.996,0.996
13311,Chris Bell,WR,MIA,197.5,240.9,202.9,54.7,67.2,18.0,,,,1.0,3.0,,25.0,,299.0,2.0,,54.7,chrisbell,26038.0,00-0041525,207.0,216.07,38.16,127.0,320.0,8.0,WR77,6.0,Chris Bell,160.2,25.3,5.0,,,,,,,,22.0,0.0,4.0,54.7,78.0,77.5,66.1,False,False,197.5,22.295,1.0,0.999999999999997,0.9999999999999958,0.9999999999913974,0.999999999988304,0.999999992046916,0.9999999896852904,0.999997619091356,0.9999970531001058,0.9997660955384469,0.9997235128358517,0.9922837629967451,0.9912780324298311,0.9107831242144127,0.9033262802378925,138.98333333333332,-72.88333333333333,-71.33333333333334,89,276,1.0,1.0,1.0,1.0,1.0,1.0,1.0,0.999,0.999,0.999,0.999,0.999,0.999,0.947,0.946
12521,Elijah Arroyo,TE,SEA,667.7,999.0,999.0,57.7,72.2,18.0,,,,,,,29.0,,312.0,2.0,,57.7,elijaharroyo,23004.0,00-0040739,328.0,300.06,38.89,224.0,417.0,10.0,TE42,11.0,Elijah Arroyo,,,,13.0,29.400000000000002,2.2615384615384615,26.0,0.0,,,23.0,1.0,2.0,57.7,42.0,53.366666666666674,55.53333333333334,False,False,667.7,74.017,1.0,1.0,1.0,1.0,1.0,0.9999999999999996,0.9999999999999996,0.9999999999999947,0.999999999999994,0.9999999999999352,0.9999999999999282,0.9999999999992903,0.9999999999992177,0.999999999993,0.9999999999923168,128.58333333333334,-73.05000000000001,-65.83333333333334,41,277,,,,,,,,,,,,,,,
12540,Chimere Dike,WR,TEN,657.8,229.4,174.6,70.4,89.4,18.0,,,,6.0,30.0,,38.0,,384.0,2.0,1.0,70.4,chimeredike,27315.0,00-0040705,276.0,259.42,33.86,177.0,375.0,9.0,WR96,9.0,Chimere Dike,,,,17.0,92.10000000000001,5.41764705882353,74.0,11.0,,,24.0,1.0,4.0,70.4,96.0,60.9,65.65,False,False,657.8,72.92799999999998,1.0,1.0,1.0,1.0,1.0,0.9999999999999996,0.9999999999999996,0.9999999999999938,0.999999999999993,0.9999999999999216,0.9999999999999132,0.9999999999991191,0.9999999999990281,0.9999999999911032,0.9999999999902258,138.98333333333332,-73.33333333333331,-71.78333333333333,90,278,,,,,,,,,,,,,,,
7090,Darnell Mooney,WR,NYG,259.3,249.2,194.4,60.9,73.4,18.0,,,,1.0,3.0,,25.0,,361.0,2.0,,60.9,darnellmooney,19810.0,00-0036309,227.0,229.16,26.11,167.0,299.0,8.0,WR83,8.0,Darnell Mooney,,,,15.0,66.30000000000001,4.420000000000001,72.0,0.0,,,28.0,6.0,3.0,60.9,85.0,70.0,65.45,False,False,259.3,29.093,1.0,0.9999999999999998,0.9999999999999997,0.9999999999998332,0.999999999999785,0.9999999999459481,0.9999999999322149,0.999999991001022,0.9999999890226878,0.999999227323128,0.9999990830093732,0.9999655914574004,0.9999602606175415,0.9991986040738914,0.9990988884016935,138.98333333333332,-73.53333333333332,-71.98333333333333,91,279,1.0,1.0,1.0,1.0,1.0,1.0,1.0,1.0,1.0,1.0,1.0,1.0,1.0,1.0,1.0
6826,Cole Kmet,TE,CHI,683.3,999.0,999.0,62.7,79.7,18.0,,,,,,,34.0,,337.0,2.0,,62.7,colekmet,19229.0,00-0036290,342.0,312.15,35.55,217.0,403.0,10.0,TE47,10.0,Cole Kmet,,,,16.0,61.7,3.85625,48.0,0.0,,,27.0,6.0,2.0,62.7,46.0,46.43333333333334,54.56666666666667,False,False,683.3,75.73299999999999,1.0,1.0,1.0,1.0,1.0,0.9999999999999997,0.9999999999999996,0.9999999999999958,0.9999999999999953,0.9999999999999514,0.9999999999999463,0.9999999999994895,0.9999999999994382,0.9999999999951461,0.9999999999946799,128.58333333333334,-74.01666666666668,-66.80000000000001,42,280,,,,,,,,,,,,,,,
10226,Andrei Iosivas,WR,CIN,700.9,999.0,999.0,75.3,91.3,18.0,,,,2.0,10.0,,32.0,,403.0,3.0,,75.30000000000001,andreiiosivas,25335.0,00-0038619,307.0,272.78,34.24,183.0,335.0,10.0,WR109,6.0,Andrei Iosivas,,,,15.0,73.4,4.8933333333333335,58.0,3.0,,,26.0,3.0,3.0,75.30000000000001,102.0,54.6,64.95,False,False,700.9,77.669,1.0,1.0,1.0,1.0,1.0,0.9999999999999998,0.9999999999999998,0.9999999999999968,0.9999999999999964,0.9999999999999645,0.9999999999999607,0.9999999999996427,0.9999999999996074,0.9999999999967355,0.9999999999964276,138.98333333333332,-74.03333333333332,-72.48333333333333,92,281,,,,,,,,,,,,,,,
13301,Antonio Williams,WR,WAS,238.2,235.8,155.5,61.2,75.2,18.0,,,,2.0,13.0,,28.0,,339.0,2.0,,61.199999999999996,antoniowilliams,25418.0,00-0041040,255.0,232.32,37.29,147.0,339.0,9.0,WR90,7.0,Antonio Williams,,,,,,,,,,,22.0,0.0,3.0,61.199999999999996,86.0,68.5,64.85,False,False,238.2,26.772,1.0,0.9999999999999994,0.9999999999999993,0.9999999999994724,0.9999999999993086,0.9999999997617501,0.9999999996978445,0.9999999509465123,0.9999999397854361,0.9999953693147032,0.9999944965501482,0.9997978628648841,0.9997673057187537,0.9958647025783565,0.9953856831102751,138.98333333333332,-74.13333333333333,-72.58333333333334,93,282,1.0,1.0,1.0,1.0,1.0,1.0,1.0,1.0,1.0,1.0,1.0,0.999,0.999,0.997,0.997
3321,Tyreek Hill,WR,,227.0,225.1,145.9,77.2,93.7,18.0,,,,1.0,5.0,,33.0,,422.0,3.0,,77.2,tyreekhill,15802.0,00-0033040,333.0,280.31,43.83,193.0,372.0,10.0,WR115,,Tyreek Hill,,,,4.0,43.0,10.75,29.0,0.0,Questionable,Knee - ACL,31.0,10.0,,77.2,107.0,52.13333333333333,64.66666666666667,False,False,227.0,25.54,1.0,0.9999999999999991,0.9999999999999989,0.9999999999989538,0.9999999999986161,0.9999999994300923,0.9999999992727725,0.9999998689112558,0.9999998386065032,0.9999871795851745,0.9999847653074779,0.999461085373842,0.9993815403631234,0.9900884366471342,0.9890045398432574,138.98333333333332,-74.31666666666665,-72.76666666666667,94,283,1.0,1.0,1.0,1.0,1.0,1.0,1.0,1.0,1.0,1.0,1.0,1.0,1.0,0.993,0.993
5906,Dawson Knox,TE,BUF,683.5,999.0,999.0,62.4,76.4,18.0,,,,,,,28.0,,304.0,3.0,,62.400000000000006,dawsonknox,18631.0,00-0035689,334.0,312.77,36.39,232.0,406.0,10.0,TE45,7.0,Dawson Knox,,,,16.0,83.7,5.23125,49.0,0.0,,,29.0,7.0,2.0,62.400000000000006,47.0,45.96666666666667,54.18333333333334,False,False,683.5,75.755,1.0,1.0,1.0,1.0,1.0,0.9999999999999997,0.9999999999999996,0.9999999999999958,0.9999999999999953,0.9999999999999516,0.9999999999999465,0.9999999999994917,0.9999999999994407,0.9999999999951683,0.9999999999947045,128.58333333333334,-74.4,-67.18333333333334,43,284,,,,,,,,,,,,,,,
9753,Zach Charbonnet,RB,SEA,143.1,153.6,100.9,61.7,67.2,18.0,,,,65.0,264.0,3.0,11.0,,78.0,1.0,1.0,61.7,zachcharbonnet,23152.0,00-0039165,152.0,151.79,25.8,108.0,310.0,7.0,RB51,11.0,Zach Charbonnet,141.7,20.9,46.0,16.0,169.4,10.5875,24.0,184.0,PUP,Knee - ACL,25.0,3.0,4.0,61.7,50.0,66.50000000000001,64.10000000000001,False,False,143.1,16.311,1.0,0.999999999999887,0.9999999999998218,0.9999999977006038,0.9999999966796442,0.9999943240081144,0.999992489062095,0.9982401367663551,0.9978614531351997,0.9260342197509432,0.917060575724918,0.49021758820136474,0.4658001241759565,0.06733686138090034,0.059707787855002525,138.58039215686273,-74.48039215686272,-54.21666666666667,52,285,1.0,1.0,1.0,1.0,1.0,1.0,1.0,0.999,0.999,0.834,0.826,0.584,0.566,0.012,0.008
9501,DeMario Douglas,WR,NE,697.0,999.0,999.0,65.9,80.4,18.0,,,,5.0,34.0,,29.0,,360.0,2.0,,65.9,demariodouglas,25304.0,00-0038621,304.0,259.26,44.61,168.0,339.0,10.0,WR108,11.0,DeMario Douglas,,,,16.0,80.3,5.01875,46.0,7.0,,,25.0,3.0,3.0,65.9,95.0,61.03333333333333,63.46666666666667,False,False,697.0,77.24,1.0,1.0,1.0,1.0,1.0,0.9999999999999998,0.9999999999999997,0.9999999999999966,0.9999999999999962,0.9999999999999619,0.999999999999958,0.9999999999996139,0.9999999999995756,0.9999999999964407,0.9999999999961037,138.98333333333332,-75.51666666666665,-73.96666666666667,95,286,,,,,,,,,,,,,,,
8154,Brian Robinson,RB,ATL,172.8,172.1,80.1,63.4,69.9,18.0,,,,87.0,358.0,2.0,13.0,,91.0,,,63.400000000000006,brianrobinson,20094.0,00-0037746,165.0,161.84,19.53,130.0,244.0,7.0,RB57,11.0,Brian Robinson Jr.,165.9,22.9,8.0,17.0,58.5,3.4411764705882355,12.0,92.0,,,27.0,4.0,2.0,63.400000000000006,53.0,61.9,62.650000000000006,False,False,172.8,19.578000000000003,1.0,0.9999999999999879,0.999999999999982,0.9999999999223323,0.9999999998916145,0.9999998855399612,0.9999998497214677,0.9999606474666134,0.9999513507165727,0.9967599449261313,0.9962228365773799,0.9327484237854649,0.9258412606631465,0.6066937357808844,0.5869220054954238,138.58039215686273,-75.93039215686272,-55.66666666666667,53,287,1.0,1.0,1.0,1.0,1.0,1.0,1.0,1.0,1.0,0.994,0.994,0.984,0.984,0.721,0.7
12483,Jack Bech,WR,LV,676.7,238.2,207.7,62.9,77.9,18.0,,,,1.0,9.0,,30.0,,350.0,2.0,,62.9,jackbech,27224.0,00-0040729,254.0,251.01,28.23,184.0,316.0,9.0,WR89,13.0,Jack Bech,,,,14.0,32.400000000000006,2.3142857142857145,29.0,0.0,,,23.0,1.0,3.0,62.9,93.0,62.0,62.45,False,False,676.7,75.007,1.0,1.0,1.0,1.0,1.0,0.9999999999999997,0.9999999999999996,0.9999999999999953,0.9999999999999949,0.9999999999999452,0.9999999999999394,0.9999999999994142,0.9999999999993547,0.9999999999943425,0.9999999999937954,138.98333333333332,-76.53333333333332,-74.98333333333333,96,288,,,,,,,,,,,,,,,
9225,Tank Bigsby,RB,PHI,152.9,182.8,146.5,61.2,65.2,18.0,,,,82.0,353.0,3.0,8.0,,59.0,,1.0,61.2,tankbigsby,22908.0,00-0038555,143.0,155.36,24.61,118.0,292.0,7.0,RB48,10.0,Tank Bigsby,167.6,27.9,16.0,15.0,52.300000000000004,3.486666666666667,4.0,63.0,,,24.0,3.0,2.0,61.2,52.0,62.63333333333333,61.91666666666667,False,False,152.9,17.389,1.0,0.9999999999999503,0.9999999999999232,0.9999999993248845,0.9999999990362127,0.999998573442425,0.999998114430865,0.9995181880542472,0.9994095003584753,0.9726186674170718,0.96878623003699,0.7055985602008162,0.6854748548986709,0.20056319513374965,0.1848277457440013,138.58039215686273,-76.66372549019606,-56.400000000000006,54,289,1.0,1.0,1.0,1.0,1.0,1.0,1.0,0.999,0.999,0.948,0.947,0.844,0.842,0.163,0.122
11592,Erick All,TE,CIN,565.3,999.0,999.0,,,18.0,,,,,,,,,,,,0.0,erickall,23837.0,00-0039814,337.0,308.5,52.61,198.0,444.0,10.0,TE46,6.0,Erick All Jr.,,,,,,,,,,,25.0,2.0,2.0,0.0,43.0,50.46666666666667,50.46666666666667,False,False,565.3,62.75299999999999,1.0,1.0,1.0,1.0,0.9999999999999999,0.9999999999999982,0.999999999999998,0.9999999999999647,0.99999999999996,0.9999999999993943,0.9999999999993202,0.9999999999910125,0.9999999999899748,0.9999999998844737,0.9999999998719024,128.58333333333334,-78.11666666666667,-70.9,44,290,,,,,,,,,,,,,,,
11627,Troy Franklin,WR,DEN,263.6,241.8,170.5,54.1,66.1,18.0,,,,2.0,14.0,,24.0,,287.0,2.0,,54.1,troyfranklin,23092.0,00-0039868,251.0,232.71,35.88,170.0,367.0,9.0,WR87,10.0,Troy Franklin,,,,17.0,138.6,8.152941176470588,104.0,5.0,,,23.0,2.0,5.0,54.1,87.0,66.32745098039216,60.21372549019608,False,False,263.6,29.566000000000003,1.0,0.9999999999999998,0.9999999999999997,0.9999999999998654,0.999999999999827,0.9999999999591205,0.9999999999488476,0.999999993481711,0.999999992059438,0.99999945275614,0.9999993508662273,0.9999756832115617,0.9999719062871124,0.999423695133277,0.9993512508240314,138.98333333333332,-78.76960784313724,-77.21960784313725,97,291,,,,,,,,,,,,,,,
13337,Emmett Johnson,RB,KC,177.9,206.8,112.5,59.2,65.2,18.0,,,,67.0,286.0,2.0,12.0,,86.0,1.0,1.0,59.2,emmettjohnson,28107.0,00-0041013,159.0,172.1,35.21,129.0,326.0,7.0,RB53,5.0,Emmett Johnson,165.4,24.7,5.0,,,,,,,,22.0,0.0,2.0,59.2,56.0,59.56666666666667,59.38333333333334,False,False,177.9,20.139,1.0,0.9999999999999911,0.999999999999987,0.9999999999525937,0.9999999999342142,0.9999999365548027,0.9999999168918298,0.9999785762831073,0.9999734910656286,0.99813327022066,0.9978153520633675,0.9561937497688086,0.9513890449297071,0.6972162880990489,0.679662786691508,138.58039215686273,-79.19705882352939,-58.93333333333334,55,292,1.0,1.0,1.0,1.0,1.0,1.0,1.0,1.0,1.0,0.992,0.992,0.979,0.978,0.8,0.787
11575,Ray Davis,RB,BUF,207.8,221.5,167.3,60.6,65.1,18.0,,,,73.0,313.0,3.0,9.0,,68.0,,,60.6,raydavis,26191.0,00-0039875,170.0,183.62,29.65,131.0,300.0,7.0,RB58,7.0,Ray Davis,,,,17.0,53.1,3.123529411764706,13.0,58.0,,,26.0,2.0,3.0,60.6,58.0,57.43333333333334,59.016666666666666,False,False,207.8,23.428,1.0,0.9999999999999982,0.9999999999999974,0.9999999999961018,0.9999999999947529,0.9999999970190834,0.9999999961555632,0.999999180148162,0.9999989865600234,0.9999180467064634,0.99990284844655,0.9969705727822771,0.9965527251668207,0.95729867406981,0.953275665403652,138.58039215686273,-79.56372549019606,-59.30000000000001,56,293,1.0,1.0,1.0,1.0,1.0,1.0,1.0,1.0,1.0,1.0,1.0,1.0,1.0,0.984,0.984
8800,Malik Davis,RB,DAL,685.1,999.0,999.0,63.4,68.9,18.0,,,,79.0,329.0,3.0,11.0,,70.0,,,63.4,malikdavis,24205.0,00-0037563,192.0,203.84,42.86,140.0,343.0,8.0,RB60,14.0,Malik Davis,,,,10.0,39.6,3.96,5.0,52.0,,,27.0,4.0,2.0,63.4,61.0,53.73333333333333,58.56666666666666,False,False,685.1,75.931,1.0,1.0,1.0,1.0,1.0,0.9999999999999997,0.9999999999999997,0.9999999999999959,0.9999999999999954,0.9999999999999529,0.999999999999948,0.9999999999995082,0.9999999999994589,0.9999999999953427,0.9999999999948963,138.58039215686273,-80.01372549019607,-59.750000000000014,57,294,,,,,,,,,,,,,,,
6149,Darius Slayton,WR,NYG,668.0,999.0,999.0,63.3,76.3,18.0,,,,,,,26.0,,383.0,2.0,,63.300000000000004,dariusslayton,18706.0,00-0035535,286.0,275.15,28.39,188.0,368.0,9.0,WR100,,Darius Slayton,,,,14.0,76.30000000000001,5.450000000000001,63.0,0.0,,,29.0,7.0,,63.300000000000004,104.0,53.56666666666666,58.43333333333334,False,False,668.0,74.05,1.0,1.0,1.0,1.0,1.0,0.9999999999999996,0.9999999999999996,0.9999999999999947,0.999999999999994,0.9999999999999355,0.9999999999999285,0.999999999999295,0.9999999999992228,0.99999999999305,0.9999999999923719,138.98333333333332,-80.54999999999998,-79.0,98,295,,,,,,,,,,,,,,,
8127,Charlie Kolar,TE,LAC,660.8,999.0,999.0,30.4,38.4,18.0,,,,1.0,2.0,,16.0,,162.0,1.0,,30.4,charliekolar,22756.0,00-0038046,318.0,265.79,54.56,129.0,405.0,10.0,TE40,7.0,Charlie Kolar,,,,13.0,31.200000000000003,2.4000000000000004,15.0,0.0,,,27.0,4.0,3.0,30.4,35.0,64.13333333333334,47.266666666666666,False,False,660.8,73.258,1.0,1.0,1.0,1.0,1.0,0.9999999999999996,0.9999999999999996,0.999999999999994,0.9999999999999933,0.9999999999999261,0.9999999999999181,0.9999999999991755,0.9999999999990905,0.999999999991732,0.999999999990919,128.58333333333334,-81.31666666666668,-74.10000000000001,45,296,,,,,,,,,,,,,,,
8119,Jahan Dotson,WR,ATL,686.3,999.0,999.0,58.2,71.2,18.0,,,,2.0,16.0,,26.0,,316.0,2.0,,58.2,jahandotson,23101.0,00-0037741,320.0,271.88,59.61,167.0,562.0,10.0,WR110,11.0,Jahan Dotson,,,,15.0,41.2,2.746666666666667,36.0,0.0,,,26.0,4.0,2.0,58.2,100.0,56.26666666666667,57.233333333333334,False,False,686.3,76.06299999999999,1.0,1.0,1.0,1.0,1.0,0.9999999999999997,0.9999999999999997,0.999999999999996,0.9999999999999956,0.9999999999999539,0.9999999999999492,0.9999999999995202,0.9999999999994722,0.999999999995469,0.9999999999950351,138.98333333333332,-81.74999999999999,-80.2,99,297,,,,,,,,,,,,,,,
8188,Tyquan Thornton,WR,KC,698.5,999.0,999.0,52.6,62.6,18.0,,,,,,,20.0,,306.0,2.0,,52.6,tyquanthornton,22913.0,00-0038104,270.0,258.42,29.64,171.0,326.0,9.0,WR95,5.0,Tyquan Thornton,,,,12.0,71.30000000000001,5.941666666666667,37.0,0.0,,,26.0,4.0,3.0,52.6,94.0,61.36666666666667,56.983333333333334,False,False,698.5,77.40499999999999,1.0,1.0,1.0,1.0,1.0,0.9999999999999998,0.9999999999999998,0.9999999999999967,0.9999999999999962,0.9999999999999629,0.999999999999959,0.9999999999996252,0.9999999999995881,0.9999999999965574,0.9999999999962319,138.98333333333332,-81.99999999999999,-80.45,100,298,,,,,,,,,,,,,,,
4454,Kendrick Bourne,WR,ARI,672.6,999.0,999.0,61.9,77.4,18.0,,,,,,,31.0,,344.0,2.0,,61.9,kendrickbourne,17066.0,00-0033307,339.0,284.49,38.16,202.0,367.0,10.0,WR117,14.0,Kendrick Bourne,,,,14.0,73.6,5.257142857142857,53.0,0.0,,,31.0,9.0,3.0,61.9,110.0,49.86666666666667,55.88333333333333,False,False,672.6,74.556,1.0,1.0,1.0,1.0,1.0,0.9999999999999996,0.9999999999999996,0.9999999999999951,0.9999999999999944,0.9999999999999408,0.9999999999999345,0.9999999999993611,0.999999999999296,0.9999999999937699,0.9999999999931649,138.98333333333332,-83.1,-81.55000000000001,101,299,,,,,,,,,,,,,,,
11626,Xavier Legette,WR,CAR,686.5,999.0,999.0,54.0,66.0,18.0,,,,1.0,10.0,,24.0,,290.0,2.0,,54.0,xavierlegette,26136.0,00-0039342,277.0,267.14,30.32,180.0,340.0,9.0,WR97,5.0,Xavier Legette,,,,15.0,71.80000000000001,4.786666666666667,64.0,1.0,Questionable,Lower Body,25.0,2.0,3.0,54.0,99.0,57.333333333333336,55.66666666666667,False,False,686.5,76.085,1.0,1.0,1.0,1.0,1.0,0.9999999999999997,0.9999999999999997,0.999999999999996,0.9999999999999956,0.999999999999954,0.9999999999999494,0.9999999999995222,0.9999999999994743,0.9999999999954896,0.9999999999950577,138.98333333333332,-83.31666666666665,-81.76666666666667,102,300,,,,,,,,,,,,,,,
13288,Nicholas Singleton,RB,TEN,214.8,227.3,166.7,57.7,63.7,18.0,,,,65.0,270.0,2.0,12.0,,87.0,1.0,1.0,57.7,nicholassingleton,24343.0,00-0040886,212.0,208.71,38.74,140.0,341.0,8.0,RB64,9.0,Nicholas Singleton,,,,,,,,,,,22.0,0.0,3.0,57.7,64.0,51.6,54.650000000000006,False,False,214.8,24.198,1.0,0.9999999999999987,0.9999999999999982,0.9999999999976408,0.999999999996845,0.9999999984095296,0.9999999979567236,0.9999995891875032,0.9999994928245387,0.999958976705044,0.9999513074629534,0.9983931652336693,0.998164900339808,0.9746911683329685,0.9721503698710118,138.58039215686273,-83.93039215686272,-63.66666666666667,58,301,1.0,1.0,1.0,1.0,1.0,1.0,1.0,1.0,1.0,0.998,0.998,0.996,0.996,0.986,0.986
11647,Kimani Vidal,RB,LAC,225.9,237.8,140.7,53.0,60.0,18.0,,,,60.0,243.0,2.0,14.0,,97.0,,,53.0,kimanividal,26355.0,00-0039391,187.0,198.07,37.38,142.0,364.0,8.0,RB59,7.0,Kimani Vidal,,,,13.0,109.9,8.453846153846154,22.0,155.0,,,25.0,2.0,3.0,53.0,59.0,55.866666666666674,54.43333333333334,False,False,225.9,25.419,1.0,0.9999999999999991,0.9999999999999989,0.9999999999988777,0.9999999999985139,0.9999999993769495,0.9999999992044766,0.9999998551449565,0.999999821609338,0.9999857946555974,0.999983120528731,0.9994058415208169,0.9993183938796057,0.9892046975394009,0.9880319497460794,138.58039215686273,-84.14705882352939,-63.88333333333334,59,302,1.0,1.0,1.0,1.0,1.0,1.0,1.0,1.0,1.0,1.0,1.0,0.999,0.999,0.998,0.998
9494,Marvin Mims,WR,DEN,700.8,219.5,192.2,56.4,69.9,18.0,,,,6.0,36.0,,27.0,,293.0,2.0,1.0,56.4,marvinmims,23080.0,00-0038976,283.0,276.24,25.67,210.0,340.0,9.0,WR99,10.0,Marvin Mims Jr.,,,,15.0,70.5,4.7,51.0,12.0,Questionable,Foot,24.0,3.0,4.0,56.4,105.0,53.06666666666667,54.733333333333334,False,False,700.8,77.65799999999999,1.0,1.0,1.0,1.0,1.0,0.9999999999999998,0.9999999999999998,0.9999999999999968,0.9999999999999964,0.9999999999999643,0.9999999999999607,0.9999999999996421,0.9999999999996066,0.9999999999967284,0.9999999999964198,138.98333333333332,-84.24999999999999,-82.7,103,303,,,,,,,,,,,,,,,
11576,Braelon Allen,RB,NYJ,187.5,208.6,134.7,47.2,52.2,18.0,,,,57.0,233.0,2.0,10.0,,69.0,,,47.2,braelonallen,24346.0,00-0039794,164.0,170.53,29.75,118.0,269.0,7.0,RB56,13.0,Braelon Allen,155.2,26.4,6.0,4.0,14.3,3.575,3.0,18.0,,,22.0,2.0,2.0,47.2,54.0,61.166666666666664,54.18333333333334,False,False,187.5,21.195,1.0,0.9999999999999949,0.9999999999999927,0.9999999999801685,0.9999999999727605,0.9999999778746096,0.9999999711535206,0.999992896790361,0.99999120471467,0.999332398225609,0.9992141891590975,0.9810512353316015,0.9787596673590171,0.8273177535527669,0.8149905172089157,138.58039215686273,-84.39705882352939,-64.13333333333334,60,304,1.0,1.0,1.0,1.0,1.0,1.0,1.0,1.0,1.0,0.998,0.998,0.994,0.994,0.905,0.901
7828,Noah Gray,TE,KC,683.3,999.0,999.0,47.1,59.1,18.0,,,,,,,24.0,,231.0,2.0,,47.1,noahgray,19539.0,00-0036637,343.0,321.9,39.22,223.0,415.0,10.0,TE48,5.0,Noah Gray,,,,14.0,28.3,2.0214285714285714,37.0,0.0,,,27.0,5.0,2.0,47.1,49.0,40.266666666666666,43.68333333333334,False,False,683.3,75.73299999999999,1.0,1.0,1.0,1.0,1.0,0.9999999999999997,0.9999999999999996,0.9999999999999958,0.9999999999999953,0.9999999999999514,0.9999999999999463,0.9999999999994895,0.9999999999994382,0.9999999999951461,0.9999999999946799,128.58333333333334,-84.9,-77.68333333333334,46,305,,,,,,,,,,,,,,,
4035,Alvin Kamara,RB,NO,159.1,167.2,119.3,53.0,63.0,18.0,,,,45.0,185.0,1.0,20.0,,145.0,1.0,1.0,53.0,alvinkamara,16421.0,00-0033906,162.0,171.48,34.05,117.0,332.0,7.0,RB54,8.0,Alvin Kamara,151.9,23.9,17.0,11.0,84.2,7.654545454545455,39.0,131.0,Questionable,Knee,31.0,9.0,4.0,46.76470588235294,55.0,60.333333333333336,53.549019607843135,False,False,159.1,18.071,1.0,0.9999999999999689,0.9999999999999527,0.9999999996705211,0.9999999995330128,0.9999993750090705,0.9999991752233361,0.9997837795899065,0.9997340092702766,0.98578699118242,0.9836610688803232,0.8060031683527815,0.7904329188078816,0.32102547024504235,0.30147239352501565,138.58039215686273,-85.0313725490196,-64.76764705882354,61,306,1.0,1.0,1.0,1.0,1.0,1.0,1.0,1.0,1.0,0.968,0.968,0.921,0.916,0.354,0.308
9502,Tank Dell,WR,HOU,190.6,190.4,186.8,43.4,51.9,18.0,,,,2.0,11.0,,17.0,,218.0,2.0,,43.4,tankdell,25361.0,00-0038977,269.0,233.95,32.56,172.0,328.0,9.0,WR94,8.0,Tank Dell,,,,,,,,,IR,Knee - ACL + MCL,26.0,3.0,6.0,43.4,89.0,63.727450980392156,53.56372549019608,False,False,190.6,21.536,1.0,0.9999999999999958,0.9999999999999938,0.999999999984807,0.9999999999791986,0.9999999840135321,0.9999999791905578,0.9999949695828154,0.9999937713779794,0.9995190654501949,0.9994330678329941,0.9856300396117039,0.9838469175569327,0.8582797564977099,0.8475986783623889,138.98333333333332,-85.41960784313724,-83.86960784313726,104,307,1.0,1.0,1.0,1.0,1.0,1.0,1.0,1.0,1.0,0.998,0.998,0.994,0.994,0.907,0.903
12499,Elic Ayomanor,WR,TEN,699.1,241.5,184.8,46.7,56.7,18.0,,,,,,,20.0,,247.0,2.0,,46.7,elicayomanor,27059.0,00-0040170,268.0,260.2,26.4,191.0,329.0,9.0,WR93,9.0,Elic Ayomanor,,,,16.0,96.0,6.0,89.0,0.0,,,23.0,1.0,5.0,46.7,97.0,59.96666666666667,53.333333333333336,False,False,699.1,77.47099999999999,1.0,1.0,1.0,1.0,1.0,0.9999999999999998,0.9999999999999998,0.9999999999999967,0.9999999999999963,0.9999999999999633,0.9999999999999595,0.9999999999996296,0.9999999999995931,0.9999999999966029,0.999999999996282,138.98333333333332,-85.64999999999998,-84.1,105,308,,,,,,,,,,,,,,,
5995,Justice Hill,RB,BAL,218.9,999.0,999.0,55.7,67.7,18.0,,,,33.0,141.0,1.0,24.0,,176.0,1.0,,55.7,justicehill,18256.0,00-0034975,230.0,225.09,38.92,134.0,303.0,8.0,RB69,13.0,Justice Hill,,,,10.0,54.7,5.470000000000001,27.0,18.0,,,28.0,7.0,2.0,55.7,67.0,49.46666666666666,52.58333333333333,False,False,218.9,24.649,1.0,0.9999999999999989,0.9999999999999984,0.99999999999822,0.9999999999976285,0.9999999988840285,0.9999999985695687,0.9999997225518443,0.9999996577644398,0.9999724205435772,0.9999672474950769,0.9988894201076551,0.9987293416049698,0.9814779313317722,0.9795581577824559,138.58039215686273,-85.9970588235294,-65.73333333333335,62,309,1.0,1.0,1.0,1.0,1.0,1.0,1.0,1.0,1.0,1.0,1.0,0.998,0.998,0.982,0.982
4666,Younghoe Koo,K,,633.7,339.0,314.0,18.0,18.0,18.0,,,,,,,,,,,,18.0,younghoekoo,16910.0,00-0033702,,,,,,,,,,,,,6.0,0.0,0.0,0.0,0.0,,,31.0,9.0,,18.0,,,18.0,False,False,633.7,70.277,1.0,1.0,1.0,1.0,1.0,0.9999999999999993,0.9999999999999993,0.9999999999999906,0.9999999999999895,0.999999999999873,0.9999999999998588,0.9999999999984734,0.9999999999983109,0.9999999999836366,0.9999999999819816,104.16666666666666,-86.16666666666666,-84.83333333333334,39,310,1.0,1.0,1.0,1.0,1.0,1.0,1.0,1.0,1.0,1.0,1.0,1.0,1.0,1.0,1.0
13268,Elijah Sarratt,WR,BAL,695.8,229.2,200.6,50.4,61.4,18.0,,,,1.0,4.0,,22.0,,270.0,2.0,,50.4,elijahsarratt,27463.0,00-0040876,290.0,273.83,25.61,204.0,365.0,9.0,WR103,13.0,Elijah Sarratt,,,,,,,,,,,23.0,0.0,5.0,50.4,103.0,54.26666666666667,52.333333333333336,False,False,695.8,77.10799999999999,1.0,1.0,1.0,1.0,1.0,0.9999999999999998,0.9999999999999997,0.9999999999999964,0.9999999999999962,0.9999999999999611,0.999999999999957,0.9999999999996044,0.9999999999995652,0.9999999999963443,0.9999999999959975,138.98333333333332,-86.64999999999998,-85.1,106,311,,,,,,,,,,,,,,,
4147,Samaje Perine,RB,CIN,629.6,999.0,999.0,62.8,69.8,18.0,,,,66.0,275.0,2.0,14.0,,103.0,1.0,,62.8,samajeperine,16423.0,00-0033526,234.0,240.84,39.99,154.0,382.0,8.0,RB71,6.0,Samaje Perine,,,,15.0,69.4,4.626666666666667,21.0,84.0,,,30.0,9.0,2.0,62.8,74.0,40.76666666666667,51.78333333333333,False,False,629.6,69.826,1.0,1.0,1.0,1.0,1.0,0.9999999999999993,0.9999999999999993,0.9999999999999899,0.9999999999999887,0.9999999999998617,0.9999999999998461,0.9999999999983178,0.9999999999981379,0.9999999999817806,0.9999999999799296,138.58039215686273,-86.7970588235294,-66.53333333333335,63,312,,,,,,,,,,,,,,,
5848,Marquise Brown,WR,PHI,684.9,999.0,999.0,55.0,67.5,18.0,,,,,,,25.0,,305.0,2.0,,55.0,marquisebrown,18226.0,00-0035662,297.0,287.71,26.73,202.0,367.0,9.0,WR104,10.0,Hollywood Brown,,,,16.0,113.2,7.075,74.0,0.0,,,29.0,7.0,4.0,55.0,112.0,47.96666666666667,51.483333333333334,False,False,684.9,75.90899999999999,1.0,1.0,1.0,1.0,1.0,0.9999999999999997,0.9999999999999997,0.9999999999999959,0.9999999999999954,0.9999999999999527,0.9999999999999478,0.9999999999995062,0.9999999999994567,0.9999999999953213,0.9999999999948727,138.98333333333332,-87.49999999999999,-85.95,107,313,,,,,,,,,,,,,,,
9506,Sean Tucker,RB,TB,249.2,243.9,154.5,48.5,52.5,18.0,,,,66.0,288.0,2.0,8.0,,57.0,,1.0,48.5,seantucker,23679.0,00-0038951,196.0,207.86,36.57,141.0,329.0,8.0,RB61,10.0,Sean Tucker,,,,17.0,87.4,5.141176470588236,11.0,86.0,Questionable,Undisclosed,24.0,3.0,3.0,48.5,63.0,52.26666666666667,50.38333333333334,False,False,249.2,27.982,1.0,0.9999999999999996,0.9999999999999996,0.9999999999997164,0.9999999999996317,0.9999999998926996,0.9999999998647215,0.9999999802213471,0.9999999757985232,0.9999982163698538,0.9999978813030893,0.9999207719639667,0.9999086069425295,0.9982483492845513,0.9980366866267498,138.58039215686273,-88.19705882352939,-67.93333333333334,64,314,1.0,1.0,1.0,1.0,1.0,1.0,1.0,1.0,1.0,1.0,1.0,1.0,1.0,1.0,1.0
4137,James Conner,RB,ARI,226.1,230.8,92.4,51.7,57.2,18.0,,,,53.0,220.0,2.0,11.0,,82.0,1.0,1.0,51.7,jamesconner,16447.0,00-0033553,239.0,231.81,38.65,153.0,343.0,9.0,RB72,14.0,James Conner,,,,3.0,29.3,9.766666666666667,9.0,32.0,IR,Foot,31.0,9.0,4.0,51.7,71.0,47.05490196078431,49.377450980392155,False,False,226.1,25.441,1.0,0.9999999999999991,0.9999999999999989,0.999999999998892,0.9999999999985331,0.9999999993869971,0.999999999217392,0.9999998577576694,0.9999998248355145,0.9999860576159109,0.9999834328100337,0.9994162999309237,0.999330346016674,0.9893709429444182,0.9882148475054341,138.58039215686273,-89.20294117647057,-68.93921568627452,65,315,1.0,1.0,1.0,1.0,1.0,1.0,1.0,1.0,1.0,1.0,1.0,1.0,1.0,0.995,0.995
8917,KaVontae Turpin,WR,DAL,693.4,999.0,999.0,61.0,71.5,18.0,,,,14.0,77.0,1.0,21.0,,268.0,2.0,1.0,61.0,kavontaeturpin,18520.0,00-0037801,364.0,301.11,46.31,236.0,395.0,11.0,WR129,14.0,KaVontae Turpin,,,,15.0,71.5,4.766666666666667,38.0,17.0,,,30.0,4.0,4.0,61.0,118.0,37.766666666666666,49.38333333333333,False,False,693.4,76.844,1.0,1.0,1.0,1.0,1.0,0.9999999999999998,0.9999999999999997,0.9999999999999964,0.999999999999996,0.9999999999999594,0.9999999999999551,0.9999999999995848,0.9999999999995436,0.9999999999961422,0.9999999999957756,138.98333333333332,-89.6,-88.05000000000001,108,316,,,,,,,,,,,,,,,
13319,Oscar Delp,TE,NO,677.9,999.0,999.0,30.9,39.4,18.0,,,,,,,17.0,,164.0,1.0,,30.900000000000002,oscardelp,25430.0,00-0041041,330.0,310.92,41.6,230.0,439.0,10.0,TE43,8.0,Oscar Delp,,,,,,,,,Questionable,Hamstring,23.0,0.0,3.0,30.900000000000002,45.0,46.699999999999996,38.8,False,False,677.9,75.139,1.0,1.0,1.0,1.0,1.0,0.9999999999999997,0.9999999999999996,0.9999999999999954,0.9999999999999949,0.9999999999999463,0.9999999999999407,0.9999999999994288,0.999999999999371,0.999999999994499,0.9999999999939677,128.58333333333334,-89.78333333333335,-82.56666666666668,47,317,,,,,,,,,,,,,,,
13402,Skyler Bell,WR,BUF,691.0,999.0,999.0,52.6,63.6,18.0,,,,1.0,5.0,,22.0,,291.0,2.0,,52.6,skylerbell,28126.0,00-0041443,300.0,288.88,43.45,196.0,542.0,9.0,WR106,7.0,Skyler Bell,,,,,,,,,,,24.0,0.0,5.0,52.6,114.0,45.76666666666667,49.18333333333334,False,False,691.0,76.58,1.0,1.0,1.0,1.0,1.0,0.9999999999999998,0.9999999999999997,0.9999999999999962,0.9999999999999958,0.9999999999999576,0.9999999999999533,0.9999999999995641,0.9999999999995207,0.9999999999959279,0.9999999999955399,138.98333333333332,-89.79999999999998,-88.25,109,318,,,,,,,,,,,,,,,
1373,Geno Smith,QB,NYJ,257.0,999.0,999.0,222.48,222.48,18.0,3372.0,22.0,14.0,45.0,156.0,1.0,,,,,4.0,222.48,genosmith,11687.0,00-0030565,206.0,238.54,47.35,133.0,590.0,8.0,QB29,13.0,Geno Smith,,,,15.0,188.9,12.593333333333334,0.0,41.0,,,35.0,13.0,1.0,222.48,29.0,181.72,202.1,False,False,257.0,28.84,1.0,0.9999999999999998,0.9999999999999996,0.9999999999998124,0.9999999999997577,0.9999999999370482,0.9999999999209593,0.9999999892738314,0.9999999869064464,0.9999990682200812,0.9999988939254829,0.999958489246747,0.9999520687046062,0.9990432151470863,0.9989248749727493,292.1733333333334,-90.07333333333341,-77.13000000000002,27,319,1.0,1.0,1.0,1.0,1.0,1.0,1.0,1.0,1.0,1.0,1.0,1.0,1.0,1.0,1.0
5230,Michael Badgley,K,,503.6,698.0,999.0,14.0,14.0,18.0,,,,,,,,,,,,14.0,michaelbadgley,17693.0,00-0034084,,,,,,,,,,,,,9.0,0.0,0.0,0.0,0.0,,,30.0,7.0,,14.0,,,14.0,False,False,503.6,55.966,1.0,1.0,1.0,0.9999999999999998,0.9999999999999998,0.9999999999999942,0.9999999999999933,0.9999999999998472,0.9999999999998256,0.9999999999966308,0.9999999999961823,0.9999999999379634,0.9999999999302307,0.9999999990458837,0.9999999989349635,104.16666666666666,-90.16666666666666,-88.83333333333334,40,320,1.0,1.0,1.0,1.0,1.0,1.0,1.0,1.0,1.0,1.0,1.0,1.0,1.0,1.0,1.0
503,Graham Gano,K,,665.0,691.0,999.0,14.0,14.0,18.0,,,,,,,,,,,,14.0,grahamgano,9232.0,00-0026858,,,,,,,,,,,,,5.0,0.0,0.0,0.0,0.0,Questionable,Neck,38.0,17.0,,14.0,,,14.0,False,False,665.0,73.72,1.0,1.0,1.0,1.0,1.0,0.9999999999999996,0.9999999999999996,0.9999999999999944,0.9999999999999938,0.9999999999999317,0.9999999999999244,0.9999999999992477,0.9999999999991704,0.9999999999925313,0.9999999999918003,104.16666666666666,-90.16666666666666,-88.83333333333334,41,321,1.0,1.0,1.0,1.0,1.0,1.0,1.0,1.0,1.0,1.0,1.0,1.0,1.0,1.0,1.0
17,Matt Prater,K,,669.2,687.8,999.0,14.0,14.0,18.0,,,,,,,,,,,,14.0,mattprater,9443.0,00-0023853,,,,,,,,,,,,,15.0,0.0,0.0,0.0,0.0,,,41.0,20.0,,14.0,,,14.0,False,False,669.2,74.182,1.0,1.0,1.0,1.0,1.0,0.9999999999999996,0.9999999999999996,0.9999999999999948,0.9999999999999942,0.9999999999999369,0.9999999999999302,0.9999999999993129,0.9999999999992427,0.9999999999932463,0.9999999999925882,104.16666666666666,-90.16666666666666,-88.83333333333334,42,322,1.0,1.0,1.0,1.0,1.0,1.0,1.0,1.0,1.0,1.0,1.0,1.0,1.0,1.0,1.0
11435,Emanuel Wilson,RB,SEA,265.7,250.3,160.6,51.0,56.5,18.0,,,,61.0,249.0,2.0,11.0,,86.0,,,51.0,emanuelwilson,25885.0,00-0038797,249.0,233.74,40.39,140.0,369.0,9.0,RB75,11.0,Emanuel Wilson,,,,17.0,85.0,5.0,17.0,125.0,,,27.0,3.0,3.0,51.0,72.0,45.28823529411765,48.14411764705882,False,False,265.7,29.797,1.0,0.9999999999999998,0.9999999999999998,0.9999999999998787,0.9999999999998442,0.9999999999642399,0.9999999999553016,0.9999999944166846,0.9999999932029298,0.9999995365008797,0.9999994503459375,0.9999794390381589,0.9999762422987393,0.9995090003366445,0.9994469974182936,138.58039215686273,-90.43627450980391,-70.17254901960786,66,323,,,,,,,,,,,,,,,
13278,Max Klare,TE,LAR,694.2,248.8,211.5,45.1,56.1,18.0,,,,,,,22.0,,221.0,2.0,,45.1,maxklare,27993.0,00-0041510,355.0,338.12,43.24,253.0,473.0,11.0,TE51,11.0,Max Klare,,,,,,,,,,,23.0,0.0,5.0,45.1,52.0,30.96666666666667,38.03333333333333,False,False,694.2,76.932,1.0,1.0,1.0,1.0,1.0,0.9999999999999998,0.9999999999999997,0.9999999999999964,0.999999999999996,0.99999999999996,0.9999999999999558,0.9999999999995914,0.9999999999995509,0.9999999999962109,0.9999999999958511,128.58333333333334,-90.55000000000001,-83.33333333333334,48,324,,,,,,,,,,,,,,,
13434,Will Kacmarek,TE,MIA,537.3,999.0,999.0,49.1,61.6,18.0,,,,,,,25.0,,246.0,2.0,,49.1,willkacmarek,28403.0,00-0041524,435.0,358.89,61.11,243.0,453.0,12.0,TE68,6.0,Will Kacmarek,,,,,,,,,,,23.0,0.0,2.0,49.1,58.0,26.5,37.8,False,False,537.3,59.672999999999995,1.0,1.0,1.0,0.9999999999999999,0.9999999999999999,0.9999999999999971,0.9999999999999967,0.9999999999999338,0.999999999999925,0.9999999999987337,0.999999999998573,0.9999999999793447,0.9999999999768763,0.999999999712449,0.9999999996802009,128.58333333333334,-90.78333333333335,-83.56666666666668,49,325,,,,,,,,,,,,,,,
4177,Mack Hollins,WR,NE,697.0,999.0,999.0,47.6,57.6,18.0,,,,1.0,6.0,,20.0,,250.0,2.0,,47.6,mackhollins,16489.0,00-0033555,299.0,288.74,28.44,214.0,409.0,9.0,WR105,11.0,Mack Hollins,,,,14.0,90.4,6.457142857142857,65.0,1.0,,,32.0,9.0,4.0,47.6,113.0,47.166666666666664,47.38333333333333,False,False,697.0,77.24,1.0,1.0,1.0,1.0,1.0,0.9999999999999998,0.9999999999999997,0.9999999999999966,0.9999999999999962,0.9999999999999619,0.999999999999958,0.9999999999996139,0.9999999999995756,0.9999999999964407,0.9999999999961037,138.98333333333332,-91.6,-90.05000000000001,110,326,,,,,,,,,,,,,,,
13414,Kaelon Black,RB,SF,161.4,175.4,999.0,39.3,42.3,18.0,,,,49.0,200.0,2.0,6.0,,43.0,,,39.3,kaelonblack,28401.0,00-0041052,201.0,201.93,48.0,130.0,357.0,8.0,RB62,8.0,Kaelon Black,160.0,32.4,8.0,,,,,,,,24.0,0.0,2.0,39.3,60.0,54.63333333333333,46.96666666666667,False,False,161.4,18.324,1.0,0.9999999999999738,0.9999999999999603,0.9999999997448301,0.9999999996392914,0.9999995355546959,0.999999387531754,0.9998386595625728,0.9998012990009435,0.9888909539231759,0.9871940189152472,0.835681001081918,0.8218107385809311,0.3696061123612302,0.349204150798212,138.58039215686273,-91.61372549019606,-71.35000000000001,67,327,1.0,1.0,1.0,1.0,1.0,1.0,1.0,1.0,1.0,0.971,0.971,0.923,0.921,0.412,0.358
13421,Eli Raridon,TE,NE,695.1,999.0,999.0,26.0,33.0,18.0,,,,,,,14.0,,130.0,1.0,,26.0,eliraridon,28154.0,00-0041395,332.0,309.82,49.05,192.0,411.0,10.0,TE44,11.0,Eli Raridon,,,,,,,,,,,22.0,0.0,2.0,26.0,44.0,47.56666666666667,36.78333333333333,False,False,695.1,77.03099999999999,1.0,1.0,1.0,1.0,1.0,0.9999999999999998,0.9999999999999997,0.9999999999999964,0.9999999999999961,0.9999999999999606,0.9999999999999565,0.9999999999995988,0.999999999999559,0.9999999999962865,0.9999999999959341,128.58333333333334,-91.80000000000001,-84.58333333333334,50,328,,,,,,,,,,,,,,,
11370,Chris Brooks,RB,GB,695.2,999.0,999.0,49.3,56.3,18.0,,,,50.0,203.0,2.0,14.0,,100.0,,,49.3,chrisbrooks,25823.0,00-0038685,241.0,239.35,48.63,129.0,521.0,9.0,RB73,11.0,Chris Brooks,,,,17.0,26.200000000000003,1.5411764705882354,17.0,27.0,,,26.0,3.0,2.0,49.3,73.0,43.25490196078431,46.27745098039215,False,False,695.2,77.042,1.0,1.0,1.0,1.0,1.0,0.9999999999999998,0.9999999999999997,0.9999999999999964,0.9999999999999961,0.9999999999999607,0.9999999999999566,0.9999999999995997,0.9999999999995599,0.9999999999962949,0.9999999999959432,138.58039215686273,-92.30294117647057,-72.03921568627453,68,329,,,,,,,,,,,,,,,
13400,Justin Joly,TE,MIA,683.8,999.0,999.0,46.5,58.0,18.0,,,,,,,23.0,,230.0,2.0,,46.5,justinjoly,28079.0,00-0041077,412.0,364.15,53.34,283.0,515.0,11.0,TE61,6.0,Justin Joly,,,,,,,,,,,22.0,0.0,4.0,46.5,61.0,26.03333333333333,36.266666666666666,False,False,683.8,75.78799999999998,1.0,1.0,1.0,1.0,1.0,0.9999999999999997,0.9999999999999996,0.9999999999999958,0.9999999999999953,0.9999999999999518,0.9999999999999467,0.9999999999994948,0.9999999999994441,0.9999999999952016,0.999999999994741,128.58333333333334,-92.31666666666668,-85.10000000000001,51,330,,,,,,,,,,,,,,,
12503,Isaiah Bond,WR,CLE,682.5,999.0,999.0,51.8,62.8,18.0,,,,3.0,19.0,,22.0,,269.0,2.0,,51.800000000000004,isaiahbond,24371.0,00-0040782,303.0,297.28,27.58,222.0,370.0,10.0,WR107,11.0,Isaiah Bond,,,,15.0,45.7,3.046666666666667,44.0,5.0,,,22.0,1.0,4.0,51.800000000000004,116.0,41.266666666666666,46.53333333333333,False,False,682.5,75.645,1.0,1.0,1.0,1.0,1.0,0.9999999999999997,0.9999999999999996,0.9999999999999958,0.9999999999999953,0.9999999999999507,0.9999999999999455,0.9999999999994811,0.9999999999994289,0.9999999999950557,0.9999999999945806,138.98333333333332,-92.44999999999999,-90.9,111,331,,,,,,,,,,,,,,,
13405,Kaytron Allen,RB,WAS,233.6,239.1,156.6,41.9,45.9,18.0,,,,53.0,220.0,2.0,8.0,,59.0,,1.0,41.9,kaytronallen,24362.0,00-0041096,209.0,217.98,33.74,151.0,354.0,8.0,RB63,7.0,Kaytron Allen,,,,,,,,,,,23.0,0.0,3.0,41.9,66.0,50.29999999999999,46.099999999999994,False,False,233.6,26.266,1.0,0.9999999999999993,0.9999999999999991,0.9999999999993059,0.9999999999990867,0.9999999996617239,0.9999999995699094,0.9999999270847835,0.9999999103816121,0.9999930050259139,0.9999916863510928,0.9996985318826224,0.9996533538156853,0.994074686407129,0.9934029966100564,138.58039215686273,-92.48039215686273,-72.21666666666668,69,332,1.0,1.0,1.0,1.0,1.0,1.0,1.0,1.0,1.0,1.0,1.0,0.999,0.999,0.994,0.994
6271,Olamide Zaccheaus,WR,ATL,697.7,999.0,999.0,60.8,75.8,18.0,,,,2.0,12.0,,30.0,,326.0,2.0,,60.800000000000004,olamidezaccheaus,18864.0,00-0035208,350.0,310.09,37.95,238.0,379.0,11.0,WR121,11.0,Olamide Zaccheaus,,,,14.0,65.3,4.664285714285714,65.0,4.0,,,29.0,7.0,3.0,60.800000000000004,122.0,31.733333333333334,46.266666666666666,False,False,697.7,77.317,1.0,1.0,1.0,1.0,1.0,0.9999999999999998,0.9999999999999997,0.9999999999999967,0.9999999999999962,0.9999999999999624,0.9999999999999585,0.9999999999996192,0.9999999999995814,0.9999999999964958,0.9999999999961642,138.98333333333332,-92.71666666666665,-91.16666666666667,112,333,,,,,,,,,,,,,,,
3271,Tyler Higbee,TE,LAR,651.9,999.0,999.0,25.9,32.9,18.0,,,,,,,14.0,,129.0,1.0,,25.9,tylerhigbee,15623.0,00-0033110,346.0,318.63,34.74,249.0,418.0,10.0,TE49,11.0,Tyler Higbee,,,,10.0,58.6,5.86,36.0,0.0,,,33.0,10.0,3.0,25.9,48.0,44.73333333333333,35.31666666666666,False,False,651.9,72.279,1.0,1.0,1.0,1.0,1.0,0.9999999999999996,0.9999999999999994,0.9999999999999931,0.9999999999999922,0.9999999999999121,0.9999999999999024,0.9999999999989955,0.9999999999988909,0.9999999999897071,0.9999999999886859,128.58333333333334,-93.26666666666668,-86.05000000000001,52,334,,,,,,,,,,,,,,,
6803,Brandon Aiyuk,WR,SF,267.4,251.4,176.7,41.6,49.6,18.0,,,,,3.0,,16.0,,213.0,2.0,,41.6,brandonaiyuk,19252.0,00-0036261,321.0,286.86,54.95,175.0,558.0,10.0,WR111,8.0,Brandon Aiyuk,,,,,,,,,DNR,Knee - ACL + MCL,28.0,6.0,9.0,41.6,111.0,48.93333333333334,45.266666666666666,False,False,267.4,29.983999999999998,1.0,0.9999999999999998,0.9999999999999998,0.9999999999998883,0.9999999999998568,0.9999999999678716,0.9999999999598757,0.999999995068195,0.999999993999307,0.9999995943527897,0.9999995190566302,0.9999820349220971,0.9999792398438919,0.9995685330495999,0.9995138571820747,138.98333333333332,-93.71666666666665,-92.16666666666667,113,335,,,,,,,,,,,,,,,
11643,Jaylen Wright,RB,MIA,221.2,247.9,173.8,41.1,44.1,18.0,,,,53.0,223.0,2.0,6.0,,38.0,,,41.1,jaylenwright,25987.0,00-0039874,216.0,227.94,30.94,145.0,336.0,8.0,RB65,6.0,Jaylen Wright,,,,9.0,45.7,5.077777777777778,9.0,70.0,,,23.0,2.0,2.0,41.1,69.0,47.666666666666664,44.38333333333333,False,False,221.2,24.901999999999997,1.0,0.999999999999999,0.9999999999999987,0.9999999999984743,0.9999999999979716,0.9999999990812978,0.999999998823926,0.9999997765218585,0.9999997244782063,0.9999778673725714,0.9999737099299442,0.9990964546124659,0.9989652537682232,0.9844758565850646,0.9828401745240138,138.58039215686273,-94.1970588235294,-73.93333333333334,70,336,1.0,1.0,1.0,1.0,1.0,1.0,1.0,1.0,1.0,1.0,1.0,1.0,1.0,0.996,0.996
4950,Christian Kirk,WR,SF,692.7,241.7,209.5,36.9,46.4,18.0,,,,1.0,9.0,,19.0,,205.0,1.0,,36.9,christiankirk,17268.0,00-0034775,287.0,277.87,37.96,177.0,415.0,9.0,WR101,8.0,Christian Kirk,,,,11.0,43.900000000000006,3.9909090909090916,52.0,0.0,IR,Calf,29.0,8.0,7.0,36.9,106.0,52.400000000000006,44.650000000000006,False,False,692.7,76.767,1.0,1.0,1.0,1.0,1.0,0.9999999999999998,0.9999999999999997,0.9999999999999963,0.999999999999996,0.9999999999999589,0.9999999999999547,0.999999999999579,0.999999999999537,0.9999999999960811,0.9999999999957083,138.98333333333332,-94.33333333333331,-92.78333333333333,114,337,,,,,,,,,,,,,,,
13435,Joe Royer,TE,CLE,553.0,683.0,999.0,46.3,57.8,18.0,,,,,,,23.0,,228.0,2.0,,46.3,joeroyer,27312.0,00-0041087,503.0,441.6,57.57,342.0,491.0,12.0,TE85,11.0,Joe Royer,,,,,,,,,PUP,Personal,24.0,0.0,5.0,46.3,83.0,20.666666666666668,33.483333333333334,False,False,553.0,61.4,1.0,1.0,1.0,0.9999999999999999,0.9999999999999999,0.9999999999999978,0.9999999999999976,0.9999999999999538,0.9999999999999476,0.9999999999991691,0.9999999999990659,0.9999999999871558,0.9999999999856504,0.9999999998290743,0.9999999998102265,128.58333333333334,-95.10000000000001,-87.88333333333334,53,338,,,,,,,,,,,,,,,
8258,Cade York,K,,519.9,350.0,350.0,9.0,9.0,18.0,,,,,,,,,,,,9.0,cadeyork,24549.0,00-0038097,,,,,,,,,,,,,,,,,,,,25.0,4.0,,9.0,,,9.0,False,False,519.9,57.759,1.0,1.0,1.0,0.9999999999999998,0.9999999999999998,0.9999999999999958,0.9999999999999953,0.9999999999998992,0.9999999999998853,0.999999999997929,0.9999999999976596,0.9999999999640725,0.9999999999596849,0.9999999994736696,0.9999999994135323,104.16666666666666,-95.16666666666666,-93.83333333333334,43,339,1.0,1.0,1.0,1.0,1.0,1.0,1.0,1.0,1.0,1.0,1.0,1.0,1.0,1.0,1.0
12467,Jordan James,RB,SF,221.9,999.0,999.0,54.2,59.7,18.0,,,,68.0,287.0,2.0,11.0,,80.0,,,54.2,jordanjames,27310.0,00-0040177,261.0,253.91,40.05,146.0,380.0,9.0,RB77,8.0,Jordan James,,,,,,,,,,,22.0,1.0,3.0,54.2,78.0,31.900000000000002,43.050000000000004,False,False,221.9,24.979000000000003,1.0,0.999999999999999,0.9999999999999987,0.9999999999985436,0.9999999999980648,0.999999999133595,0.9999999988913044,0.9999997906471096,0.9999997419342782,0.9999792927651789,0.9999754015573377,0.999151320568677,0.999027822575995,0.9852906290272605,0.9837333378830526,138.58039215686273,-95.53039215686272,-75.26666666666668,71,340,1.0,1.0,1.0,1.0,1.0,1.0,1.0,1.0,1.0,1.0,1.0,1.0,1.0,0.995,0.995
11571,Isaiah Davis,RB,NYJ,695.4,999.0,999.0,54.0,60.5,18.0,,,,62.0,261.0,2.0,13.0,,94.0,,,54.0,isaiahdavis,25977.0,00-0039798,266.0,262.73,24.45,186.0,363.0,9.0,RB78,13.0,Isaiah Davis,,,,16.0,58.7,3.66875,28.0,43.0,Questionable,Knee,24.0,2.0,3.0,54.0,80.0,29.700000000000003,41.85,False,False,695.4,77.064,1.0,1.0,1.0,1.0,1.0,0.9999999999999998,0.9999999999999997,0.9999999999999964,0.9999999999999961,0.9999999999999608,0.9999999999999567,0.9999999999996012,0.9999999999995617,0.9999999999963114,0.9999999999959615,138.58039215686273,-96.73039215686273,-76.46666666666667,72,341,,,,,,,,,,,,,,,
12548,Lenny Krieg,K,GB,521.0,677.5,999.0,6.0,6.0,18.0,,,,,,,,,,,,6.0,lennykrieg,,00-0040003,,,,,,,,,,,,,,,,,,,,24.0,4.0,,6.0,,,6.0,False,False,521.0,57.88,1.0,1.0,1.0,0.9999999999999998,0.9999999999999998,0.999999999999996,0.9999999999999953,0.999999999999902,0.9999999999998884,0.999999999997994,0.9999999999977336,0.9999999999653385,0.9999999999611113,0.999999999493866,0.9999999994361042,104.16666666666666,-98.16666666666666,-96.83333333333334,44,342,1.0,1.0,1.0,1.0,1.0,1.0,1.0,1.0,1.0,1.0,1.0,1.0,1.0,1.0,1.0
13838,Will Ferrin,K,,564.9,442.2,999.0,6.0,6.0,18.0,,,,,,,,,,,,6.0,willferrin,,,,,,,,,,,,,,,,,,,,,,,0.0,,6.0,,,6.0,False,False,564.9,62.708999999999996,1.0,1.0,1.0,1.0,0.9999999999999999,0.9999999999999982,0.999999999999998,0.9999999999999643,0.9999999999999597,0.999999999999388,0.9999999999993132,0.9999999999909093,0.9999999999898592,0.9999999998830172,0.9999999998702819,104.16666666666666,-98.16666666666666,-96.83333333333334,45,343,1.0,1.0,1.0,1.0,1.0,1.0,1.0,1.0,1.0,1.0,1.0,1.0,1.0,1.0,1.0
12547,Kyle Williams,WR,NE,683.8,222.1,195.2,26.2,31.2,18.0,,,,1.0,4.0,,10.0,,148.0,1.0,,26.2,kylewilliams,27487.0,00-0040131,288.0,272.71,30.3,189.0,393.0,9.0,WR102,11.0,Kyle Williams,,,,14.0,44.2,3.1571428571428575,21.0,2.0,,,23.0,1.0,5.0,26.2,101.0,55.36666666666667,40.78333333333333,False,False,683.8,75.78799999999998,1.0,1.0,1.0,1.0,1.0,0.9999999999999997,0.9999999999999996,0.9999999999999958,0.9999999999999953,0.9999999999999518,0.9999999999999467,0.9999999999994948,0.9999999999994441,0.9999999999952016,0.999999999994741,138.98333333333332,-98.19999999999999,-96.65,115,344,,,,,,,,,,,,,,,
10218,Xavier Hutchinson,WR,HOU,679.1,999.0,999.0,29.7,36.7,18.0,,,,,,,14.0,,167.0,1.0,,29.7,xavierhutchinson,25332.0,00-0038618,325.0,282.02,40.66,185.0,378.0,10.0,WR112,8.0,Xavier Hutchinson,,,,16.0,80.5,5.03125,57.0,3.0,,,26.0,3.0,4.0,29.7,108.0,51.400000000000006,40.550000000000004,False,False,679.1,75.271,1.0,1.0,1.0,1.0,1.0,0.9999999999999997,0.9999999999999996,0.9999999999999956,0.999999999999995,0.9999999999999475,0.9999999999999419,0.9999999999994429,0.9999999999993867,0.9999999999946506,0.9999999999941347,138.98333333333332,-98.43333333333331,-96.88333333333333,116,345,,,,,,,,,,,,,,,
13329,Malik Benson,WR,LV,543.5,999.0,999.0,50.1,60.6,18.0,,,,,,,21.0,,276.0,2.0,,50.1,malikbenson,26012.0,00-0040894,345.0,313.97,58.07,237.0,595.0,10.0,WR119,13.0,Malik Benson,,,,,,,,,,,23.0,0.0,4.0,50.1,125.0,31.0,40.55,False,False,543.5,60.355000000000004,1.0,1.0,1.0,0.9999999999999999,0.9999999999999999,0.9999999999999973,0.999999999999997,0.9999999999999427,0.9999999999999349,0.9999999999989304,0.9999999999987959,0.9999999999829237,0.9999999999808986,0.9999999997664949,0.9999999997404818,138.98333333333332,-98.43333333333332,-96.88333333333334,117,346,,,,,,,,,,,,,,,
4144,Jonnu Smith,TE,GB,695.2,999.0,999.0,28.4,35.9,18.0,,,,2.0,10.0,,15.0,,139.0,1.0,,28.4,jonnusmith,16460.0,00-0033858,389.0,328.39,56.81,239.0,394.0,11.0,TE56,11.0,Jonnu Smith,,,,17.0,66.2,3.894117647058824,54.0,9.0,,,31.0,9.0,2.0,28.4,51.0,31.8,30.1,False,False,695.2,77.042,1.0,1.0,1.0,1.0,1.0,0.9999999999999998,0.9999999999999997,0.9999999999999964,0.9999999999999961,0.9999999999999607,0.9999999999999566,0.9999999999995997,0.9999999999995599,0.9999999999962949,0.9999999999959432,128.58333333333334,-98.48333333333335,-91.26666666666668,54,347,,,,,,,,,,,,,,,
5857,Noah Fant,TE,NO,642.2,999.0,999.0,29.1,36.6,18.0,,,,,,,15.0,,156.0,1.0,,29.1,noahfant,17527.0,00-0035644,374.0,346.76,37.09,239.0,420.0,11.0,TE52,8.0,Noah Fant,,,,13.0,57.8,4.446153846153846,41.0,0.0,,,28.0,7.0,2.0,29.1,53.0,30.133333333333336,29.616666666666667,False,False,642.2,71.212,1.0,1.0,1.0,1.0,1.0,0.9999999999999994,0.9999999999999993,0.9999999999999918,0.9999999999999909,0.9999999999998932,0.9999999999998814,0.9999999999987477,0.9999999999986157,0.9999999999868576,0.9999999999855401,128.58333333333334,-98.96666666666667,-91.75,55,348,,,,,,,,,,,,,,,
12457,Jaydon Blue,RB,PHI,233.1,228.6,188.8,52.1,56.6,18.0,,,,68.0,289.0,2.0,9.0,,67.0,,,52.1,jaydonblue,24344.0,00-0040586,305.0,279.19,44.4,175.0,496.0,10.0,RB89,10.0,Jaydon Blue,,,,5.0,19.9,3.9799999999999995,1.0,38.0,,,22.0,1.0,,52.1,84.0,27.099999999999998,39.6,False,False,233.1,26.211,1.0,0.9999999999999993,0.9999999999999991,0.9999999999992844,0.9999999999990583,0.999999999648364,0.9999999995528007,0.9999999238282304,0.9999999063665352,0.9999926807282957,0.9999913009467709,0.9996850617236893,0.9996379138105533,0.9938386508950547,0.9931419556030612,138.58039215686273,-98.98039215686273,-78.71666666666667,73,349,1.0,1.0,1.0,1.0,1.0,1.0,1.0,1.0,1.0,1.0,1.0,1.0,1.0,1.0,1.0
8225,Daniel Bellinger,TE,TEN,680.8,999.0,999.0,31.6,40.1,18.0,,,,,,,17.0,,171.0,1.0,,31.6,danielbellinger,24238.0,00-0038115,388.0,358.53,34.73,308.0,432.0,11.0,TE55,9.0,Daniel Bellinger,,,,13.0,50.1,3.853846153846154,26.0,0.0,,,25.0,4.0,2.0,31.6,57.0,27.23333333333333,29.416666666666664,False,False,680.8,75.45799999999998,1.0,1.0,1.0,1.0,1.0,0.9999999999999997,0.9999999999999996,0.9999999999999956,0.9999999999999951,0.9999999999999492,0.9999999999999438,0.9999999999994624,0.9999999999994083,0.9999999999948577,0.9999999999943625,128.58333333333334,-99.16666666666669,-91.95000000000002,56,350,,,,,,,,,,,,,,,
10231,Elijah Higgins,TE,ARI,668.1,999.0,999.0,32.9,41.9,18.0,,,,,,,18.0,,179.0,1.0,,32.900000000000006,elijahhiggins,23119.0,00-0039041,390.0,365.63,42.44,262.0,446.0,11.0,TE57,14.0,Elijah Higgins,,,,17.0,43.1,2.5352941176470587,37.0,0.0,,,25.0,3.0,2.0,32.900000000000006,63.0,25.7,29.300000000000004,False,False,668.1,74.06099999999999,1.0,1.0,1.0,1.0,1.0,0.9999999999999996,0.9999999999999996,0.9999999999999947,0.9999999999999941,0.9999999999999356,0.9999999999999287,0.9999999999992965,0.9999999999992245,0.9999999999930667,0.9999999999923902,128.58333333333334,-99.28333333333333,-92.06666666666666,57,351,,,,,,,,,,,,,,,
8117,Jalen Tolbert,WR,MIA,617.2,999.0,999.0,27.7,34.2,18.0,,,,,,,13.0,,152.0,1.0,,27.700000000000003,jalentolbert,23770.0,00-0037666,331.0,284.38,41.08,195.0,378.0,10.0,WR114,6.0,Jalen Tolbert,,,,12.0,35.3,2.9416666666666664,34.0,0.0,,,27.0,4.0,3.0,27.700000000000003,109.0,50.76666666666667,39.233333333333334,False,False,617.2,68.462,1.0,1.0,1.0,1.0,1.0,0.9999999999999992,0.9999999999999991,0.9999999999999873,0.9999999999999858,0.9999999999998199,0.9999999999997993,0.9999999999977285,0.999999999997482,0.999999999974606,0.9999999999719922,138.98333333333332,-99.74999999999999,-98.2,118,352,,,,,,,,,,,,,,,
1339,Zach Ertz,TE,,646.0,999.0,999.0,28.7,36.7,18.0,,,,,,,16.0,,147.0,1.0,,28.700000000000003,zachertz,11689.0,00-0030061,454.0,354.14,34.14,298.0,401.0,12.0,TE75,,Zach Ertz,,,,13.0,99.4,7.6461538461538465,72.0,0.0,,,35.0,13.0,,28.700000000000003,55.0,28.733333333333334,28.71666666666667,False,False,646.0,71.63,1.0,1.0,1.0,1.0,1.0,0.9999999999999996,0.9999999999999993,0.9999999999999925,0.9999999999999916,0.9999999999999011,0.9999999999998902,0.999999999998852,0.9999999999987317,0.9999999999880661,0.9999999999868745,128.58333333333334,-99.86666666666667,-92.65,58,353,,,,,,,,,,,,,,,
13533,Barion Brown,WR,NO,668.3,999.0,999.0,52.0,63.0,18.0,,,,,,,22.0,,290.0,2.0,,52.0,barionbrown,25416.0,00-0041099,391.0,345.11,111.19,237.0,651.0,11.0,WR139,8.0,Barion Brown,,,,,,,,,,,22.0,0.0,4.0,52.0,135.0,26.03333333333333,39.016666666666666,False,False,668.3,74.08299999999998,1.0,1.0,1.0,1.0,1.0,0.9999999999999996,0.9999999999999996,0.9999999999999947,0.9999999999999941,0.9999999999999358,0.999999999999929,0.9999999999992994,0.9999999999992278,0.9999999999930997,0.9999999999924266,138.98333333333332,-99.96666666666665,-98.41666666666667,119,354,,,,,,,,,,,,,,,
13411,Zavion Thomas,WR,CHI,673.4,999.0,999.0,47.2,57.2,18.0,,,,,,,20.0,,252.0,2.0,,47.2,zavionthomas,28132.0,00-0041051,351.0,317.65,65.56,201.0,598.0,11.0,WR122,10.0,Zavion Thomas,,,,,,,,,,,22.0,0.0,4.0,47.2,126.0,30.5,38.85,False,False,673.4,74.64399999999999,1.0,1.0,1.0,1.0,1.0,0.9999999999999996,0.9999999999999996,0.9999999999999951,0.9999999999999946,0.9999999999999416,0.9999999999999355,0.9999999999993718,0.9999999999993079,0.9999999999938864,0.9999999999932934,138.98333333333332,-100.13333333333333,-98.58333333333334,120,355,,,,,,,,,,,,,,,
12504,Kaleb Johnson,RB,GB,196.8,214.0,172.7,29.5,32.0,18.0,,,,42.0,174.0,1.0,5.0,,36.0,,,29.500000000000004,kalebjohnson,27165.0,00-0040142,233.0,228.34,49.45,122.0,525.0,8.0,RB70,11.0,Kaleb Johnson,,,,10.0,8.3,0.8300000000000001,2.0,28.0,,,23.0,1.0,3.0,29.500000000000004,70.0,47.23333333333334,38.366666666666674,False,False,196.8,22.218,1.0,0.9999999999999969,0.9999999999999956,0.9999999999908998,0.9999999999876188,0.9999999914763082,0.9999999889410905,0.9999974345892628,0.9999968245530333,0.9997485068868023,0.9997027951485677,0.9917790504210586,0.990712376570146,0.9063737415851301,0.8986225687603928,138.58039215686273,-100.21372549019605,-79.95,74,356,1.0,1.0,1.0,1.0,1.0,1.0,1.0,1.0,1.0,1.0,1.0,1.0,1.0,0.946,0.944
6039,Ty Johnson,RB,BUF,668.0,999.0,999.0,47.3,55.8,18.0,,,,32.0,137.0,1.0,17.0,,131.0,1.0,,47.300000000000004,tyjohnson,18406.0,00-0035537,272.0,263.31,28.74,163.0,353.0,9.0,RB81,7.0,Ty Johnson,,,,17.0,88.3,5.194117647058824,33.0,50.0,Questionable,Knee,28.0,7.0,2.0,47.300000000000004,81.0,28.900000000000002,38.1,False,False,668.0,74.05,1.0,1.0,1.0,1.0,1.0,0.9999999999999996,0.9999999999999996,0.9999999999999947,0.999999999999994,0.9999999999999355,0.9999999999999285,0.999999999999295,0.9999999999992228,0.99999999999305,0.9999999999923719,138.58039215686273,-100.48039215686273,-80.21666666666667,75,357,,,,,,,,,,,,,,,
12544,LeQuint Allen,RB,JAX,690.0,999.0,999.0,47.2,56.2,18.0,,,,33.0,135.0,1.0,18.0,,127.0,1.0,,47.2,lequintallen,27285.0,00-0040238,271.0,274.97,34.08,210.0,522.0,9.0,RB80,7.0,LeQuint Allen Jr.,,,,16.0,19.8,1.2375,11.0,23.0,Questionable,Undisclosed,22.0,1.0,3.0,47.2,82.0,28.46666666666667,37.833333333333336,False,False,690.0,76.47,1.0,1.0,1.0,1.0,1.0,0.9999999999999998,0.9999999999999997,0.9999999999999962,0.9999999999999958,0.9999999999999569,0.9999999999999524,0.9999999999995552,0.9999999999995108,0.9999999999958347,0.9999999999954374,138.58039215686273,-100.74705882352939,-80.48333333333335,76,358,,,,,,,,,,,,,,,
11600,Ja'Tavion Sanders,TE,CAR,694.3,999.0,999.0,19.9,24.9,18.0,,,,,,,10.0,,89.0,1.0,,19.9,jatavionsanders,24334.0,00-0039356,349.0,328.34,44.57,233.0,418.0,11.0,TE50,5.0,Ja'Tavion Sanders,,,,12.0,39.5,3.2916666666666665,34.0,0.0,,,23.0,2.0,3.0,19.9,50.0,35.76666666666667,27.833333333333336,False,False,694.3,76.94299999999998,1.0,1.0,1.0,1.0,1.0,0.9999999999999998,0.9999999999999997,0.9999999999999964,0.999999999999996,0.99999999999996,0.9999999999999559,0.9999999999995923,0.9999999999995518,0.9999999999962195,0.9999999999958604,128.58333333333334,-100.75,-93.53333333333333,59,359,,,,,,,,,,,,,,,
7528,Najee Harris,RB,NYG,657.2,219.3,169.8,23.8,26.3,18.0,,,,30.0,117.0,1.0,5.0,,36.0,,,23.8,najeeharris,19302.0,00-0036893,218.0,217.35,43.99,116.0,321.0,8.0,RB66,8.0,Najee Harris,,,,3.0,10.100000000000001,3.366666666666667,3.0,15.0,,,28.0,5.0,3.0,23.8,65.0,51.1,37.45,False,False,657.2,72.862,1.0,1.0,1.0,1.0,1.0,0.9999999999999996,0.9999999999999996,0.9999999999999937,0.9999999999999929,0.9999999999999207,0.9999999999999121,0.9999999999991074,0.999999999999015,0.9999999999909712,0.9999999999900803,138.58039215686273,-101.13039215686273,-80.86666666666667,77,360,,,,,,,,,,,,,,,
7694,Tommy Tremble,TE,CAR,597.0,999.0,999.0,25.3,31.8,18.0,,,,,,,13.0,,128.0,1.0,,25.3,tommytremble,22795.0,00-0037005,385.0,347.7,37.34,253.0,426.0,11.0,TE53,5.0,Tommy Tremble,,,,15.0,50.400000000000006,3.3600000000000003,37.0,0.0,,,26.0,5.0,2.0,25.3,54.0,29.400000000000002,27.35,False,False,597.0,66.24,1.0,1.0,1.0,1.0,1.0,0.9999999999999989,0.9999999999999988,0.9999999999999815,0.9999999999999791,0.9999999999997174,0.9999999999996843,0.9999999999962113,0.9999999999957903,0.9999999999553382,0.9999999999506408,128.58333333333334,-101.23333333333335,-94.01666666666668,60,361,,,,,,,,,,,,,,,
13420,Bryce Lance,WR,NO,571.1,999.0,999.0,31.2,38.7,18.0,,,,,,,15.0,,177.0,1.0,,31.2,brycelance,28129.0,00-0041067,327.0,289.1,52.56,177.0,566.0,10.0,WR113,8.0,Bryce Lance,,,,,,,,,,,24.0,0.0,3.0,31.2,115.0,43.9,37.55,False,False,571.1,63.391000000000005,1.0,1.0,1.0,1.0,1.0,0.9999999999999984,0.9999999999999982,0.9999999999999687,0.9999999999999647,0.999999999999476,0.9999999999994125,0.9999999999923717,0.9999999999914971,0.9999999999035154,0.9999999998930813,138.98333333333332,-101.43333333333332,-99.88333333333334,121,362,,,,,,,,,,,,,,,
13282,Jack Endries,TE,CIN,508.3,999.0,999.0,42.8,53.3,18.0,,,,,,,21.0,,203.0,2.0,,42.8,jackendries,27501.0,00-0041116,512.0,456.0,65.84,375.0,541.0,12.0,TE88,6.0,Jack Endries,,,,,,,,,,,22.0,0.0,4.0,42.8,88.0,9.766666666666667,26.28333333333333,False,False,508.3,56.483000000000004,1.0,1.0,1.0,0.9999999999999998,0.9999999999999998,0.9999999999999948,0.999999999999994,0.9999999999998648,0.9999999999998458,0.9999999999970798,0.9999999999966935,0.9999999999471552,0.9999999999406071,0.999999999198633,0.9999999991059333,128.58333333333334,-102.30000000000001,-95.08333333333334,61,363,,,,,,,,,,,,,,,
3202,Austin Hooper,TE,ATL,629.7,430.0,999.0,26.2,33.2,18.0,,,,,,,14.0,,132.0,1.0,,26.200000000000003,austinhooper,15581.0,00-0032392,396.0,362.11,43.22,272.0,441.0,11.0,TE58,11.0,Austin Hooper,,,,13.0,48.8,3.753846153846154,26.0,0.0,,,31.0,10.0,2.0,26.200000000000003,59.0,26.3,26.25,False,False,629.7,69.837,1.0,1.0,1.0,1.0,1.0,0.9999999999999993,0.9999999999999993,0.9999999999999899,0.9999999999999887,0.9999999999998619,0.9999999999998465,0.9999999999983218,0.9999999999981424,0.9999999999818284,0.9999999999799827,128.58333333333334,-102.33333333333334,-95.11666666666667,62,364,,,,,,,,,,,,,,,
12048,George Holani,RB,SEA,700.0,999.0,999.0,23.2,25.2,18.0,,,,30.0,123.0,1.0,4.0,,29.0,,,23.200000000000003,georgeholani,22915.0,00-0039299,225.0,226.81,45.48,148.0,520.0,8.0,RB68,11.0,George Holani,,,,10.0,13.8,1.3800000000000001,2.0,22.0,,,26.0,2.0,2.0,23.200000000000003,68.0,48.36666666666667,35.78333333333333,False,False,700.0,77.57,1.0,1.0,1.0,1.0,1.0,0.9999999999999998,0.9999999999999998,0.9999999999999967,0.9999999999999964,0.9999999999999638,0.99999999999996,0.9999999999996363,0.9999999999996003,0.99999999999667,0.9999999999963556,138.58039215686273,-102.7970588235294,-82.53333333333335,78,365,,,,,,,,,,,,,,,
5973,Josh Oliver,TE,MIN,647.4,999.0,999.0,24.9,31.4,18.0,,,,,,,13.0,,124.0,1.0,,24.9,josholiver,18487.0,00-0035249,416.0,362.5,54.44,256.0,441.0,11.0,TE62,6.0,Josh Oliver,,,,12.0,47.5,3.9583333333333335,19.0,0.0,,,29.0,7.0,2.0,24.9,60.0,26.133333333333336,25.516666666666666,False,False,647.4,71.78399999999999,1.0,1.0,1.0,1.0,1.0,0.9999999999999996,0.9999999999999994,0.9999999999999926,0.9999999999999917,0.9999999999999039,0.9999999999998932,0.999999999998888,0.9999999999987716,0.9999999999884801,0.9999999999873315,128.58333333333334,-103.06666666666668,-95.85000000000001,63,366,,,,,,,,,,,,,,,
3257,Jacoby Brissett,QB,ARI,251.2,243.0,203.4,160.0,160.0,18.0,2400.0,15.0,7.0,35.0,110.0,1.0,,,,,3.0,160.0,jacobybrissett,15642.0,00-0033119,181.0,212.59,45.29,138.0,461.0,8.0,QB27,14.0,Jacoby Brissett,172.1,6.2,13.0,14.0,233.44000000000003,16.674285714285716,0.0,38.0,,,33.0,10.0,1.0,160.0,27.0,218.05999999999997,189.02999999999997,False,False,251.2,28.201999999999998,1.0,0.9999999999999997,0.9999999999999996,0.9999999999997455,0.9999999999996698,0.9999999999066427,0.999999999882425,0.9999999831351798,0.9999999793763561,0.9999984931328535,0.9999982103286305,0.9999329700057723,0.9999226558507897,0.9985006668870968,0.9983183212943544,292.1733333333334,-103.14333333333343,-90.20000000000005,28,367,1.0,1.0,1.0,1.0,1.0,1.0,1.0,1.0,1.0,1.0,1.0,1.0,1.0,0.999,0.999
13324,Matt Hibner,TE,BAL,685.5,999.0,999.0,25.3,31.8,18.0,,,,,,,13.0,,128.0,1.0,,25.3,matthibner,,,431.0,365.7,51.45,293.0,453.0,12.0,TE65,13.0,Matt Hibner,,,,,,,,,,,24.0,0.0,2.0,25.3,64.0,25.5,25.4,False,False,685.5,75.975,1.0,1.0,1.0,1.0,1.0,0.9999999999999997,0.9999999999999997,0.999999999999996,0.9999999999999956,0.9999999999999533,0.9999999999999484,0.9999999999995123,0.9999999999994633,0.9999999999953852,0.9999999999949429,128.58333333333334,-103.18333333333334,-95.96666666666667,64,368,,,,,,,,,,,,,,,
13408,Tanner Koziol,TE,JAX,,999.0,999.0,25.8,32.8,18.0,,,,,,,14.0,,128.0,1.0,,25.8,tannerkoziol,27499.0,00-0041084,492.0,393.0,53.9,307.0,455.0,12.0,TE82,7.0,Tanner Koziol,,,,,,,,,,,22.0,0.0,3.0,25.8,72.0,24.966666666666665,25.383333333333333,False,True,418.0,46.55,1.0,1.0,1.0,0.9999999999999991,0.9999999999999989,0.999999999999951,0.9999999999999424,0.9999999999978664,0.9999999999975171,0.9999999999284048,0.9999999999175857,0.9999999981478616,0.9999999978909178,0.9999999630272235,0.9999999583494211,128.58333333333334,-103.20000000000002,-95.98333333333335,65,369,,,,,,,,,,,,,,,
12658,Jackson Hawes,TE,BUF,661.1,613.5,999.0,25.4,31.9,18.0,,,,,,,13.0,,129.0,1.0,,25.4,jacksonhawes,27469.0,00-0040194,443.0,388.0,37.53,338.0,447.0,12.0,TE71,7.0,Jackson Hawes,,,,13.0,44.7,3.4384615384615387,19.0,0.0,,,25.0,1.0,3.0,25.4,70.0,25.1,25.25,False,False,661.1,73.291,1.0,1.0,1.0,1.0,1.0,0.9999999999999996,0.9999999999999996,0.999999999999994,0.9999999999999933,0.9999999999999265,0.9999999999999185,0.9999999999991809,0.9999999999990965,0.9999999999917921,0.9999999999909854,128.58333333333334,-103.33333333333334,-96.11666666666667,66,370,,,,,,,,,,,,,,,
9481,Luke Musgrave,TE,GB,687.3,999.0,999.0,,,18.0,,,,,,,,,,,,0.0,lukemusgrave,25282.0,00-0039144,421.0,379.83,35.04,318.0,439.0,11.0,TE64,11.0,Luke Musgrave,,,,13.0,37.2,2.8615384615384616,31.0,0.0,PUP,Undisclosed,26.0,3.0,4.0,0.0,67.0,25.233333333333334,25.233333333333334,False,False,687.3,76.17299999999999,1.0,1.0,1.0,1.0,1.0,0.9999999999999997,0.9999999999999997,0.999999999999996,0.9999999999999956,0.9999999999999547,0.99999999999995,0.9999999999995299,0.9999999999994829,0.9999999999955711,0.9999999999951475,128.58333333333334,-103.35000000000001,-96.13333333333334,67,371,,,,,,,,,,,,,,,
7716,John Bates,TE,WAS,659.5,999.0,999.0,25.3,31.8,18.0,,,,,,,13.0,,128.0,1.0,,25.3,johnbates,22833.0,00-0036628,442.0,382.88,53.05,305.0,455.0,12.0,TE70,7.0,John Bates,,,,10.0,21.8,2.18,16.0,0.0,Questionable,Hamstring,28.0,5.0,2.0,25.3,69.0,25.1,25.200000000000003,False,False,659.5,73.115,1.0,1.0,1.0,1.0,1.0,0.9999999999999996,0.9999999999999996,0.9999999999999939,0.9999999999999932,0.9999999999999241,0.9999999999999158,0.9999999999991516,0.999999999999064,0.9999999999914657,0.9999999999906255,128.58333333333334,-103.38333333333334,-96.16666666666667,68,372,,,,,,,,,,,,,,,
13357,Lance Mason,TE,,,685.2,999.0,25.1,31.6,18.0,,,,,,,13.0,,126.0,1.0,,25.1,lancemason,,,,,,,,,,,,,,,,,,,,,,,0.0,,25.1,,,25.1,False,True,300.0,33.57,1.0,0.9999999999999999,0.9999999999999999,0.9999999999999729,0.999999999999966,0.9999999999950059,0.9999999999938602,0.99999999944158,0.9999999993276371,0.9999999620945078,0.9999999552968915,0.9999984334867346,0.9999981902288286,0.9999604278336782,0.9999552060526722,128.58333333333334,-103.48333333333335,-96.26666666666668,69,373,,,,,,,,,,,,,,,
96,Aaron Rodgers,QB,PIT,235.5,228.8,999.0,177.0,177.0,18.0,2700.0,18.0,7.0,21.0,60.0,,,,,,2.0,175.0,aaronrodgers,9001.0,00-0023459,193.0,228.24,43.5,143.0,463.0,8.0,QB28,9.0,Aaron Rodgers,,,,16.0,231.57999999999998,14.473749999999999,1.0,21.0,,,42.0,21.0,1.0,175.0,28.0,202.23333333333332,188.61666666666667,False,False,235.5,26.475,1.0,0.9999999999999993,0.9999999999999992,0.9999999999993809,0.9999999999991869,0.9999999997076912,0.9999999996287392,0.9999999381720636,0.999999924047796,0.9999941065306592,0.9999929955132374,0.9997445508451459,0.9997061246148897,0.9948924369324709,0.9943080685744665,292.1733333333334,-103.55666666666673,-90.61333333333334,29,374,1.0,1.0,1.0,1.0,1.0,1.0,1.0,1.0,1.0,1.0,1.0,1.0,1.0,0.999,0.999
11596,Ben Sinnott,TE,WAS,671.5,999.0,999.0,22.0,27.5,18.0,,,,,,,11.0,,105.0,1.0,,22.0,bensinnott,26310.0,00-0039912,386.0,355.3,37.86,263.0,451.0,11.0,TE54,7.0,Ben Sinnott,,,,9.0,22.9,2.5444444444444443,13.0,0.0,Questionable,Oblique,24.0,2.0,3.0,22.0,56.0,27.96666666666667,24.983333333333334,False,False,671.5,74.43499999999999,1.0,1.0,1.0,1.0,1.0,0.9999999999999996,0.9999999999999996,0.9999999999999949,0.9999999999999944,0.9999999999999396,0.9999999999999332,0.9999999999993459,0.9999999999992792,0.9999999999936056,0.9999999999929838,128.58333333333334,-103.60000000000001,-96.38333333333334,70,375,,,,,,,,,,,,,,,
13210,Drake Dabney,TE,GB,254.0,409.3,999.0,,,18.0,,,,,,,,,,,,0.0,drakedabney,,,725.0,395.5,157.5,238.0,553.0,14.0,TE152,11.0,Drake Dabney,,,,,,,,,,,24.0,1.0,,0.0,73.0,24.433333333333334,24.433333333333334,False,False,254.0,28.51,1.0,0.9999999999999997,0.9999999999999996,0.9999999999997806,0.9999999999997161,0.9999999999229514,0.9999999999031076,0.9999999864689134,0.9999999834671995,0.9999988070361516,0.9999985834808778,0.9999468697352203,0.9999386724143802,0.9987934204407456,0.9986454311334071,128.58333333333334,-104.15,-96.93333333333334,71,376,1.0,1.0,1.0,1.0,1.0,1.0,1.0,1.0,1.0,1.0,1.0,0.999,0.999,0.996,0.996
10871,Luke Schoonmaker,TE,DAL,668.8,999.0,999.0,24.9,31.4,18.0,,,,,,,13.0,,124.0,1.0,,24.9,lukeschoonmaker,25267.0,00-0038547,433.0,396.1,35.84,347.0,457.0,12.0,TE67,14.0,Luke Schoonmaker,,,,14.0,20.200000000000003,1.442857142857143,23.0,0.0,,,27.0,3.0,2.0,24.9,74.0,23.933333333333334,24.416666666666664,False,False,668.8,74.13799999999999,1.0,1.0,1.0,1.0,1.0,0.9999999999999996,0.9999999999999996,0.9999999999999947,0.9999999999999942,0.9999999999999365,0.9999999999999296,0.999999999999307,0.9999999999992362,0.9999999999931817,0.9999999999925169,128.58333333333334,-104.16666666666669,-96.95000000000002,72,377,,,,,,,,,,,,,,,
13307,Marlin Klein,TE,HOU,663.1,999.0,999.0,23.5,29.5,18.0,,,,,,,12.0,,115.0,1.0,,23.5,marlinklein,28157.0,00-0041472,420.0,376.75,49.42,273.0,454.0,11.0,TE63,8.0,Marlin Klein,,,,,,,,,,,23.0,0.0,2.0,23.5,66.0,25.3,24.4,False,False,663.1,73.511,1.0,1.0,1.0,1.0,1.0,0.9999999999999996,0.9999999999999996,0.9999999999999942,0.9999999999999936,0.9999999999999292,0.9999999999999216,0.999999999999216,0.9999999999991354,0.9999999999921807,0.999999999991414,128.58333333333334,-104.18333333333334,-96.96666666666667,73,378,,,,,,,,,,,,,,,
11599,Cade Stover,TE,HOU,682.7,999.0,999.0,26.2,33.2,18.0,,,,2.0,2.0,,14.0,,130.0,1.0,,26.2,cadestover,25269.0,00-0039359,451.0,417.25,53.91,352.0,500.0,12.0,TE73,8.0,Cade Stover,,,,6.0,13.9,2.316666666666667,16.0,4.0,,,26.0,2.0,3.0,26.2,77.0,22.5,24.35,False,False,682.7,75.667,1.0,1.0,1.0,1.0,1.0,0.9999999999999997,0.9999999999999996,0.9999999999999958,0.9999999999999953,0.9999999999999508,0.9999999999999456,0.9999999999994832,0.9999999999994312,0.9999999999950786,0.9999999999946055,128.58333333333334,-104.23333333333335,-97.01666666666668,74,379,,,,,,,,,,,,,,,
13322,Sam Roush,TE,CHI,630.0,999.0,999.0,26.5,33.5,18.0,,,,,,,14.0,,135.0,1.0,,26.5,samroush,28161.0,00-0041558,480.0,428.83,47.99,374.0,508.0,12.0,TE79,10.0,Sam Roush,,,,,,,,,,,23.0,0.0,3.0,26.5,80.0,21.900000000000002,24.200000000000003,False,False,630.0,69.86999999999999,1.0,1.0,1.0,1.0,1.0,0.9999999999999993,0.9999999999999993,0.99999999999999,0.9999999999999888,0.9999999999998628,0.9999999999998475,0.9999999999983337,0.9999999999981556,0.9999999999819714,0.9999999999801408,128.58333333333334,-104.38333333333334,-97.16666666666667,75,380,,,,,,,,,,,,,,,
13424,Seth McGowan,RB,IND,692.6,999.0,999.0,32.8,36.3,18.0,,,,44.0,184.0,1.0,7.0,,49.0,,,32.800000000000004,sethmcgowan,23079.0,00-0041125,267.0,246.5,41.29,155.0,342.0,9.0,RB79,13.0,Seth McGowan,,,,,,,,,,,24.0,0.0,2.0,32.800000000000004,76.0,34.93333333333333,33.86666666666667,False,False,692.6,76.756,1.0,1.0,1.0,1.0,1.0,0.9999999999999998,0.9999999999999997,0.9999999999999963,0.999999999999996,0.9999999999999588,0.9999999999999545,0.9999999999995781,0.9999999999995361,0.9999999999960723,0.9999999999956986,138.58039215686273,-104.71372549019605,-84.45000000000002,79,381,,,,,,,,,,,,,,,
6869,Adam Trautman,TE,DEN,675.3,682.8,999.0,22.3,27.8,18.0,,,,,,,11.0,,108.0,1.0,,22.3,adamtrautman,19423.0,00-0036422,408.0,374.93,31.87,315.0,451.0,11.0,TE60,10.0,Adam Trautman,,,,13.0,35.5,2.730769230769231,23.0,0.0,,,29.0,6.0,2.0,22.3,65.0,25.333333333333332,23.816666666666666,False,False,675.3,74.853,1.0,1.0,1.0,1.0,1.0,0.9999999999999996,0.9999999999999996,0.9999999999999952,0.9999999999999947,0.9999999999999437,0.9999999999999377,0.9999999999993966,0.9999999999993354,0.9999999999941538,0.9999999999935877,128.58333333333334,-104.76666666666668,-97.55000000000001,76,382,,,,,,,,,,,,,,,
6001,Drew Sample,TE,CIN,454.2,999.0,999.0,25.1,31.6,18.0,,,,,,,13.0,,126.0,1.0,,25.1,drewsample,18561.0,00-0035631,496.0,419.4,36.09,379.0,480.0,12.0,TE83,6.0,Drew Sample,,,,12.0,24.400000000000002,2.0333333333333337,20.0,1.0,,,30.0,7.0,3.0,25.1,78.0,22.200000000000003,23.650000000000002,False,False,454.2,50.532,1.0,1.0,1.0,0.9999999999999996,0.9999999999999996,0.9999999999999818,0.9999999999999789,0.9999999999993693,0.9999999999992724,0.9999999999824635,0.9999999999799538,0.9999999996090994,0.9999999995572495,0.9999999930099582,0.9999999921550281,128.58333333333334,-104.93333333333334,-97.71666666666667,77,383,,,,,,,,,,,,,,,
13299,Nate Boerkircher,TE,JAX,673.5,999.0,999.0,21.9,27.4,18.0,,,,,,,11.0,,104.0,1.0,,21.9,nateboerkircher,28427.0,00-0041503,436.0,382.44,42.02,298.0,449.0,12.0,TE69,7.0,Nate Boerkircher,,,,,,,,,,,25.0,0.0,2.0,21.9,68.0,25.166666666666668,23.53333333333333,False,False,673.5,74.65499999999999,1.0,1.0,1.0,1.0,1.0,0.9999999999999996,0.9999999999999996,0.9999999999999951,0.9999999999999946,0.9999999999999418,0.9999999999999356,0.9999999999993732,0.9999999999993094,0.9999999999939009,0.9999999999933091,128.58333333333334,-105.05000000000001,-97.83333333333334,78,384,,,,,,,,,,,,,,,
7891,Brock Wright,TE,DET,697.6,690.8,999.0,21.8,27.3,18.0,,,,,,,11.0,,103.0,1.0,,21.8,brockwright,23341.0,00-0036754,432.0,389.6,41.82,322.0,460.0,12.0,TE66,6.0,Brock Wright,,,,8.0,29.8,3.725,22.0,0.0,,,27.0,5.0,2.0,21.8,71.0,25.033333333333335,23.416666666666668,False,False,697.6,77.306,1.0,1.0,1.0,1.0,1.0,0.9999999999999998,0.9999999999999997,0.9999999999999967,0.9999999999999962,0.9999999999999623,0.9999999999999584,0.9999999999996184,0.9999999999995807,0.9999999999964879,0.9999999999961555,128.58333333333334,-105.16666666666667,-97.95,79,385,,,,,,,,,,,,,,,
12485,Tez Johnson,WR,TB,673.8,999.0,999.0,31.4,38.4,18.0,,,,2.0,10.0,,14.0,,174.0,1.0,,31.400000000000002,tezjohnson,27147.0,00-0040237,336.0,303.45,46.5,185.0,384.0,10.0,WR116,10.0,Tez Johnson,,,,15.0,78.4,5.2266666666666675,44.0,7.0,,,24.0,1.0,5.0,31.400000000000002,120.0,34.199999999999996,32.8,False,False,673.8,74.68799999999999,1.0,1.0,1.0,1.0,1.0,0.9999999999999996,0.9999999999999996,0.9999999999999951,0.9999999999999947,0.999999999999942,0.9999999999999359,0.9999999999993772,0.9999999999993139,0.999999999993944,0.9999999999933564,138.98333333333332,-106.18333333333332,-104.63333333333334,122,386,,,,,,,,,,,,,,,
8147,John Metchie,WR,CAR,696.9,999.0,999.0,38.8,48.8,18.0,,,,1.0,8.0,,20.0,,220.0,1.0,,38.8,johnmetchie,22895.0,00-0037614,392.0,349.61,70.71,269.0,596.0,11.0,WR140,5.0,John Metchie III,,,,13.0,55.400000000000006,4.261538461538462,48.0,3.0,,,26.0,4.0,4.0,38.8,138.0,25.133333333333336,31.96666666666667,False,False,696.9,77.22899999999998,1.0,1.0,1.0,1.0,1.0,0.9999999999999998,0.9999999999999997,0.9999999999999966,0.9999999999999962,0.9999999999999618,0.9999999999999578,0.999999999999613,0.9999999999995748,0.9999999999964329,0.9999999999960949,138.98333333333332,-107.01666666666665,-105.46666666666667,123,387,,,,,,,,,,,,,,,
7670,Joshua Palmer,WR,BUF,624.0,999.0,999.0,26.6,32.6,18.0,,,,,,,12.0,,146.0,1.0,,26.6,joshuapalmer,22845.0,00-0036988,340.0,303.08,44.71,198.0,386.0,10.0,WR118,7.0,Joshua Palmer,,,,12.0,41.3,3.4416666666666664,37.0,0.0,,,26.0,5.0,4.0,26.6,119.0,36.06666666666667,31.333333333333336,False,False,624.0,69.21,1.0,1.0,1.0,1.0,1.0,0.9999999999999993,0.9999999999999992,0.9999999999999888,0.9999999999999876,0.9999999999998443,0.9999999999998268,0.9999999999980758,0.9999999999978687,0.9999999999788611,0.9999999999767011,138.98333333333332,-107.64999999999998,-106.1,124,388,,,,,,,,,,,,,,,
13401,Michael Trigg,TE,DAL,689.9,249.7,212.3,26.8,33.8,18.0,,,,,,,14.0,,138.0,1.0,,26.8,michaeltrigg,,00-0040939,510.0,449.0,61.03,349.0,539.0,12.0,TE86,14.0,Michael Trigg,,,,,,,,,,,24.0,0.0,,26.8,85.0,14.333333333333334,20.566666666666666,False,False,689.9,76.45899999999999,1.0,1.0,1.0,1.0,1.0,0.9999999999999998,0.9999999999999997,0.9999999999999962,0.9999999999999958,0.9999999999999568,0.9999999999999523,0.9999999999995544,0.9999999999995098,0.9999999999958253,0.999999999995427,128.58333333333334,-108.01666666666668,-100.80000000000001,80,389,,,,,,,,,,,,,,,
13380,Brenen Thompson,WR,LAC,662.8,999.0,999.0,32.0,39.0,18.0,,,,,,,14.0,,190.0,1.0,,32.0,brenenthompson,28133.0,00-0041550,352.0,318.41,57.52,244.0,592.0,11.0,WR123,7.0,Brenen Thompson,,,,,,,,,Questionable,Undisclosed,23.0,0.0,4.0,32.0,127.0,29.8,30.9,False,False,662.8,73.478,1.0,1.0,1.0,1.0,1.0,0.9999999999999996,0.9999999999999996,0.9999999999999942,0.9999999999999936,0.9999999999999287,0.9999999999999212,0.9999999999992109,0.9999999999991296,0.9999999999921239,0.9999999999913511,138.98333333333332,-108.08333333333331,-106.53333333333333,125,390,,,,,,,,,,,,,,,
11630,Roman Wilson,WR,PIT,688.0,999.0,999.0,22.3,26.8,18.0,,,,,,,9.0,,118.0,1.0,,22.3,romanwilson,26160.0,00-0039739,356.0,300.32,39.06,226.0,386.0,11.0,WR125,9.0,Roman Wilson,,,,9.0,32.6,3.6222222222222222,21.0,0.0,,,25.0,2.0,4.0,22.3,117.0,39.333333333333336,30.81666666666667,False,False,688.0,76.25,1.0,1.0,1.0,1.0,1.0,0.9999999999999997,0.9999999999999997,0.9999999999999961,0.9999999999999957,0.9999999999999554,0.9999999999999507,0.9999999999995366,0.9999999999994904,0.9999999999956413,0.9999999999952246,138.98333333333332,-108.16666666666666,-106.61666666666667,126,391,,,,,,,,,,,,,,,
13347,Demond Claiborne,RB,MIN,243.6,242.0,175.7,22.8,24.8,18.0,,,,29.0,138.0,1.0,4.0,,30.0,,1.0,22.8,demondclaiborne,28084.0,00-0041104,242.0,242.3,34.87,147.0,366.0,9.0,RB74,6.0,Demond Claiborne,,,,,,,,,,,22.0,0.0,3.0,22.8,75.0,37.733333333333334,30.266666666666666,False,False,243.6,27.366,1.0,0.9999999999999996,0.9999999999999993,0.9999999999996134,0.9999999999994955,0.9999999998400617,0.9999999997977533,0.99999996880716,0.9999999617687971,0.9999971174262445,0.999996574769105,0.9998728169848855,0.9998534265512036,0.9972889347799383,0.9969678219364577,138.58039215686273,-108.31372549019606,-88.05000000000001,80,392,1.0,1.0,1.0,1.0,1.0,1.0,1.0,1.0,1.0,1.0,1.0,1.0,1.0,1.0,1.0
8135,Treylon Burks,WR,WAS,678.8,999.0,999.0,28.8,34.8,18.0,,,,3.0,16.0,,12.0,,152.0,1.0,,28.8,treylonburks,22905.0,00-0037742,353.0,311.12,48.48,229.0,395.0,11.0,WR124,7.0,Treylon Burks,,,,8.0,24.0,3.0,22.0,0.0,,,26.0,4.0,4.0,28.8,123.0,31.46666666666667,30.133333333333333,False,False,678.8,75.23799999999999,1.0,1.0,1.0,1.0,1.0,0.9999999999999997,0.9999999999999996,0.9999999999999956,0.999999999999995,0.9999999999999472,0.9999999999999416,0.9999999999994394,0.9999999999993827,0.9999999999946132,0.9999999999940934,138.98333333333332,-108.85,-107.30000000000001,127,393,,,,,,,,,,,,,,,
12718,Konata Mumpfield,WR,LAR,678.2,999.0,999.0,33.7,41.7,18.0,,,,,,,16.0,,197.0,1.0,,33.7,konatamumpfield,27449.0,00-0040590,359.0,343.0,73.58,271.0,606.0,11.0,WR127,11.0,Konata Mumpfield,,,,10.0,20.200000000000003,2.0200000000000005,23.0,0.0,,,23.0,1.0,4.0,33.7,134.0,26.399999999999995,30.049999999999997,False,False,678.2,75.172,1.0,1.0,1.0,1.0,1.0,0.9999999999999997,0.9999999999999996,0.9999999999999954,0.9999999999999949,0.9999999999999467,0.9999999999999409,0.9999999999994323,0.9999999999993749,0.9999999999945373,0.9999999999940099,138.98333333333332,-108.93333333333332,-107.38333333333334,128,394,,,,,,,,,,,,,,,
12473,Mitchell Evans,TE,CAR,681.3,999.0,999.0,11.7,15.7,18.0,,,,,,,8.0,,77.0,,,11.7,mitchellevans,27138.0,00-0040187,397.0,364.78,41.4,232.0,440.0,11.0,TE59,5.0,Mitchell Evans,,,,14.0,38.7,2.7642857142857147,25.0,1.0,,,23.0,1.0,4.0,11.7,62.0,25.899999999999995,18.799999999999997,False,False,681.3,75.51299999999999,1.0,1.0,1.0,1.0,1.0,0.9999999999999997,0.9999999999999996,0.9999999999999957,0.9999999999999951,0.9999999999999496,0.9999999999999443,0.999999999999468,0.9999999999994144,0.9999999999949167,0.9999999999944276,128.58333333333334,-109.78333333333335,-102.56666666666668,81,395,,,,,,,,,,,,,,,
13269,Fernando Mendoza,QB,LV,209.7,205.0,188.5,212.16,212.16,18.0,2894.0,19.0,11.0,53.0,234.0,2.0,,,,,3.0,210.16,fernandomendoza,28013.0,00-0041562,237.0,271.67,46.36,168.0,628.0,8.0,QB30,13.0,Fernando Mendoza,,,,,,,,,,,22.0,0.0,3.0,210.16,30.0,153.18431372549023,181.6721568627451,False,False,209.7,23.637,1.0,0.9999999999999983,0.9999999999999977,0.9999999999966078,0.9999999999954421,0.999999997493886,0.9999999967712943,0.9999993221470042,0.9999991623527229,0.9999321977852247,0.9999195922867508,0.9974503562957018,0.9970956332255931,0.9628966280369375,0.9593358122731999,292.1733333333334,-110.50117647058829,-97.5578431372549,30,396,1.0,1.0,1.0,1.0,1.0,1.0,1.0,1.0,1.0,1.0,1.0,0.998,0.998,0.995,0.995
3286,Demarcus Robinson,WR,SF,679.0,999.0,999.0,31.1,38.1,18.0,,,,,,,14.0,,181.0,1.0,,31.1,demarcusrobinson,15665.0,00-0032775,375.0,353.36,70.71,249.0,632.0,11.0,WR133,8.0,Demarcus Robinson,,,,14.0,45.2,3.2285714285714286,35.0,1.0,,,31.0,10.0,4.0,31.1,140.0,24.733333333333334,27.916666666666668,False,False,679.0,75.25999999999999,1.0,1.0,1.0,1.0,1.0,0.9999999999999997,0.9999999999999996,0.9999999999999956,0.999999999999995,0.9999999999999474,0.9999999999999418,0.9999999999994418,0.9999999999993854,0.9999999999946382,0.9999999999941209,138.98333333333332,-111.06666666666665,-109.51666666666667,129,397,,,,,,,,,,,,,,,
12531,Trevor Etienne,RB,CAR,690.4,999.0,999.0,32.2,36.2,18.0,,,,40.0,164.0,1.0,8.0,,58.0,,,32.2,trevoretienne,25393.0,00-0040644,306.0,307.32,42.45,227.0,581.0,10.0,RB90,5.0,Trevor Etienne,,,,17.0,12.200000000000001,0.7176470588235295,3.0,20.0,IR,Ankle,22.0,1.0,4.0,32.2,94.0,22.8,27.5,False,False,690.4,76.514,1.0,1.0,1.0,1.0,1.0,0.9999999999999998,0.9999999999999997,0.9999999999999962,0.9999999999999958,0.9999999999999571,0.9999999999999527,0.9999999999995588,0.9999999999995148,0.9999999999958723,0.9999999999954787,138.58039215686273,-111.08039215686273,-90.81666666666668,81,398,,,,,,,,,,,,,,,
12471,DJ Giddens,RB,IND,694.0,999.0,999.0,27.0,30.0,18.0,,,,33.0,137.0,1.0,6.0,,43.0,,,27.0,djgiddens,27097.0,00-0040179,280.0,279.13,34.8,203.0,517.0,9.0,RB83,13.0,DJ Giddens,,,,5.0,9.600000000000001,1.9200000000000004,2.0,26.0,,,23.0,1.0,3.0,27.0,83.0,27.866666666666664,27.43333333333333,False,False,694.0,76.91,1.0,1.0,1.0,1.0,1.0,0.9999999999999998,0.9999999999999997,0.9999999999999964,0.999999999999996,0.9999999999999598,0.9999999999999556,0.9999999999995899,0.999999999999549,0.9999999999961939,0.9999999999958323,138.58039215686273,-111.14705882352939,-90.88333333333335,82,399,,,,,,,,,,,,,,,
13394,Josh Cameron,WR,JAX,655.8,999.0,999.0,49.1,59.6,18.0,,,,4.0,22.0,,21.0,,244.0,2.0,,49.1,joshcameron,28137.0,00-0041100,456.0,432.0,121.25,300.0,699.0,12.0,WR154,7.0,Josh Cameron,,,,,,,,,,,23.0,0.0,5.0,49.1,166.0,6.400000000000001,27.75,False,False,655.8,72.70799999999998,1.0,1.0,1.0,1.0,1.0,0.9999999999999996,0.9999999999999996,0.9999999999999936,0.9999999999999928,0.9999999999999185,0.9999999999999096,0.9999999999990793,0.9999999999989837,0.9999999999906548,0.9999999999897313,138.98333333333332,-111.23333333333332,-109.68333333333334,130,400,,,,,,,,,,,,,,,
2078,Odell Beckham,WR,NYG,690.4,999.0,999.0,23.0,28.0,18.0,,,,,,,10.0,,120.0,1.0,,23.0,odellbeckham,12127.0,00-0031235,376.0,303.57,46.03,231.0,379.0,11.0,WR134,8.0,Odell Beckham Jr.,,,,,,,,,,,33.0,12.0,4.0,23.0,121.0,32.5,27.75,False,False,690.4,76.514,1.0,1.0,1.0,1.0,1.0,0.9999999999999998,0.9999999999999997,0.9999999999999962,0.9999999999999958,0.9999999999999571,0.9999999999999527,0.9999999999995588,0.9999999999995148,0.9999999999958723,0.9999999999954787,138.98333333333332,-111.23333333333332,-109.68333333333334,131,401,,,,,,,,,,,,,,,
4054,Mo Alie-Cox,TE,IND,613.0,527.6,999.0,11.4,15.4,18.0,,,,,,,8.0,,74.0,,,11.4,moaliecox,16579.0,00-0033217,471.0,411.83,44.28,351.0,466.0,12.0,TE78,13.0,Mo Alie-Cox,,,,11.0,24.200000000000003,2.2,20.0,0.0,,,32.0,9.0,2.0,11.4,75.0,23.266666666666666,17.333333333333332,False,False,613.0,68.0,1.0,1.0,1.0,1.0,1.0,0.9999999999999991,0.9999999999999991,0.9999999999999863,0.9999999999999847,0.9999999999998026,0.99999999999978,0.9999999999974793,0.9999999999972047,0.9999999999715135,0.999999999968568,128.58333333333334,-111.25000000000001,-104.03333333333335,82,402,,,,,,,,,,,,,,,
12641,Jaylin Lane,WR,WAS,691.0,999.0,999.0,30.7,37.7,18.0,,,,2.0,14.0,,14.0,,163.0,1.0,,30.7,jaylinlane,27454.0,00-0040164,387.0,362.0,66.3,297.0,624.0,11.0,WR138,7.0,Jaylin Lane,,,,15.0,31.2,2.08,32.0,1.0,,,24.0,1.0,5.0,30.7,142.0,24.433333333333334,27.566666666666666,False,False,691.0,76.58,1.0,1.0,1.0,1.0,1.0,0.9999999999999998,0.9999999999999997,0.9999999999999962,0.9999999999999958,0.9999999999999576,0.9999999999999533,0.9999999999995641,0.9999999999995207,0.9999999999959279,0.9999999999955399,138.98333333333332,-111.41666666666666,-109.86666666666667,132,403,,,,,,,,,,,,,,,
12495,Ollie Gordon,RB,MIA,665.9,999.0,999.0,21.7,23.2,18.0,,,,30.0,120.0,1.0,3.0,,22.0,,,21.7,olliegordon,25984.0,00-0040198,258.0,250.03,35.55,156.0,438.0,9.0,RB76,6.0,Ollie Gordon II,,,,17.0,50.6,2.976470588235294,9.0,70.0,Questionable,Undisclosed,22.0,1.0,3.0,21.7,77.0,32.56666666666667,27.133333333333333,False,False,665.9,73.81899999999999,1.0,1.0,1.0,1.0,1.0,0.9999999999999996,0.9999999999999996,0.9999999999999944,0.9999999999999939,0.9999999999999329,0.9999999999999256,0.9999999999992621,0.9999999999991867,0.9999999999926913,0.9999999999919766,138.58039215686273,-111.4470588235294,-91.18333333333334,83,404,,,,,,,,,,,,,,,
11199,Emari Demercado,RB,DAL,678.5,999.0,999.0,30.8,36.3,18.0,,,,28.0,114.0,1.0,11.0,,79.0,,,30.8,emaridemercado,25654.0,00-0038705,296.0,289.74,25.35,224.0,361.0,9.0,RB87,14.0,Emari Demercado,,,,12.0,51.800000000000004,4.316666666666667,20.0,44.0,,,27.0,3.0,3.0,30.8,90.0,23.36666666666667,27.083333333333336,False,False,678.5,75.205,1.0,1.0,1.0,1.0,1.0,0.9999999999999997,0.9999999999999996,0.9999999999999956,0.999999999999995,0.9999999999999469,0.9999999999999414,0.9999999999994359,0.9999999999993789,0.9999999999945755,0.9999999999940519,138.58039215686273,-111.49705882352939,-91.23333333333335,84,405,,,,,,,,,,,,,,,
13338,Kevin Coleman,WR,MIA,674.7,999.0,999.0,26.4,32.4,18.0,,,,,,,12.0,,144.0,1.0,,26.4,kevincoleman,28067.0,00-0041529,368.0,332.12,74.2,235.0,612.0,11.0,WR131,6.0,Kevin Coleman Jr.,,,,,,,,,,,22.0,0.0,5.0,26.4,129.0,28.5,27.45,False,False,674.7,74.78699999999999,1.0,1.0,1.0,1.0,1.0,0.9999999999999996,0.9999999999999996,0.9999999999999952,0.9999999999999947,0.9999999999999432,0.999999999999937,0.9999999999993889,0.9999999999993269,0.9999999999940709,0.9999999999934963,138.98333333333332,-111.53333333333332,-109.98333333333333,133,406,,,,,,,,,,,,,,,
13270,CJ Daniels,WR,LAR,649.6,999.0,999.0,31.8,39.3,18.0,,,,1.0,6.0,,15.0,,177.0,1.0,,31.8,cjdaniels,,,398.0,375.72,94.07,301.0,645.0,11.0,WR142,11.0,CJ Daniels,,,,,,,,,,,24.0,0.0,3.0,31.8,148.0,22.900000000000002,27.35,False,False,649.6,72.026,1.0,1.0,1.0,1.0,1.0,0.9999999999999996,0.9999999999999994,0.9999999999999929,0.999999999999992,0.999999999999908,0.9999999999998979,0.9999999999989421,0.9999999999988316,0.9999999999890989,0.9999999999880147,138.98333333333332,-111.63333333333333,-110.08333333333334,134,407,,,,,,,,,,,,,,,
13273,Josh Cuevas,TE,BAL,671.5,697.1,999.0,22.3,27.8,18.0,,,,,,,11.0,,108.0,1.0,,22.3,joshcuevas,28155.0,00-0040887,586.0,451.0,51.15,376.0,515.0,13.0,TE114,13.0,Josh Cuevas,,,,,,,,,,,22.0,0.0,4.0,22.3,86.0,11.5,16.9,False,False,671.5,74.43499999999999,1.0,1.0,1.0,1.0,1.0,0.9999999999999996,0.9999999999999996,0.9999999999999949,0.9999999999999944,0.9999999999999396,0.9999999999999332,0.9999999999993459,0.9999999999992792,0.9999999999936056,0.9999999999929838,128.58333333333334,-111.68333333333334,-104.46666666666667,83,408,,,,,,,,,,,,,,,
3634,Kalif Raymond,WR,CHI,645.2,999.0,999.0,23.2,27.7,18.0,,,,2.0,11.0,,9.0,,116.0,1.0,,23.200000000000003,kalifraymond,16081.0,00-0032464,361.0,311.87,67.62,233.0,609.0,11.0,WR128,10.0,Kalif Raymond,,,,15.0,48.800000000000004,3.2533333333333334,30.0,2.0,,,32.0,10.0,3.0,23.200000000000003,124.0,31.233333333333334,27.21666666666667,False,False,645.2,71.542,1.0,1.0,1.0,1.0,1.0,0.9999999999999994,0.9999999999999993,0.9999999999999922,0.9999999999999913,0.9999999999998995,0.9999999999998884,0.9999999999988309,0.9999999999987081,0.9999999999878222,0.9999999999866053,138.98333333333332,-111.76666666666665,-110.21666666666667,135,409,,,,,,,,,,,,,,,
12505,Jalen Royals,WR,KC,686.3,999.0,999.0,27.4,33.9,18.0,,,,1.0,6.0,,13.0,,143.0,1.0,,27.400000000000002,jalenroyals,27076.0,00-0040646,358.0,341.81,58.38,237.0,587.0,11.0,WR126,5.0,Jalen Royals,,,,2.0,1.4,0.7,3.0,0.0,,,23.0,1.0,5.0,27.400000000000002,133.0,26.666666666666668,27.033333333333335,False,False,686.3,76.06299999999999,1.0,1.0,1.0,1.0,1.0,0.9999999999999997,0.9999999999999997,0.999999999999996,0.9999999999999956,0.9999999999999539,0.9999999999999492,0.9999999999995202,0.9999999999994722,0.999999999995469,0.9999999999950351,138.98333333333332,-111.94999999999999,-110.4,136,410,,,,,,,,,,,,,,,
12476,Devin Neal,RB,,685.9,211.9,168.5,28.4,31.9,18.0,,,,39.0,160.0,1.0,7.0,,49.0,,1.0,28.4,devinneal,23682.0,00-0040202,309.0,285.29,46.46,210.0,502.0,10.0,RB91,,Devin Neal,,,,9.0,51.5,5.722222222222222,19.0,57.0,Questionable,Hamstring,23.0,1.0,,28.4,87.0,24.633333333333336,26.516666666666666,False,False,685.9,76.01899999999999,1.0,1.0,1.0,1.0,1.0,0.9999999999999997,0.9999999999999997,0.999999999999996,0.9999999999999956,0.9999999999999536,0.9999999999999487,0.9999999999995163,0.9999999999994678,0.9999999999954272,0.9999999999949892,138.58039215686273,-112.06372549019606,-91.80000000000001,85,411,,,,,,,,,,,,,,,
13477,Colbie Young,WR,CIN,643.8,999.0,999.0,25.5,31.0,18.0,,,,,,,11.0,,140.0,1.0,,25.5,colbieyoung,26037.0,00-0041069,369.0,337.19,68.06,261.0,627.0,11.0,WR132,6.0,Colbie Young,,,,,,,,,,,24.0,0.0,4.0,25.5,131.0,27.36666666666667,26.433333333333337,False,False,643.8,71.38799999999999,1.0,1.0,1.0,1.0,1.0,0.9999999999999994,0.9999999999999993,0.999999999999992,0.9999999999999911,0.9999999999998966,0.9999999999998852,0.9999999999987927,0.9999999999986658,0.9999999999873821,0.9999999999861193,138.98333333333332,-112.54999999999998,-111.0,137,412,,,,,,,,,,,,,,,
12482,Savion Williams,WR,GB,678.8,999.0,999.0,27.0,32.0,18.0,,,,6.0,42.0,,10.0,,118.0,1.0,,27.0,savionwilliams,27144.0,00-0040009,380.0,362.4,58.28,287.0,616.0,11.0,WR136,11.0,Savion Williams,,,,12.0,20.5,1.7083333333333333,10.0,11.0,IR,Undisclosed,24.0,1.0,7.0,27.0,143.0,24.200000000000003,25.6,False,False,678.8,75.23799999999999,1.0,1.0,1.0,1.0,1.0,0.9999999999999997,0.9999999999999996,0.9999999999999956,0.999999999999995,0.9999999999999472,0.9999999999999416,0.9999999999994394,0.9999999999993827,0.9999999999946132,0.9999999999940934,138.98333333333332,-113.38333333333333,-111.83333333333334,138,413,,,,,,,,,,,,,,,
11608,Isaiah Williams,WR,NYJ,649.5,999.0,999.0,25.3,31.3,18.0,,,,3.0,18.0,,12.0,,135.0,1.0,1.0,25.3,isaiahwilliams,26379.0,00-0039451,426.0,345.8,116.43,244.0,671.0,11.0,WR149,13.0,Isaiah Williams,,,,15.0,35.7,2.3800000000000003,36.0,3.0,,,25.0,2.0,4.0,25.3,136.0,25.666666666666668,25.483333333333334,False,False,649.5,72.015,1.0,1.0,1.0,1.0,1.0,0.9999999999999996,0.9999999999999994,0.9999999999999928,0.999999999999992,0.9999999999999077,0.9999999999998976,0.9999999999989397,0.9999999999988289,0.9999999999890716,0.9999999999879845,138.98333333333332,-113.49999999999999,-111.95,139,414,,,,,,,,,,,,,,,
13302,Adam Randall,RB,BAL,616.7,999.0,999.0,26.1,30.1,18.0,,,,25.0,103.0,1.0,8.0,,58.0,,,26.1,adamrandall,24367.0,00-0040888,293.0,287.71,34.72,202.0,434.0,9.0,RB86,13.0,Adam Randall,,,,,,,,,IR,Undisclosed,22.0,0.0,5.0,26.1,88.0,23.933333333333334,25.016666666666666,False,False,616.7,68.407,1.0,1.0,1.0,1.0,1.0,0.9999999999999992,0.9999999999999991,0.9999999999999872,0.9999999999999857,0.9999999999998179,0.9999999999997972,0.9999999999977003,0.9999999999974507,0.9999999999742579,0.9999999999716068,138.58039215686273,-113.56372549019606,-93.30000000000001,86,415,,,,,,,,,,,,,,,
13353,Chris Brazzell,WR,CAR,689.1,400.0,400.0,,,18.0,,,,,,,,,,,,0.0,chrisbrazzell,28047.0,00-0041047,405.0,347.93,120.15,257.0,639.0,11.0,WR144,5.0,Chris Brazzell II,,,,,,,,,IR,Knee,22.0,0.0,10.0,0.0,137.0,25.333333333333332,25.333333333333332,False,False,689.1,76.371,1.0,1.0,1.0,1.0,1.0,0.9999999999999997,0.9999999999999997,0.9999999999999962,0.9999999999999958,0.9999999999999563,0.9999999999999516,0.999999999999547,0.9999999999995017,0.9999999999957488,0.9999999999953431,138.98333333333332,-113.64999999999999,-112.10000000000001,140,416,,,,,,,,,,,,,,,
11237,Jacob Saylors,RB,DET,599.9,643.8,999.0,23.5,25.5,18.0,,,,30.0,125.0,1.0,4.0,,30.0,,,23.5,jacobsaylors,25693.0,00-0038896,324.0,283.42,80.7,154.0,593.0,10.0,RB99,6.0,Jacob Saylors,,,,11.0,1.1,0.1,0.0,2.0,,,25.0,3.0,2.0,23.5,85.0,26.233333333333334,24.866666666666667,False,False,599.9,66.559,1.0,1.0,1.0,1.0,1.0,0.999999999999999,0.9999999999999989,0.9999999999999825,0.9999999999999803,0.9999999999997355,0.9999999999997047,0.9999999999964857,0.9999999999960967,0.9999999999588927,0.9999999999545827,138.58039215686273,-113.71372549019605,-93.45000000000002,87,417,,,,,,,,,,,,,,,
5985,Foster Moreau,TE,HOU,689.5,638.3,999.0,7.3,9.8,18.0,,,,,,,5.0,,48.0,,,7.300000000000001,fostermoreau,18397.0,00-0034981,453.0,423.38,57.97,358.0,530.0,12.0,TE74,8.0,Foster Moreau,,,,7.0,9.4,1.342857142857143,10.0,0.0,,,29.0,7.0,4.0,7.300000000000001,79.0,22.066666666666666,14.683333333333334,False,False,689.5,76.41499999999999,1.0,1.0,1.0,1.0,1.0,0.9999999999999998,0.9999999999999997,0.9999999999999962,0.9999999999999958,0.9999999999999565,0.999999999999952,0.9999999999995506,0.9999999999995057,0.9999999999957873,0.9999999999953852,128.58333333333334,-113.9,-106.68333333333334,84,418,,,,,,,,,,,,,,,
13431,Miles Kitselman,TE,,,694.9,999.0,25.1,31.6,18.0,,,,,,,13.0,,126.0,1.0,,25.1,mileskitselman,,,672.0,495.33,113.83,366.0,643.0,14.0,TE140,,Miles Kitselman,,,,,,,,,Questionable,Leg,23.0,0.0,,25.1,108.0,4.2,14.65,False,True,520.3299999999999,57.80629999999999,1.0,1.0,1.0,0.9999999999999998,0.9999999999999998,0.9999999999999959,0.9999999999999953,0.9999999999999003,0.9999999999998865,0.9999999999979547,0.999999999997689,0.9999999999645733,0.9999999999602491,0.9999999994816665,0.9999999994224702,128.58333333333334,-113.93333333333334,-106.71666666666667,85,419,,,,,,,,,,,,,,,
6130,Devin Singletary,RB,NYG,660.1,999.0,999.0,25.6,30.6,18.0,,,,20.0,82.0,1.0,10.0,,64.0,,,25.6,devinsingletary,18280.0,00-0035250,292.0,289.7,25.7,216.0,367.0,9.0,RB85,8.0,Devin Singletary,,,,17.0,97.80000000000001,5.752941176470589,19.0,119.0,,,29.0,7.0,4.0,25.6,89.0,23.53333333333333,24.566666666666666,False,False,660.1,73.181,1.0,1.0,1.0,1.0,1.0,0.9999999999999996,0.9999999999999996,0.999999999999994,0.9999999999999933,0.999999999999925,0.999999999999917,0.9999999999991627,0.9999999999990763,0.9999999999915897,0.9999999999907623,138.58039215686273,-114.01372549019607,-93.75000000000001,88,420,,,,,,,,,,,,,,,
11593,Brevyn Spann-Ford,TE,DAL,574.0,999.0,999.0,23.4,29.4,18.0,,,,,,,12.0,,114.0,1.0,,23.4,brevynspannford,26003.0,00-0039530,526.0,485.4,51.12,390.0,532.0,12.0,TE96,14.0,Brevyn Spann-Ford,,,,16.0,19.5,1.21875,13.0,0.0,,,26.0,2.0,3.0,23.4,101.0,5.5,14.45,False,False,574.0,63.71,1.0,1.0,1.0,1.0,1.0,0.9999999999999984,0.9999999999999982,0.9999999999999706,0.9999999999999668,0.9999999999995122,0.9999999999994532,0.999999999992965,0.9999999999921612,0.9999999999117297,0.9999999999022138,128.58333333333334,-114.13333333333334,-106.91666666666667,86,421,,,,,,,,,,,,,,,
12455,Brashard Smith,RB,KC,669.4,226.3,182.4,23.3,26.3,18.0,,,,23.0,97.0,1.0,6.0,,46.0,,,23.3,brashardsmith,27259.0,00-0040078,284.0,284.34,34.7,216.0,528.0,9.0,RB84,5.0,Brashard Smith,,,,17.0,50.8,2.988235294117647,35.0,44.0,,,23.0,1.0,3.0,23.3,86.0,25.400000000000002,24.35,False,False,669.4,74.204,1.0,1.0,1.0,1.0,1.0,0.9999999999999996,0.9999999999999996,0.9999999999999948,0.9999999999999942,0.9999999999999372,0.9999999999999305,0.9999999999993159,0.9999999999992459,0.9999999999932785,0.9999999999926235,138.58039215686273,-114.23039215686273,-93.96666666666667,89,422,,,,,,,,,,,,,,,
5008,Durham Smythe,TE,BAL,684.0,677.8,999.0,7.4,9.9,18.0,,,,,,,5.0,,49.0,,,7.4,durhamsmythe,17508.0,00-0034798,463.0,433.71,68.21,344.0,539.0,12.0,TE76,13.0,Durham Smythe,,,,7.0,4.5,0.6428571428571429,6.0,0.0,,,31.0,8.0,3.0,7.4,82.0,21.3,14.350000000000001,False,False,684.0,75.80999999999999,1.0,1.0,1.0,1.0,1.0,0.9999999999999997,0.9999999999999996,0.9999999999999958,0.9999999999999953,0.999999999999952,0.9999999999999469,0.999999999999497,0.9999999999994464,0.9999999999952236,0.9999999999947652,128.58333333333334,-114.23333333333335,-107.01666666666668,87,423,,,,,,,,,,,,,,,
13309,Aaron Anderson,WR,,681.4,674.9,999.0,24.7,30.2,18.0,,,,,,,11.0,,132.0,1.0,,24.700000000000003,aaronanderson,27500.0,,,,,,,,,,,,,,,,,,,Questionable,Undisclosed,23.0,0.0,,24.700000000000003,,,24.700000000000003,False,False,681.4,75.52399999999999,1.0,1.0,1.0,1.0,1.0,0.9999999999999997,0.9999999999999996,0.9999999999999957,0.9999999999999952,0.9999999999999496,0.9999999999999444,0.9999999999994691,0.9999999999994156,0.9999999999949285,0.9999999999944404,138.98333333333332,-114.28333333333332,-112.73333333333333,141,424,,,,,,,,,,,,,,,
13354,Eric McAlister,WR,,,548.4,999.0,24.6,30.1,18.0,,,,,,,11.0,,131.0,1.0,,24.6,ericmcalister,,,,,,,,,,,,,,,,,,,,Questionable,Foot,,0.0,,24.6,,,24.6,False,True,300.0,33.57,1.0,0.9999999999999999,0.9999999999999999,0.9999999999999729,0.999999999999966,0.9999999999950059,0.9999999999938602,0.99999999944158,0.9999999993276371,0.9999999620945078,0.9999999552968915,0.9999984334867346,0.9999981902288286,0.9999604278336782,0.9999552060526722,138.98333333333332,-114.38333333333333,-112.83333333333334,142,425,,,,,,,,,,,,,,,
11629,Devontez Walker,WR,BAL,650.1,999.0,999.0,24.9,29.9,18.0,,,,1.0,6.0,,10.0,,133.0,1.0,,24.900000000000002,devontezwalker,26011.0,00-0039792,413.0,369.15,100.65,243.0,654.0,11.0,WR145,13.0,Devontez Walker,,,,8.0,34.6,4.325,8.0,0.0,Questionable,Undisclosed,25.0,2.0,4.0,24.900000000000002,145.0,23.633333333333336,24.26666666666667,False,False,650.1,72.081,1.0,1.0,1.0,1.0,1.0,0.9999999999999996,0.9999999999999994,0.9999999999999929,0.999999999999992,0.9999999999999089,0.9999999999998989,0.999999999998954,0.9999999999988447,0.9999999999892345,0.9999999999881642,138.98333333333332,-114.71666666666665,-113.16666666666667,143,426,,,,,,,,,,,,,,,
13429,Seydou Traore,TE,MIA,699.0,668.6,999.0,6.0,8.0,18.0,,,,,,,4.0,,40.0,,,6.0,seydoutraore,28163.0,00-0041579,500.0,430.6,61.56,326.0,480.0,12.0,TE84,6.0,Seydou Traore,,,,,,,,,,,24.0,0.0,3.0,6.0,81.0,21.733333333333334,13.866666666666667,False,False,699.0,77.46,1.0,1.0,1.0,1.0,1.0,0.9999999999999998,0.9999999999999998,0.9999999999999967,0.9999999999999963,0.9999999999999631,0.9999999999999594,0.999999999999629,0.9999999999995923,0.9999999999965954,0.9999999999962736,128.58333333333334,-114.71666666666667,-107.5,88,427,,,,,,,,,,,,,,,
5409,Tanner Hudson,TE,CIN,550.3,999.0,999.0,4.3,5.8,18.0,,,,,,,3.0,,28.0,,,4.300000000000001,tannerhudson,17826.0,00-0034613,450.0,413.38,50.29,373.0,510.0,12.0,TE72,6.0,Tanner Hudson,,,,10.0,38.3,3.8299999999999996,24.0,0.0,,,31.0,8.0,,4.300000000000001,76.0,22.866666666666664,13.583333333333332,False,False,550.3,61.102999999999994,1.0,1.0,1.0,0.9999999999999999,0.9999999999999999,0.9999999999999977,0.9999999999999973,0.9999999999999509,0.9999999999999444,0.9999999999991079,0.9999999999989967,0.9999999999860842,0.9999999999844478,0.9999999998133856,0.9999999997927479,128.58333333333334,-115.00000000000001,-107.78333333333335,89,428,,,,,,,,,,,,,,,
8177,Grant Calcaterra,TE,PHI,668.3,685.8,999.0,20.6,25.6,18.0,,,,,,,10.0,,96.0,1.0,,20.6,grantcalcaterra,24180.0,00-0037086,520.0,476.8,74.37,338.0,556.0,12.0,TE92,10.0,Grant Calcaterra,,,,9.0,18.1,2.011111111111111,13.0,0.0,IR,Back,27.0,4.0,4.0,20.6,95.0,6.333333333333333,13.466666666666667,False,False,668.3,74.08299999999998,1.0,1.0,1.0,1.0,1.0,0.9999999999999996,0.9999999999999996,0.9999999999999947,0.9999999999999941,0.9999999999999358,0.999999999999929,0.9999999999992994,0.9999999999992278,0.9999999999930997,0.9999999999924266,128.58333333333334,-115.11666666666667,-107.9,90,429,,,,,,,,,,,,,,,
5010,Will Dissly,TE,,,647.0,999.0,21.5,27.0,18.0,,,,,,,11.0,,100.0,1.0,,21.5,willdissly,18049.0,00-0034159,602.0,485.5,85.97,391.0,619.0,13.0,TE118,,Will Dissly,,,,8.0,15.200000000000001,1.9000000000000001,16.0,0.0,Questionable,Undisclosed,29.0,8.0,,21.5,102.0,5.433333333333334,13.466666666666667,False,True,510.5,56.725,1.0,1.0,1.0,0.9999999999999998,0.9999999999999998,0.999999999999995,0.9999999999999942,0.9999999999998723,0.9999999999998543,0.9999999999972667,0.9999999999969065,0.999999999950937,0.9999999999448743,0.9999999992608628,0.999999999175561,128.58333333333334,-115.11666666666667,-107.9,91,430,,,,,,,,,,,,,,,
11589,Trey Benson,RB,ARI,263.6,255.2,114.3,,,18.0,,,,,,,,,,,,0.0,treybenson,25388.0,00-0039921,314.0,296.43,43.67,216.0,499.0,10.0,RB95,14.0,Trey Benson,,,,4.0,28.9,7.225,16.0,29.0,IR,Knee,24.0,2.0,6.0,0.0,91.0,23.26666666666667,23.26666666666667,False,False,263.6,29.566000000000003,1.0,0.9999999999999998,0.9999999999999997,0.9999999999998654,0.999999999999827,0.9999999999591205,0.9999999999488476,0.999999993481711,0.999999992059438,0.99999945275614,0.9999993508662273,0.9999756832115617,0.9999719062871124,0.999423695133277,0.9993512508240314,138.58039215686273,-115.31372549019606,-95.05000000000001,90,431,,,,,,,,,,,,,,,
13422,Jaren Kanak,TE,TEN,677.5,530.2,999.0,25.1,31.6,18.0,,,,,,,13.0,,126.0,1.0,,25.1,jarenkanak,28160.0,00-0040901,739.0,593.0,51.7,553.0,666.0,14.0,TE154,9.0,Jaren Kanak,,,,,,,,,IR,Pectoral,22.0,0.0,6.0,25.1,145.0,1.0399999999999998,13.07,False,False,677.5,75.095,1.0,1.0,1.0,1.0,1.0,0.9999999999999997,0.9999999999999996,0.9999999999999953,0.9999999999999949,0.9999999999999459,0.9999999999999403,0.999999999999424,0.9999999999993656,0.9999999999944473,0.9999999999939109,128.58333333333334,-115.51333333333335,-108.29666666666668,92,432,,,,,,,,,,,,,,,
12543,Tahj Brooks,RB,CIN,686.8,999.0,999.0,22.9,24.4,18.0,,,,33.0,132.0,1.0,3.0,,22.0,,,22.900000000000002,tahjbrooks,26212.0,00-0040208,302.0,306.86,43.07,234.0,588.0,10.0,RB88,6.0,Tahj Brooks,,,,12.0,5.9,0.4916666666666667,2.0,16.0,,,24.0,1.0,3.0,22.900000000000002,92.0,23.133333333333336,23.01666666666667,False,False,686.8,76.118,1.0,1.0,1.0,1.0,1.0,0.9999999999999997,0.9999999999999997,0.999999999999996,0.9999999999999956,0.9999999999999544,0.9999999999999496,0.9999999999995252,0.9999999999994775,0.9999999999955204,0.9999999999950917,138.58039215686273,-115.56372549019606,-95.30000000000001,91,433,,,,,,,,,,,,,,,
8143,Jerome Ford,RB,WAS,636.6,999.0,999.0,,,18.0,,,,,,,,,,,,0.0,jeromeford,22921.0,00-0037267,315.0,307.16,53.01,229.0,620.0,10.0,RB96,7.0,Jerome Ford,,,,13.0,30.6,2.353846153846154,32.0,24.0,Questionable,Hamstring,26.0,4.0,,0.0,93.0,22.96666666666667,22.96666666666667,False,False,636.6,70.59599999999999,1.0,1.0,1.0,1.0,1.0,0.9999999999999993,0.9999999999999993,0.9999999999999911,0.99999999999999,0.9999999999998803,0.999999999999867,0.9999999999985738,0.9999999999984226,0.9999999999848239,0.9999999999832936,138.58039215686273,-115.61372549019606,-95.35000000000001,92,434,,,,,,,,,,,,,,,
13264,Dohnte Meyers,WR,CIN,686.4,627.5,999.0,,,18.0,,,,,,,,,,,,0.0,dohntemeyers,28178.0,00-0040785,465.0,372.83,160.55,241.0,710.0,12.0,WR156,6.0,Dohnte Meyers,,,,,,,,,,,26.0,0.0,5.0,0.0,146.0,23.333333333333332,23.333333333333332,False,False,686.4,76.074,1.0,1.0,1.0,1.0,1.0,0.9999999999999997,0.9999999999999997,0.999999999999996,0.9999999999999956,0.999999999999954,0.9999999999999492,0.9999999999995213,0.9999999999994733,0.9999999999954792,0.9999999999950464,138.98333333333332,-115.64999999999999,-114.10000000000001,144,435,,,,,,,,,,,,,,,
8250,Tay Martin,WR,DET,356.5,534.0,999.0,,,18.0,,,,,,,,,,,,0.0,taymartin,24029.0,00-0037524,486.0,374.2,81.72,250.0,507.0,12.0,WR165,6.0,Tay Martin,,,,2.0,3.3000000000000003,1.6500000000000001,2.0,0.0,,,28.0,4.0,4.0,0.0,147.0,23.033333333333335,23.033333333333335,False,False,356.5,39.785000000000004,1.0,1.0,1.0,0.999999999999996,0.9999999999999951,0.9999999999996068,0.9999999999995277,0.9999999999731433,0.9999999999682221,0.9999999987155979,0.999999998502608,0.999999956931389,0.9999999505249403,0.9999989855997173,0.9999988516802998,138.98333333333332,-115.94999999999999,-114.4,145,436,,,,,,,,,,,,,,,
2374,Tyler Lockett,WR,,699.0,999.0,999.0,22.8,28.3,18.0,,,,,,,11.0,,113.0,1.0,,22.8,tylerlockett,13971.0,00-0032211,487.0,377.2,74.49,273.0,460.0,12.0,WR166,13.0,Tyler Lockett,,,,17.0,51.1,3.0058823529411764,55.0,0.0,,,33.0,11.0,,22.8,149.0,22.700000000000003,22.75,False,False,699.0,77.46,1.0,1.0,1.0,1.0,1.0,0.9999999999999998,0.9999999999999998,0.9999999999999967,0.9999999999999963,0.9999999999999631,0.9999999999999594,0.999999999999629,0.9999999999995923,0.9999999999965954,0.9999999999962736,138.98333333333332,-116.23333333333332,-114.68333333333334,146,437,,,,,,,,,,,,,,,
13433,Riley Nowakowski,TE,PIT,698.4,643.4,999.0,7.1,9.6,18.0,,,,,,,5.0,,46.0,,,7.1000000000000005,rileynowakowski,28437.0,00-0041398,582.0,446.0,111.64,297.0,563.0,13.0,TE112,9.0,Riley Nowakowski,,,,,,,,,,,24.0,0.0,3.0,7.1000000000000005,84.0,17.400000000000002,12.250000000000002,False,False,698.4,77.39399999999999,1.0,1.0,1.0,1.0,1.0,0.9999999999999998,0.9999999999999998,0.9999999999999967,0.9999999999999962,0.9999999999999628,0.9999999999999589,0.9999999999996245,0.9999999999995873,0.9999999999965499,0.9999999999962236,128.58333333333334,-116.33333333333334,-109.11666666666667,93,438,,,,,,,,,,,,,,,
12523,Jimmy Horn,WR,CAR,663.1,999.0,999.0,25.2,30.2,18.0,,,,3.0,18.0,,10.0,,124.0,1.0,,25.2,jimmyhorn,27294.0,00-0040218,439.0,404.33,99.15,338.0,679.0,12.0,WR152,5.0,Jimmy Horn Jr.,,,,10.0,23.200000000000003,2.3200000000000003,15.0,8.0,,,23.0,1.0,5.0,25.2,156.0,19.96666666666667,22.583333333333336,False,False,663.1,73.511,1.0,1.0,1.0,1.0,1.0,0.9999999999999996,0.9999999999999996,0.9999999999999942,0.9999999999999936,0.9999999999999292,0.9999999999999216,0.999999999999216,0.9999999999991354,0.9999999999921807,0.999999999991414,138.98333333333332,-116.39999999999998,-114.85,147,439,,,,,,,,,,,,,,,
13342,John Michael Gyllenborg,TE,KC,696.3,611.2,999.0,34.9,40.4,18.0,,,,,,,11.0,,114.0,1.0,,22.9,johnmichaelgyllenborg,28158.0,00-0040955,785.0,645.67,121.96,474.0,746.0,14.0,TE167,5.0,John Michael Gyllenborg,,,,,,,,,IR,Knee,24.0,0.0,6.0,22.9,166.0,1.0399999999999998,11.969999999999999,False,False,696.3,77.16299999999998,1.0,1.0,1.0,1.0,1.0,0.9999999999999998,0.9999999999999997,0.9999999999999966,0.9999999999999962,0.9999999999999614,0.9999999999999574,0.9999999999996083,0.9999999999995696,0.9999999999963848,0.9999999999960422,128.58333333333334,-116.61333333333334,-109.39666666666668,94,440,,,,,,,,,,,,,,,
7596,Elijah Moore,WR,PHI,621.2,700.0,999.0,,,18.0,,,,,,,,,,,,0.0,elijahmoore,20114.0,00-0036980,458.0,382.57,104.23,293.0,612.0,12.0,WR155,10.0,Elijah Moore,,,,9.0,24.1,2.677777777777778,17.0,6.0,,,26.0,5.0,6.0,0.0,151.0,22.233333333333334,22.233333333333334,False,False,621.2,68.902,1.0,1.0,1.0,1.0,1.0,0.9999999999999993,0.9999999999999991,0.9999999999999882,0.9999999999999869,0.9999999999998348,0.9999999999998159,0.9999999999979405,0.999999999997718,0.999999999977212,0.9999999999748763,138.98333333333332,-116.74999999999999,-115.2,148,441,,,,,,,,,,,,,,,
11623,Jordan Whittington,WR,LAR,647.5,999.0,999.0,19.3,23.3,18.0,,,,1.0,6.0,,8.0,,87.0,1.0,,19.3,jordanwhittington,23135.0,00-0039751,393.0,351.39,82.65,250.0,642.0,11.0,WR141,11.0,Jordan Whittington,,,,15.0,27.3,1.82,25.0,3.0,,,25.0,2.0,6.0,19.3,139.0,24.933333333333337,22.116666666666667,False,False,647.5,71.79499999999999,1.0,1.0,1.0,1.0,1.0,0.9999999999999996,0.9999999999999994,0.9999999999999926,0.9999999999999918,0.9999999999999041,0.9999999999998934,0.9999999999988906,0.9999999999987743,0.999999999988509,0.9999999999873634,138.98333333333332,-116.86666666666665,-115.31666666666666,149,442,,,,,,,,,,,,,,,
11056,Jared Wayne,WR,HOU,614.6,682.0,999.0,,,18.0,,,,,,,,,,,,0.0,jaredwayne,25495.0,00-0038728,534.0,383.25,92.4,246.0,493.0,13.0,WR180,8.0,Jared Wayne,,,,1.0,3.0,3.0,2.0,0.0,,,25.0,3.0,,0.0,152.0,21.96666666666667,21.96666666666667,False,False,614.6,68.176,1.0,1.0,1.0,1.0,1.0,0.9999999999999991,0.9999999999999991,0.9999999999999867,0.9999999999999851,0.9999999999998095,0.9999999999997876,0.9999999999975777,0.9999999999973141,0.9999999999727377,0.9999999999699238,138.98333333333332,-117.01666666666665,-115.46666666666667,150,443,,,,,,,,,,,,,,,
5970,Greg Dortch,WR,BUF,584.5,999.0,999.0,37.6,48.1,18.0,,,,3.0,16.0,,21.0,,215.0,1.0,1.0,37.6,gregdortch,18585.0,00-0035500,493.0,498.67,107.18,374.0,685.0,12.0,WR169,7.0,Greg Dortch,,,,12.0,60.6,5.05,33.0,7.0,,,28.0,7.0,,37.6,181.0,4.966666666666667,21.283333333333335,False,False,584.5,64.865,1.0,1.0,1.0,1.0,1.0,0.9999999999999987,0.9999999999999984,0.9999999999999762,0.9999999999999734,0.9999999999996215,0.9999999999995764,0.9999999999947229,0.9999999999941277,0.9999999999356656,0.9999999999288078,138.98333333333332,-117.69999999999999,-116.15,151,444,,,,,,,,,,,,,,,
11579,Audric Estime,RB,NO,692.6,237.4,189.8,21.1,22.6,18.0,,,,30.0,119.0,1.0,3.0,,17.0,,,21.1,audricestime,23054.0,00-0039373,312.0,313.79,41.05,256.0,515.0,10.0,RB93,8.0,Audric Estime,,,,5.0,42.1,8.42,13.0,46.0,,,23.0,2.0,3.0,21.1,97.0,20.566666666666666,20.833333333333336,False,False,692.6,76.756,1.0,1.0,1.0,1.0,1.0,0.9999999999999998,0.9999999999999997,0.9999999999999963,0.999999999999996,0.9999999999999588,0.9999999999999545,0.9999999999995781,0.9999999999995361,0.9999999999960723,0.9999999999956986,138.58039215686273,-117.74705882352939,-97.48333333333335,93,445,,,,,,,,,,,,,,,
13079,Jahdae Walker,WR,CHI,663.9,999.0,999.0,21.4,25.9,18.0,,,,,,,9.0,,109.0,1.0,,21.4,jahdaewalker,27810.0,00-0040277,422.0,398.58,112.14,294.0,668.0,11.0,WR147,10.0,Jahdae Walker,,,,6.0,23.700000000000003,3.9500000000000006,10.0,0.0,,,24.0,1.0,5.0,21.4,155.0,20.666666666666668,21.03333333333333,False,False,663.9,73.59899999999999,1.0,1.0,1.0,1.0,1.0,0.9999999999999996,0.9999999999999996,0.9999999999999943,0.9999999999999937,0.9999999999999303,0.9999999999999227,0.9999999999992295,0.9999999999991502,0.9999999999923306,0.999999999991579,138.98333333333332,-117.94999999999999,-116.4,152,446,,,,,,,,,,,,,,,
4098,Kareem Hunt,RB,,685.6,999.0,999.0,22.7,24.2,18.0,,,,35.0,130.0,1.0,3.0,,22.0,,,22.7,kareemhunt,16425.0,00-0033923,326.0,314.54,37.16,252.0,523.0,10.0,RB100,,Kareem Hunt,,,,17.0,136.4,8.023529411764706,25.0,163.0,,,30.0,9.0,,22.7,98.0,17.566666666666666,20.133333333333333,False,False,685.6,75.98599999999999,1.0,1.0,1.0,1.0,1.0,0.9999999999999997,0.9999999999999997,0.999999999999996,0.9999999999999956,0.9999999999999534,0.9999999999999485,0.9999999999995133,0.9999999999994644,0.9999999999953957,0.9999999999949546,138.58039215686273,-118.4470588235294,-98.18333333333334,94,447,,,,,,,,,,,,,,,
11570,Rasheen Ali,RB,BAL,682.0,999.0,999.0,32.7,38.7,18.0,,,,29.0,120.0,1.0,12.0,,87.0,,,32.7,rasheenali,25983.0,00-0039796,381.0,341.67,76.9,215.0,583.0,11.0,RB107,13.0,Rasheen Ali,,,,15.0,19.700000000000003,1.3133333333333335,11.0,7.0,,,25.0,2.0,3.0,32.7,107.0,7.466666666666668,20.083333333333336,False,False,682.0,75.58999999999999,1.0,1.0,1.0,1.0,1.0,0.9999999999999997,0.9999999999999996,0.9999999999999958,0.9999999999999952,0.9999999999999503,0.9999999999999449,0.9999999999994756,0.9999999999994229,0.9999999999949984,0.9999999999945173,138.58039215686273,-118.49705882352939,-98.23333333333335,95,448,,,,,,,,,,,,,,,
12496,Tai Felton,WR,MIN,700.0,692.7,999.0,24.2,29.2,18.0,,,,1.0,6.0,,10.0,,126.0,1.0,,24.200000000000003,taifelton,27182.0,00-0040154,428.0,408.09,97.96,311.0,665.0,12.0,WR150,6.0,Tai Felton,,,,12.0,4.0,0.3333333333333333,3.0,0.0,,,23.0,1.0,4.0,24.200000000000003,158.0,16.433333333333334,20.31666666666667,False,False,700.0,77.57,1.0,1.0,1.0,1.0,1.0,0.9999999999999998,0.9999999999999998,0.9999999999999967,0.9999999999999964,0.9999999999999638,0.99999999999996,0.9999999999996363,0.9999999999996003,0.99999999999667,0.9999999999963556,138.98333333333332,-118.66666666666666,-117.11666666666667,153,449,,,,,,,,,,,,,,,
13333,Deion Burks,WR,IND,670.0,999.0,999.0,19.3,23.3,18.0,,,,,2.0,,8.0,,91.0,1.0,,19.3,deionburks,27093.0,00-0041132,425.0,395.73,113.04,306.0,659.0,11.0,WR148,13.0,Deion Burks,,,,,,,,,,,23.0,0.0,6.0,19.3,154.0,21.2,20.25,False,False,670.0,74.27,1.0,1.0,1.0,1.0,1.0,0.9999999999999996,0.9999999999999996,0.9999999999999949,0.9999999999999942,0.9999999999999378,0.9999999999999312,0.9999999999993245,0.9999999999992557,0.9999999999933737,0.9999999999927285,138.98333333333332,-118.73333333333332,-117.18333333333334,154,450,,,,,,,,,,,,,,,
11577,Will Shipley,RB,PHI,685.8,999.0,999.0,28.8,33.8,18.0,,,,25.0,105.0,1.0,10.0,,73.0,,,28.8,willshipley,22930.0,00-0039746,310.0,317.76,41.84,242.0,526.0,10.0,RB92,10.0,Will Shipley,,,,14.0,15.0,1.0714285714285714,12.0,14.0,,,24.0,2.0,3.0,28.8,101.0,9.866666666666667,19.333333333333336,False,False,685.8,76.008,1.0,1.0,1.0,1.0,1.0,0.9999999999999997,0.9999999999999997,0.999999999999996,0.9999999999999956,0.9999999999999536,0.9999999999999487,0.9999999999995153,0.9999999999994666,0.9999999999954168,0.9999999999949778,138.58039215686273,-119.24705882352939,-98.98333333333335,96,451,,,,,,,,,,,,,,,
7842,Luke Farrell,TE,SF,,491.0,999.0,7.6,10.1,18.0,,,,,,,5.0,,51.0,,,7.6000000000000005,lukefarrell,19501.0,00-0036887,511.0,455.4,33.35,403.0,497.0,12.0,TE87,8.0,Luke Farrell,,,,13.0,24.0,1.8461538461538463,14.0,0.0,,,28.0,5.0,3.0,7.6000000000000005,87.0,11.033333333333333,9.316666666666666,False,True,480.4,53.414,1.0,1.0,1.0,0.9999999999999998,0.9999999999999997,0.9999999999999903,0.9999999999999889,0.9999999999997118,0.9999999999996695,0.9999999999929393,0.9999999999919673,0.9999999998580597,0.999999999839843,0.9999999976578348,0.9999999973788609,128.58333333333334,-119.26666666666668,-112.05000000000001,95,452,,,,,,,,,,,,,,,
11911,Jeshaun Jones,WR,MIN,495.8,577.5,999.0,,,18.0,,,,,,,,,,,,0.0,jeshaunjones,,,548.0,405.25,102.79,268.0,521.0,13.0,WR186,6.0,Jeshaun Jones,,,,,,,,,Sus,Suspension,26.0,2.0,5.0,0.0,157.0,19.533333333333335,19.533333333333335,False,False,495.8,55.108000000000004,1.0,1.0,1.0,0.9999999999999998,0.9999999999999998,0.9999999999999931,0.9999999999999921,0.9999999999998119,0.9999999999997851,0.999999999995707,0.999999999995129,0.9999999999186162,0.9999999999083722,0.9999999987185311,0.9999999985683253,138.98333333333332,-119.44999999999999,-117.9,155,453,,,,,,,,,,,,,,,
7496,Nick Westbrook-Ikhine,WR,IND,687.2,999.0,999.0,24.5,29.5,18.0,,,,,,,10.0,,135.0,1.0,,24.5,nickwestbrookikhine,19747.0,00-0036182,434.0,412.0,112.63,305.0,662.0,12.0,WR151,13.0,Nick Westbrook-Ikhine,,,,13.0,14.4,1.1076923076923078,20.0,0.0,,,29.0,6.0,,24.5,159.0,12.9,18.7,False,False,687.2,76.16199999999999,1.0,1.0,1.0,1.0,1.0,0.9999999999999997,0.9999999999999997,0.999999999999996,0.9999999999999956,0.9999999999999547,0.9999999999999499,0.999999999999529,0.9999999999994819,0.9999999999955611,0.9999999999951363,138.98333333333332,-120.28333333333332,-118.73333333333333,156,454,,,,,,,,,,,,,,,
7562,Tutu Atwell,WR,LAR,690.5,999.0,999.0,8.7,10.7,18.0,,,,1.0,5.0,,4.0,,62.0,,,8.7,tutuatwell,20126.0,00-0036849,379.0,333.92,39.14,276.0,408.0,11.0,WR135,11.0,Tutu Atwell,,,,8.0,28.200000000000003,3.5250000000000004,15.0,0.0,,,26.0,5.0,5.0,8.7,130.0,27.96666666666667,18.333333333333336,False,False,690.5,76.52499999999999,1.0,1.0,1.0,1.0,1.0,0.9999999999999998,0.9999999999999997,0.9999999999999962,0.9999999999999958,0.9999999999999573,0.9999999999999528,0.9999999999995597,0.9999999999995157,0.9999999999958816,0.9999999999954889,138.98333333333332,-120.64999999999998,-119.1,157,455,,,,,,,,,,,,,,,
10212,Josh Whyle,TE,GB,685.2,695.5,999.0,10.3,13.8,18.0,,,,,,,7.0,,68.0,,,10.3,joshwhyle,22923.0,00-0038589,527.0,488.8,53.33,402.0,549.0,13.0,TE97,11.0,Josh Whyle,,,,6.0,12.1,2.0166666666666666,6.0,0.0,,,27.0,3.0,3.0,10.3,103.0,5.366666666666667,7.833333333333334,False,False,685.2,75.942,1.0,1.0,1.0,1.0,1.0,0.9999999999999997,0.9999999999999997,0.999999999999996,0.9999999999999956,0.999999999999953,0.999999999999948,0.9999999999995093,0.99999999999946,0.9999999999953534,0.999999999994908,128.58333333333334,-120.75000000000001,-113.53333333333335,96,456,,,,,,,,,,,,,,,
9757,Kendre Miller,RB,NO,677.9,224.8,179.6,4.6,5.6,18.0,,,,5.0,20.0,,2.0,,16.0,,,4.6,kendremiller,24360.0,00-0038551,274.0,259.75,37.92,155.0,333.0,9.0,RB82,8.0,Kendre Miller,,,,7.0,30.8,4.4,5.0,47.0,Questionable,Undisclosed,24.0,3.0,2.0,4.6,79.0,30.833333333333332,17.716666666666665,False,False,677.9,75.139,1.0,1.0,1.0,1.0,1.0,0.9999999999999997,0.9999999999999996,0.9999999999999954,0.9999999999999949,0.9999999999999463,0.9999999999999407,0.9999999999994288,0.999999999999371,0.999999999994499,0.9999999999939677,138.58039215686273,-120.86372549019606,-100.60000000000001,97,457,,,,,,,,,,,,,,,
13348,J'Mari Taylor,RB,JAX,614.1,999.0,999.0,28.2,30.7,18.0,,,,38.0,160.0,1.0,5.0,,37.0,,,28.2,jmaritaylor,28109.0,00-0041217,401.0,364.5,91.3,292.0,585.0,11.0,RB111,7.0,J'Mari Taylor,,,,,,,,,,,24.0,0.0,,28.2,111.0,6.533333333333334,17.366666666666667,False,False,614.1,68.121,1.0,1.0,1.0,1.0,1.0,0.9999999999999991,0.9999999999999991,0.9999999999999867,0.999999999999985,0.9999999999998073,0.9999999999997853,0.9999999999975475,0.9999999999972804,0.9999999999723614,0.9999999999695071,138.58039215686273,-121.21372549019605,-100.95000000000002,98,458,,,,,,,,,,,,,,,
8219,Jelani Woods,TE,NYJ,307.0,243.0,999.0,,,18.0,,,,,,,,,,,,0.0,jelaniwoods,23829.0,00-0037755,469.0,472.0,85.81,357.0,565.0,12.0,TE77,13.0,Jelani Woods,,,,2.0,0.9,0.45,3.0,0.0,,,27.0,4.0,4.0,0.0,92.0,7.266666666666667,7.266666666666667,False,False,307.0,34.34,1.0,1.0,0.9999999999999999,0.9999999999999793,0.9999999999999742,0.9999999999965058,0.9999999999957178,0.9999999996339674,0.9999999995602668,0.9999999762073242,0.9999999719779633,0.9999990378283721,0.9999988889054969,0.9999757060864628,0.9999724884939811,128.58333333333334,-121.31666666666668,-114.10000000000001,97,459,,,,,,,,,,,,,,,
8145,Jeremy Ruckert,TE,NYJ,662.0,999.0,999.0,6.8,9.3,18.0,,,,,,,5.0,,43.0,,,6.8,jeremyruckert,23742.0,00-0037805,517.0,466.4,42.21,392.0,522.0,12.0,TE90,13.0,Jeremy Ruckert,,,,14.0,35.400000000000006,2.528571428571429,29.0,0.0,,,26.0,4.0,3.0,6.8,91.0,7.3999999999999995,7.1,False,False,662.0,73.39,1.0,1.0,1.0,1.0,1.0,0.9999999999999996,0.9999999999999996,0.9999999999999941,0.9999999999999936,0.9999999999999276,0.9999999999999198,0.9999999999991969,0.9999999999991142,0.9999999999919695,0.999999999991181,128.58333333333334,-121.48333333333335,-114.26666666666668,98,460,,,,,,,,,,,,,,,
11650,Luke McCaffrey,WR,WAS,620.4,999.0,999.0,7.3,9.3,18.0,,,,,,,4.0,,53.0,,,7.300000000000001,lukemccaffrey,26328.0,00-0039355,348.0,338.3,68.09,223.0,587.0,10.0,WR120,7.0,Luke McCaffrey,,,,9.0,43.8,4.866666666666666,15.0,0.0,,,25.0,2.0,7.0,7.300000000000001,132.0,27.0,17.15,False,False,620.4,68.814,1.0,1.0,1.0,1.0,1.0,0.9999999999999992,0.9999999999999991,0.999999999999988,0.9999999999999867,0.9999999999998319,0.9999999999998128,0.9999999999978999,0.999999999997673,0.9999999999767153,0.9999999999743266,138.98333333333332,-121.83333333333331,-120.28333333333333,158,461,,,,,,,,,,,,,,,
10444,Cedric Tillman,WR,NO,697.6,667.4,999.0,5.1,6.6,18.0,,,,,,,3.0,,36.0,,,5.1,cedrictillman,25287.0,00-0038979,367.0,328.54,75.08,227.0,603.0,11.0,WR130,8.0,Cedric Tillman,,,,12.0,49.5,4.125,39.0,0.0,,,26.0,3.0,,5.1,128.0,29.166666666666668,17.133333333333333,False,False,697.6,77.306,1.0,1.0,1.0,1.0,1.0,0.9999999999999998,0.9999999999999997,0.9999999999999967,0.9999999999999962,0.9999999999999623,0.9999999999999584,0.9999999999996184,0.9999999999995807,0.9999999999964879,0.9999999999961555,138.98333333333332,-121.85,-120.30000000000001,159,462,,,,,,,,,,,,,,,
12670,KeAndre Lambert-Smith,WR,LAC,647.5,999.0,999.0,29.0,35.5,18.0,,,,1.0,6.0,,13.0,,159.0,1.0,,29.0,keandrelambertsmith,24372.0,00-0040184,467.0,465.43,127.12,306.0,682.0,12.0,WR157,7.0,KeAndre Lambert-Smith,,,,10.0,13.600000000000001,1.36,12.0,0.0,,,24.0,1.0,5.0,29.0,175.0,5.1,17.05,False,False,647.5,71.79499999999999,1.0,1.0,1.0,1.0,1.0,0.9999999999999996,0.9999999999999994,0.9999999999999926,0.9999999999999918,0.9999999999999041,0.9999999999998934,0.9999999999988906,0.9999999999987743,0.999999999988509,0.9999999999873634,138.98333333333332,-121.93333333333332,-120.38333333333334,160,463,,,,,,,,,,,,,,,
7075,Charlie Woerner,TE,ATL,611.5,641.5,999.0,6.0,8.0,18.0,,,,,,,4.0,,40.0,,,6.0,charliewoerner,19665.0,00-0036429,519.0,474.6,30.67,414.0,494.0,12.0,TE91,11.0,Charlie Woerner,,,,7.0,8.8,1.2571428571428573,9.0,0.0,,,28.0,6.0,3.0,6.0,94.0,6.666666666666667,6.333333333333334,False,False,611.5,67.835,1.0,1.0,1.0,1.0,1.0,0.9999999999999991,0.9999999999999991,0.999999999999986,0.9999999999999842,0.9999999999997959,0.9999999999997726,0.9999999999973832,0.9999999999970974,0.9999999999703106,0.9999999999672362,128.58333333333334,-122.25000000000001,-115.03333333333335,99,464,,,,,,,,,,,,,,,
11433,Nate Adkins,TE,DEN,651.7,627.5,999.0,4.2,5.7,18.0,,,,,,,3.0,,27.0,,,4.2,nateadkins,25881.0,00-0038783,514.0,457.4,62.69,372.0,559.0,12.0,TE89,10.0,Nate Adkins,,,,6.0,13.8,2.3000000000000003,11.0,0.0,,,27.0,3.0,3.0,4.2,89.0,8.466666666666667,6.333333333333334,False,False,651.7,72.257,1.0,1.0,1.0,1.0,1.0,0.9999999999999996,0.9999999999999994,0.9999999999999931,0.9999999999999922,0.9999999999999116,0.9999999999999021,0.999999999998991,0.9999999999988858,0.9999999999896558,0.9999999999886291,128.58333333333334,-122.25000000000001,-115.03333333333335,100,465,,,,,,,,,,,,,,,
11716,Tip Reiman,TE,ARI,652.7,683.5,999.0,11.4,15.4,18.0,,,,,,,8.0,,74.0,,,11.4,tipreiman,26432.0,00-0039737,579.0,546.2,37.56,494.0,579.0,13.0,TE111,14.0,Tip Reiman,,,,3.0,3.3,1.0999999999999999,5.0,0.0,PUP,Ankle,24.0,2.0,5.0,11.4,128.0,1.0399999999999998,6.22,False,False,652.7,72.367,1.0,1.0,1.0,1.0,1.0,0.9999999999999996,0.9999999999999994,0.9999999999999931,0.9999999999999925,0.9999999999999134,0.999999999999904,0.9999999999990133,0.9999999999989106,0.9999999999899098,0.9999999999889095,128.58333333333334,-122.36333333333334,-115.14666666666668,101,466,,,,,,,,,,,,,,,
13308,Bauer Sharp,TE,TB,472.3,588.2,999.0,,,18.0,,,,,,,,,,,,0.0,bauersharp,28165.0,00-0041094,522.0,478.8,29.3,424.0,505.0,12.0,TE94,10.0,Bauer Sharp,,,,,,,,,,,23.0,0.0,5.0,0.0,97.0,6.033333333333334,6.033333333333334,False,False,472.3,52.523,1.0,1.0,1.0,0.9999999999999998,0.9999999999999997,0.9999999999999883,0.9999999999999865,0.9999999999996358,0.9999999999995814,0.9999999999907285,0.9999999999894367,0.9999999998076528,0.9999999997827136,0.9999999967463999,0.9999999963556297,128.58333333333334,-122.55000000000001,-115.33333333333334,102,467,,,,,,,,,,,,,,,
13580,Carsen Ryan,TE,CLE,455.6,599.9,999.0,,,18.0,,,,,,,,,,,,0.0,carsenryan,28399.0,00-0041131,598.0,481.0,63.21,380.0,552.0,13.0,TE117,11.0,Carsen Ryan,,,,,,,,,,,23.0,0.0,3.0,0.0,98.0,6.0,6.0,False,False,455.6,50.686,1.0,1.0,1.0,0.9999999999999996,0.9999999999999996,0.9999999999999825,0.9999999999999796,0.9999999999993963,0.9999999999993038,0.9999999999833316,0.9999999999809511,0.9999999996305327,0.9999999995816119,0.9999999934215754,0.9999999926181005,128.58333333333334,-122.58333333333334,-115.36666666666667,103,468,,,,,,,,,,,,,,,
3258,Nick Vannett,TE,BAL,323.0,666.0,999.0,,,18.0,,,,,,,,,,,,0.0,nickvannett,15645.0,00-0032394,664.0,483.0,138.88,287.0,592.0,14.0,TE137,13.0,Nick Vannett,,,,,,,,,,,33.0,10.0,,0.0,100.0,5.666666666666667,5.666666666666667,False,False,323.0,36.1,1.0,1.0,1.0,0.9999999999999885,0.9999999999999856,0.9999999999983784,0.9999999999980265,0.9999999998530276,0.999999999824325,0.9999999913540745,0.9999999898496088,0.9999996691825119,0.999999618494908,0.9999917437200085,0.999990646025206,128.58333333333334,-122.91666666666667,-115.7,104,469,,,,,,,,,,,,,,,
11588,Jawhar Jordan,RB,HOU,642.8,999.0,999.0,24.5,27.0,18.0,,,,31.0,127.0,1.0,5.0,,33.0,,,24.5,jawharjordan,26329.0,00-0039405,406.0,357.4,61.16,286.0,557.0,11.0,RB112,8.0,Jawhar Jordan,,,,4.0,26.200000000000003,6.550000000000001,7.0,43.0,,,27.0,2.0,,24.5,109.0,6.800000000000001,15.65,False,False,642.8,71.27799999999999,1.0,1.0,1.0,1.0,1.0,0.9999999999999994,0.9999999999999993,0.999999999999992,0.999999999999991,0.9999999999998945,0.9999999999998829,0.9999999999987648,0.9999999999986346,0.999999999987057,0.9999999999857604,138.58039215686273,-122.93039215686272,-102.66666666666667,99,470,,,,,,,,,,,,,,,
11606,Dallin Holker,TE,,413.1,304.1,999.0,5.5,7.5,18.0,,,,,,,4.0,,35.0,,,5.5,dallinholker,24732.0,00-0039613,,,,,,,,,,,,,,,,,,,,25.0,1.0,,5.5,,,5.5,False,False,413.1,46.011,1.0,1.0,1.0,0.9999999999999991,0.9999999999999989,0.9999999999999434,0.9999999999999332,0.9999999999974487,0.9999999999970275,0.9999999999120799,0.9999999998986946,0.9999999976782437,0.9999999973542298,0.9999999529734251,0.9999999469983889,128.58333333333334,-123.08333333333334,-115.86666666666667,105,471,,,,,,,,,,,,,,,
10227,Payne Durham,TE,TB,620.5,564.0,999.0,6.1,8.1,18.0,,,,,,,4.0,,41.0,,,6.1000000000000005,paynedurham,25346.0,00-0039050,530.0,493.8,31.08,447.0,543.0,13.0,TE99,10.0,Payne Durham,,,,8.0,1.6,0.2,4.0,0.0,,,26.0,3.0,2.0,6.1000000000000005,105.0,4.666666666666667,5.383333333333334,False,False,620.5,68.82499999999999,1.0,1.0,1.0,1.0,1.0,0.9999999999999992,0.9999999999999991,0.999999999999988,0.9999999999999867,0.9999999999998322,0.9999999999998133,0.999999999997905,0.9999999999976786,0.9999999999767779,0.999999999974396,128.58333333333334,-123.2,-115.98333333333333,106,472,,,,,,,,,,,,,,,
10214,Davis Allen,TE,LAR,676.6,660.7,999.0,4.4,5.9,18.0,,,,,,,3.0,,29.0,,,4.4,davisallen,23761.0,00-0039074,524.0,482.4,42.26,426.0,554.0,12.0,TE95,11.0,Davis Allen,,,,15.0,50.8,3.3866666666666663,33.0,0.0,Questionable,Quadriceps,25.0,3.0,4.0,4.4,99.0,5.833333333333333,5.116666666666667,False,False,676.6,74.996,1.0,1.0,1.0,1.0,1.0,0.9999999999999997,0.9999999999999996,0.9999999999999953,0.9999999999999949,0.999999999999945,0.9999999999999392,0.9999999999994129,0.9999999999993534,0.9999999999943293,0.999999999993781,128.58333333333334,-123.46666666666667,-116.25,107,473,,,,,,,,,,,,,,,
4314,Johnny Mundt,TE,PHI,698.6,699.8,999.0,,,18.0,,,,,,,,,,,,0.0,johnnymundt,16743.0,00-0033246,528.0,491.0,42.8,425.0,533.0,13.0,TE98,10.0,Johnny Mundt,,,,12.0,15.600000000000001,1.3,19.0,0.0,,,31.0,9.0,3.0,0.0,104.0,5.0,5.0,False,False,698.6,77.416,1.0,1.0,1.0,1.0,1.0,0.9999999999999998,0.9999999999999998,0.9999999999999967,0.9999999999999962,0.9999999999999629,0.9999999999999591,0.999999999999626,0.999999999999589,0.9999999999965652,0.9999999999962403,128.58333333333334,-123.58333333333334,-116.36666666666667,108,474,,,,,,,,,,,,,,,
8489,Drew Ogletree,TE,IND,543.7,999.0,999.0,3.9,5.4,18.0,,,,,,,3.0,,24.0,,,3.9000000000000004,drewogletree,24561.0,00-0037292,521.0,478.2,38.03,428.0,521.0,12.0,TE93,13.0,Drew Ogletree,,,,11.0,10.7,0.9727272727272727,6.0,0.0,,,28.0,4.0,3.0,3.9000000000000004,96.0,6.066666666666666,4.983333333333333,False,False,543.7,60.377,1.0,1.0,1.0,0.9999999999999999,0.9999999999999999,0.9999999999999973,0.999999999999997,0.9999999999999429,0.9999999999999354,0.9999999999989362,0.9999999999988023,0.9999999999830272,0.999999999981015,0.9999999997680437,0.9999999997422088,128.58333333333334,-123.60000000000001,-116.38333333333334,109,475,,,,,,,,,,,,,,,
2197,Brandin Cooks,WR,,683.0,999.0,999.0,23.8,28.8,18.0,,,,,,,10.0,,128.0,1.0,,23.8,brandincooks,12122.0,00-0031236,502.0,440.2,192.34,276.0,785.0,12.0,WR172,,Brandin Cooks,,,,13.0,39.900000000000006,3.06923076923077,36.0,0.0,,,32.0,12.0,,23.8,167.0,6.033333333333334,14.916666666666668,False,False,683.0,75.69999999999999,1.0,1.0,1.0,1.0,1.0,0.9999999999999997,0.9999999999999996,0.9999999999999958,0.9999999999999953,0.9999999999999512,0.999999999999946,0.9999999999994864,0.9999999999994347,0.9999999999951125,0.9999999999946428,138.98333333333332,-124.06666666666665,-122.51666666666667,161,476,,,,,,,,,,,,,,,
11439,Jaleel McLaughlin,RB,CLE,660.9,999.0,999.0,6.5,7.5,18.0,,,,10.0,40.0,,2.0,,15.0,,,6.5,jaleelmclaughlin,25876.0,00-0038794,316.0,312.36,39.57,249.0,520.0,10.0,RB97,11.0,Jaleel McLaughlin,,,,8.0,29.4,3.675,6.0,37.0,,,25.0,3.0,,6.5,95.0,22.400000000000002,14.450000000000001,False,False,660.9,73.26899999999999,1.0,1.0,1.0,1.0,1.0,0.9999999999999996,0.9999999999999996,0.999999999999994,0.9999999999999933,0.9999999999999262,0.9999999999999182,0.9999999999991773,0.9999999999990925,0.999999999991752,0.9999999999909412,138.58039215686273,-124.13039215686273,-103.86666666666667,100,477,,,,,,,,,,,,,,,
4602,Robert Tonyan,TE,PIT,619.0,687.9,999.0,1.4,1.9,18.0,,,,,,,1.0,,9.0,,,1.4,roberttonyan,16502.0,00-0033757,775.0,460.0,110.0,350.0,570.0,14.0,TE163,9.0,Robert Tonyan,,,,2.0,0.6,0.3,1.0,0.0,,,32.0,9.0,3.0,1.4,90.0,7.5,4.45,False,False,619.0,68.66,1.0,1.0,1.0,1.0,1.0,0.9999999999999992,0.9999999999999991,0.9999999999999878,0.9999999999999862,0.9999999999998268,0.999999999999807,0.9999999999978267,0.9999999999975915,0.9999999999758171,0.9999999999733327,128.58333333333334,-124.13333333333334,-116.91666666666667,110,478,,,,,,,,,,,,,,,
4381,Taysom Hill,TE,,688.6,999.0,999.0,7.5,9.5,18.0,,,,5.0,20.0,,4.0,,35.0,,,7.5,taysomhill,17115.0,00-0033357,700.0,539.67,165.8,322.0,724.0,14.0,TE147,,Taysom Hill,,,,13.0,36.28,2.790769230769231,16.0,52.0,,,35.0,9.0,,7.5,126.0,1.0399999999999998,4.27,False,False,688.6,76.316,1.0,1.0,1.0,1.0,1.0,0.9999999999999997,0.9999999999999997,0.9999999999999961,0.9999999999999958,0.9999999999999558,0.9999999999999512,0.9999999999995424,0.9999999999994966,0.9999999999957003,0.9999999999952895,128.58333333333334,-124.31333333333335,-117.09666666666668,111,479,,,,,,,,,,,,,,,
11082,Ben Sims,TE,MIA,651.6,468.0,999.0,,,18.0,,,,,,,,,,,,0.0,bensims,25349.0,00-0038809,532.0,494.6,32.68,459.0,546.0,13.0,TE101,6.0,Ben Sims,,,,3.0,4.5,1.5,6.0,0.0,IR,Undisclosed,26.0,3.0,6.0,0.0,107.0,4.233333333333333,4.233333333333333,False,False,651.6,72.246,1.0,1.0,1.0,1.0,1.0,0.9999999999999996,0.9999999999999994,0.9999999999999931,0.9999999999999922,0.9999999999999115,0.9999999999999019,0.9999999999989887,0.9999999999988833,0.9999999999896301,0.9999999999886007,128.58333333333334,-124.35000000000001,-117.13333333333334,112,480,,,,,,,,,,,,,,,
11371,Julian Hill,TE,NE,638.9,668.8,999.0,4.1,5.6,18.0,,,,,,,3.0,,26.0,,,4.1,julianhill,25824.0,00-0038720,531.0,494.0,109.28,313.0,624.0,13.0,TE100,11.0,Julian Hill,,,,11.0,21.5,1.9545454545454546,20.0,0.0,IR,Knee,26.0,3.0,5.0,4.1,106.0,4.3,4.199999999999999,False,False,638.9,70.84899999999999,1.0,1.0,1.0,1.0,1.0,0.9999999999999994,0.9999999999999993,0.9999999999999913,0.9999999999999905,0.9999999999998859,0.9999999999998732,0.9999999999986482,0.9999999999985053,0.9999999999856983,0.9999999999842597,128.58333333333334,-124.38333333333334,-117.16666666666667,113,481,,,,,,,,,,,,,,,
4189,Eric Saubert,TE,SEA,581.7,575.5,999.0,4.2,5.7,18.0,,,,,,,3.0,,27.0,,,4.2,ericsaubert,16706.0,00-0033576,535.0,498.8,31.22,441.0,528.0,13.0,TE102,11.0,Eric Saubert,,,,9.0,5.1,0.5666666666666667,7.0,0.0,,,32.0,9.0,3.0,4.2,109.0,4.166666666666667,4.183333333333334,False,False,581.7,64.557,1.0,1.0,1.0,1.0,1.0,0.9999999999999987,0.9999999999999984,0.9999999999999749,0.9999999999999718,0.9999999999995953,0.999999999999547,0.9999999999943072,0.9999999999936628,0.9999999999300655,0.9999999999225885,128.58333333333334,-124.4,-117.18333333333334,114,482,,,,,,,,,,,,,,,
11595,Jared Wiley,TE,KC,435.0,677.5,999.0,,,18.0,,,,,,,,,,,,0.0,jaredwiley,26343.0,00-0039824,537.0,499.4,44.27,417.0,547.0,13.0,TE104,5.0,Jared Wiley,,,,2.0,0.9,0.45,1.0,0.0,,,25.0,2.0,3.0,0.0,110.0,4.133333333333334,4.133333333333334,False,False,435.0,48.42,1.0,1.0,1.0,0.9999999999999993,0.9999999999999993,0.9999999999999698,0.9999999999999647,0.9999999999988216,0.9999999999986344,0.9999999999638731,0.9999999999585522,0.9999999991292045,0.9999999990108996,0.9999999834859461,0.999999981428514,128.58333333333334,-124.45,-117.23333333333333,115,483,,,,,,,,,,,,,,,
5133,Tyler Conklin,TE,DET,644.8,676.4,999.0,1.2,1.7,18.0,,,,,,,1.0,,7.0,,,1.2000000000000002,tylerconklin,17598.0,00-0034270,488.0,474.0,62.34,366.0,574.0,12.0,TE80,6.0,Tyler Conklin,,,,6.0,13.8,2.3000000000000003,10.0,1.0,,,31.0,8.0,3.0,1.2000000000000002,93.0,7.066666666666667,4.133333333333334,False,False,644.8,71.49799999999999,1.0,1.0,1.0,1.0,1.0,0.9999999999999994,0.9999999999999993,0.9999999999999922,0.9999999999999913,0.9999999999998987,0.9999999999998875,0.9999999999988202,0.9999999999986962,0.9999999999876982,0.9999999999864684,128.58333333333334,-124.45,-117.23333333333333,116,484,,,,,,,,,,,,,,,
12860,Theo Wease,WR,LAC,665.5,999.0,999.0,6.9,8.9,18.0,,,,,,,4.0,,49.0,,,6.9,theowease,27222.0,00-0040311,538.0,387.0,102.61,226.0,506.0,13.0,WR181,7.0,Theo Wease Jr.,,,,3.0,22.9,7.633333333333333,10.0,0.0,,,25.0,1.0,,6.9,153.0,21.666666666666668,14.283333333333335,False,False,665.5,73.77499999999999,1.0,1.0,1.0,1.0,1.0,0.9999999999999996,0.9999999999999996,0.9999999999999944,0.9999999999999938,0.9999999999999323,0.9999999999999252,0.9999999999992558,0.9999999999991794,0.9999999999926207,0.9999999999918987,138.98333333333332,-124.69999999999999,-123.15,162,485,,,,,,,,,,,,,,,
6843,Albert Okwuegbunam,TE,,575.6,999.0,999.0,,,18.0,,,,,,,,,,,,0.0,albertokwuegbunam,18246.0,00-0036423,679.0,500.0,164.65,279.0,674.0,14.0,TE143,,Albert Okwuegbunam Jr.,,,,1.0,6.1,6.1,6.0,0.0,,,28.0,6.0,,0.0,112.0,3.8000000000000003,3.8000000000000003,False,False,575.6,63.886,1.0,1.0,1.0,1.0,1.0,0.9999999999999984,0.9999999999999982,0.9999999999999716,0.9999999999999679,0.9999999999995308,0.9999999999994744,0.9999999999932703,0.9999999999925029,0.9999999999159329,0.9999999999068857,128.58333333333334,-124.78333333333335,-117.56666666666668,117,486,,,,,,,,,,,,,,,
11651,Isaac Guerendo,RB,SF,677.5,999.0,999.0,5.7,6.2,18.0,,,,11.0,46.0,,1.0,,6.0,,,5.700000000000001,isaacguerendo,26392.0,00-0039363,313.0,313.04,50.5,227.0,600.0,10.0,RB94,8.0,Isaac Guerendo,,,,7.0,0.0,0.0,0.0,0.0,PUP,Pectoral,26.0,2.0,6.0,5.700000000000001,96.0,21.833333333333332,13.766666666666666,False,False,677.5,75.095,1.0,1.0,1.0,1.0,1.0,0.9999999999999997,0.9999999999999996,0.9999999999999953,0.9999999999999949,0.9999999999999459,0.9999999999999403,0.999999999999424,0.9999999999993656,0.9999999999944473,0.9999999999939109,138.58039215686273,-124.81372549019606,-104.55000000000001,101,487,,,,,,,,,,,,,,,
12541,Dont'e Thornton,WR,LV,677.0,999.0,999.0,3.7,4.7,18.0,,,,,,,2.0,,27.0,,,3.7,dontethornton,27288.0,00-0040581,382.0,361.96,84.99,278.0,621.0,11.0,WR137,13.0,Dont'e Thornton Jr.,,,,11.0,18.5,1.6818181818181819,30.0,0.0,IR,Undisclosed,23.0,1.0,10.0,3.7,141.0,24.599999999999998,14.149999999999999,False,False,677.0,75.03999999999999,1.0,1.0,1.0,1.0,1.0,0.9999999999999997,0.9999999999999996,0.9999999999999953,0.9999999999999949,0.9999999999999454,0.9999999999999396,0.9999999999994178,0.999999999999359,0.999999999994382,0.999999999993839,138.98333333333332,-124.83333333333331,-123.28333333333333,163,488,,,,,,,,,,,,,,,
8249,Lucas Krull,TE,DEN,,999.0,999.0,6.1,8.1,18.0,,,,,,,4.0,,41.0,,,6.1000000000000005,lucaskrull,24240.0,00-0037539,718.0,570.67,42.35,527.0,628.0,14.0,TE150,10.0,Lucas Krull,,,,2.0,2.5,1.25,4.0,0.0,,,28.0,4.0,,6.1000000000000005,139.0,1.0399999999999998,3.5700000000000003,False,True,595.67,66.09369999999998,1.0,1.0,1.0,1.0,1.0,0.9999999999999989,0.9999999999999988,0.999999999999981,0.9999999999999787,0.9999999999997087,0.9999999999996745,0.9999999999960774,0.9999999999956408,0.9999999999535967,0.9999999999487093,128.58333333333334,-125.01333333333335,-117.79666666666668,118,489,,,,,,,,,,,,,,,
7587,Dyami Brown,WR,WAS,615.7,999.0,999.0,3.9,4.9,18.0,,,,1.0,6.0,,2.0,,23.0,,,3.9000000000000004,dyamibrown,20113.0,00-0036626,417.0,363.92,97.91,264.0,645.0,11.0,WR146,7.0,Dyami Brown,,,,11.0,39.7,3.6090909090909093,37.0,6.0,,,26.0,5.0,6.0,3.9000000000000004,144.0,23.96666666666667,13.933333333333334,False,False,615.7,68.297,1.0,1.0,1.0,1.0,1.0,0.9999999999999991,0.9999999999999991,0.999999999999987,0.9999999999999855,0.9999999999998139,0.9999999999997926,0.9999999999976428,0.9999999999973866,0.9999999999735459,0.9999999999708187,138.98333333333332,-125.04999999999998,-123.5,164,490,,,,,,,,,,,,,,,
7536,Quintin Morris,TE,JAX,335.5,559.5,999.0,6.0,8.0,18.0,,,,,,,4.0,,40.0,,,6.0,quintinmorris,22820.0,00-0036590,643.0,564.25,20.62,544.0,590.0,13.0,TE128,7.0,Quintin Morris,,,,11.0,14.5,1.3181818181818181,9.0,0.0,,,27.0,5.0,4.0,6.0,134.0,1.0399999999999998,3.52,False,False,335.5,37.475,1.0,1.0,1.0,0.9999999999999923,0.9999999999999906,0.9999999999990707,0.9999999999988748,0.9999999999244544,0.999999999910049,0.999999995888994,0.9999999951860814,0.999999849975015,0.9999998272157296,0.999996319757873,0.9999958307656327,128.58333333333334,-125.06333333333335,-117.84666666666668,119,491,,,,,,,,,,,,,,,
4995,Ian Thomas,TE,LV,612.9,581.8,999.0,3.0,4.0,18.0,,,,,,,2.0,,20.0,,,3.0,ianthomas,17387.0,00-0034365,536.0,499.4,62.71,377.0,552.0,13.0,TE103,13.0,Ian Thomas,,,,9.0,17.9,1.9888888888888887,13.0,0.0,,,30.0,8.0,3.0,3.0,111.0,4.033333333333333,3.5166666666666666,False,False,612.9,67.98899999999999,1.0,1.0,1.0,1.0,1.0,0.9999999999999991,0.9999999999999991,0.9999999999999862,0.9999999999999847,0.9999999999998022,0.9999999999997795,0.9999999999974731,0.9999999999971976,0.9999999999714348,0.9999999999684812,128.58333333333334,-125.06666666666668,-117.85000000000001,120,492,,,,,,,,,,,,,,,
11168,Xavier Smith,WR,LAR,588.8,551.0,999.0,20.6,24.1,18.0,,,,3.0,16.0,,7.0,,95.0,1.0,,20.6,xaviersmith,25627.0,00-0038359,478.0,427.33,138.16,306.0,688.0,12.0,WR162,11.0,Xavier Smith,,,,16.0,39.3,2.45625,24.0,0.0,,,28.0,3.0,7.0,20.6,164.0,7.133333333333334,13.866666666666667,False,False,588.8,65.338,1.0,1.0,1.0,1.0,1.0,0.9999999999999988,0.9999999999999987,0.9999999999999782,0.9999999999999756,0.9999999999996582,0.9999999999996176,0.9999999999952975,0.99999999999477,0.9999999999433354,0.999999999937323,138.98333333333332,-125.11666666666665,-123.56666666666666,165,493,,,,,,,,,,,,,,,
12389,Hayden Rucci,TE,JAX,652.3,613.0,999.0,,,18.0,,,,,,,,,,,,0.0,haydenrucci,26946.0,00-0039489,685.0,509.33,200.33,244.0,728.0,14.0,TE144,7.0,Hayden Rucci,,,,1.0,0.0,0.0,0.0,0.0,,,25.0,2.0,,0.0,113.0,3.4333333333333336,3.4333333333333336,False,False,652.3,72.323,1.0,1.0,1.0,1.0,1.0,0.9999999999999996,0.9999999999999994,0.9999999999999931,0.9999999999999923,0.9999999999999127,0.9999999999999032,0.9999999999990045,0.9999999999989008,0.999999999989809,0.9999999999887983,128.58333333333334,-125.15,-117.93333333333334,121,494,,,,,,,,,,,,,,,
8885,Tucker Fisk,TE,,,999.0,999.0,5.5,7.5,18.0,,,,,,,4.0,,35.0,,,5.5,tuckerfisk,24921.0,00-0037654,859.0,728.0,170.25,518.0,935.0,15.0,TE189,,Tucker Fisk,,,,4.0,2.9000000000000004,0.7250000000000001,4.0,0.0,,,27.0,4.0,,5.5,189.0,1.0399999999999998,3.27,False,True,753.0,83.39999999999999,1.0,1.0,1.0,1.0,1.0,0.9999999999999998,0.9999999999999998,0.9999999999999984,0.9999999999999982,0.9999999999999847,0.9999999999999832,0.9999999999998646,0.9999999999998519,0.9999999999988938,0.9999999999987946,128.58333333333334,-125.31333333333335,-118.09666666666668,122,495,,,,,,,,,,,,,,,
7946,Jack Stoll,TE,,,621.3,999.0,5.5,7.5,18.0,,,,,,,4.0,,35.0,,,5.5,jackstoll,23193.0,00-0036741,645.0,567.5,60.42,487.0,657.0,13.0,TE130,,Jack Stoll,,,,9.0,13.600000000000001,1.5111111111111113,11.0,0.0,Questionable,Undisclosed,28.0,5.0,,5.5,136.0,1.0399999999999998,3.27,False,True,592.5,65.74499999999999,1.0,1.0,1.0,1.0,1.0,0.9999999999999989,0.9999999999999987,0.9999999999999798,0.9999999999999772,0.9999999999996865,0.9999999999996496,0.999999999995737,0.9999999999952607,0.9999999999491391,0.999999999943764,128.58333333333334,-125.31333333333335,-118.09666666666668,123,496,,,,,,,,,,,,,,,
11201,Blake Whiteheart,TE,CLE,617.8,999.0,999.0,3.4,4.4,18.0,,,,,,,2.0,,24.0,,,3.4000000000000004,blakewhiteheart,25657.0,00-0038710,547.0,514.6,25.52,488.0,548.0,13.0,TE106,11.0,Blake Whiteheart,,,,9.0,1.4,0.15555555555555556,6.0,0.0,,,26.0,3.0,2.0,3.4000000000000004,116.0,3.0,3.2,False,False,617.8,68.52799999999999,1.0,1.0,1.0,1.0,1.0,0.9999999999999992,0.9999999999999991,0.9999999999999876,0.999999999999986,0.9999999999998221,0.9999999999998019,0.9999999999977618,0.9999999999975191,0.9999999999750169,0.999999999972447,128.58333333333334,-125.38333333333334,-118.16666666666667,124,497,,,,,,,,,,,,,,,
13846,Jack Velling,TE,ATL,551.0,664.6,999.0,5.3,7.3,18.0,,,,,,,4.0,,33.0,,,5.300000000000001,jackvelling,,,920.0,749.0,51.0,698.0,800.0,16.0,TE203,11.0,Jack Velling,,,,,,,,,,,,0.0,,5.300000000000001,195.0,1.0399999999999998,3.1700000000000004,False,False,551.0,61.18,1.0,1.0,1.0,0.9999999999999999,0.9999999999999999,0.9999999999999978,0.9999999999999973,0.9999999999999516,0.9999999999999453,0.9999999999991243,0.9999999999990152,0.9999999999863712,0.9999999999847698,0.999999999817598,0.9999999997974414,128.58333333333334,-125.41333333333334,-118.19666666666667,125,498,,,,,,,,,,,,,,,
11820,Devin Culp,TE,TB,653.3,668.9,999.0,5.3,7.3,18.0,,,,,,,4.0,,33.0,,,5.300000000000001,devinculp,26440.0,00-0039754,656.0,587.0,43.46,538.0,652.0,14.0,TE133,,Devin Culp,,,,4.0,7.1,1.775,1.0,0.0,,,26.0,2.0,,5.300000000000001,143.0,1.0399999999999998,3.1700000000000004,False,False,653.3,72.43299999999999,1.0,1.0,1.0,1.0,1.0,0.9999999999999996,0.9999999999999994,0.9999999999999932,0.9999999999999925,0.9999999999999144,0.9999999999999051,0.9999999999990266,0.9999999999989253,0.9999999999900591,0.9999999999890741,128.58333333333334,-125.41333333333334,-118.19666666666667,126,499,,,,,,,,,,,,,,,
11640,Jermaine Burton,WR,,467.5,594.0,999.0,22.0,26.0,18.0,,,,1.0,6.0,,8.0,,114.0,1.0,,22.0,jermaineburton,22956.0,00-0039810,591.0,457.25,160.68,281.0,622.0,13.0,WR203,,Jermaine Burton,,,,,,,,,,,24.0,1.0,,22.0,173.0,5.133333333333334,13.566666666666666,False,False,467.5,51.995,1.0,1.0,1.0,0.9999999999999997,0.9999999999999996,0.9999999999999869,0.9999999999999849,0.9999999999995802,0.999999999999517,0.9999999999890643,0.99999999998753,0.9999999997688108,0.9999999997386538,0.9999999960313763,0.9999999955523977,138.98333333333332,-125.41666666666666,-123.86666666666667,166,500,,,,,,,,,,,,,,,
12480,Moliki Matavao,TE,NO,519.7,999.0,999.0,,,18.0,,,,,,,,,,,,0.0,molikimatavao,23093.0,00-0040244,550.0,516.6,76.01,409.0,607.0,13.0,TE107,8.0,Moliki Matavao,,,,1.0,2.0,2.0,2.0,0.0,IR,Knee,23.0,1.0,6.0,0.0,117.0,3.0,3.0,False,False,519.7,57.73700000000001,1.0,1.0,1.0,0.9999999999999998,0.9999999999999998,0.9999999999999958,0.9999999999999952,0.9999999999998987,0.9999999999998848,0.999999999997917,0.9999999999976459,0.9999999999638369,0.9999999999594194,0.9999999994699047,0.9999999994093244,128.58333333333334,-125.58333333333334,-118.36666666666667,127,501,,,,,,,,,,,,,,,
7535,Hunter Long,TE,ARI,603.1,673.3,999.0,,,18.0,,,,,,,,,,,,0.0,hunterlong,22783.0,00-0037004,545.0,513.2,52.16,412.0,555.0,13.0,TE105,14.0,Hunter Long,,,,7.0,26.5,3.7857142857142856,17.0,0.0,,,28.0,5.0,3.0,0.0,115.0,3.0,3.0,False,False,603.1,66.911,1.0,1.0,1.0,1.0,1.0,0.999999999999999,0.9999999999999989,0.9999999999999836,0.9999999999999816,0.999999999999754,0.9999999999997254,0.9999999999967634,0.9999999999964063,0.9999999999624597,0.9999999999585371,128.58333333333334,-125.58333333333334,-118.36666666666667,128,502,,,,,,,,,,,,,,,
13297,Reggie Virgil,WR,ARI,698.6,999.0,999.0,21.6,26.1,18.0,,,,,,,9.0,,111.0,1.0,,21.6,reggievirgil,28141.0,00-0041070,491.0,477.67,123.3,321.0,674.0,12.0,WR168,14.0,Reggie Virgil,,,,,,,,,,,22.0,0.0,5.0,21.6,177.0,5.066666666666666,13.333333333333334,False,False,698.6,77.416,1.0,1.0,1.0,1.0,1.0,0.9999999999999998,0.9999999999999998,0.9999999999999967,0.9999999999999962,0.9999999999999629,0.9999999999999591,0.999999999999626,0.999999999999589,0.9999999999965652,0.9999999999962403,138.98333333333332,-125.64999999999999,-124.10000000000001,167,503,,,,,,,,,,,,,,,
8583,Stone Smartt,TE,NO,523.9,999.0,999.0,4.2,5.7,18.0,,,,,,,3.0,,27.0,,,4.2,stonesmartt,24621.0,00-0037475,637.0,548.75,63.4,458.0,637.0,13.0,TE126,8.0,Stone Smartt,,,,6.0,8.7,1.45,9.0,0.0,,,27.0,4.0,,4.2,130.0,1.0399999999999998,2.62,False,False,523.9,58.199,1.0,1.0,1.0,0.9999999999999999,0.9999999999999998,0.9999999999999962,0.9999999999999956,0.9999999999999087,0.9999999999998962,0.999999999998155,0.9999999999979163,0.9999999999684481,0.9999999999646141,0.9999999995431996,0.9999999994912294,128.58333333333334,-125.96333333333334,-118.74666666666667,129,504,,,,,,,,,,,,,,,
10220,Will Mallory,TE,IND,681.4,698.5,999.0,,,18.0,,,,,,,,,,,,0.0,willmallory,23821.0,00-0038394,551.0,517.2,50.3,435.0,581.0,13.0,TE108,13.0,Will Mallory,,,,1.0,2.1,2.1,1.0,0.0,IR,Thumb,27.0,3.0,4.0,0.0,118.0,2.6,2.6,False,False,681.4,75.52399999999999,1.0,1.0,1.0,1.0,1.0,0.9999999999999997,0.9999999999999996,0.9999999999999957,0.9999999999999952,0.9999999999999496,0.9999999999999444,0.9999999999994691,0.9999999999994156,0.9999999999949285,0.9999999999944404,128.58333333333334,-125.98333333333335,-118.76666666666668,130,505,,,,,,,,,,,,,,,
7568,Brevin Jordan,TE,HOU,665.4,651.3,999.0,4.1,6.1,18.0,,,,,,,4.0,,21.0,,,4.1,brevinjordan,20162.0,00-0036556,567.0,538.8,38.87,470.0,581.0,13.0,TE110,8.0,Brevin Jordan,,,,,,,,,Questionable,Undisclosed,26.0,5.0,5.0,4.1,125.0,1.0399999999999998,2.57,False,False,665.4,73.764,1.0,1.0,1.0,1.0,1.0,0.9999999999999996,0.9999999999999996,0.9999999999999944,0.9999999999999938,0.9999999999999323,0.999999999999925,0.9999999999992542,0.9999999999991777,0.9999999999926029,0.9999999999918792,128.58333333333334,-126.01333333333335,-118.79666666666668,131,506,,,,,,,,,,,,,,,
13403,Jam Miller,RB,,679.0,999.0,999.0,18.9,20.4,18.0,,,,22.0,92.0,1.0,3.0,,22.0,,,18.900000000000002,jammiller,27326.0,00-0041129,457.0,371.71,98.37,283.0,600.0,12.0,RB126,,Jam Miller,,,,,,,,,Questionable,Undisclosed,,0.0,,18.900000000000002,113.0,6.2,12.55,False,False,679.0,75.25999999999999,1.0,1.0,1.0,1.0,1.0,0.9999999999999997,0.9999999999999996,0.9999999999999956,0.999999999999995,0.9999999999999474,0.9999999999999418,0.9999999999994418,0.9999999999993854,0.9999999999946382,0.9999999999941209,138.58039215686273,-126.03039215686273,-105.76666666666668,102,507,,,,,,,,,,,,,,,
3048,Chris Manhertz,TE,NYG,665.0,625.3,999.0,1.8,2.3,18.0,,,,,,,1.0,,13.0,,,1.8,chrismanhertz,14014.0,00-0031484,615.0,510.5,53.54,420.0,559.0,13.0,TE119,8.0,Chris Manhertz,,,,4.0,1.2000000000000002,0.30000000000000004,2.0,0.0,,,34.0,11.0,3.0,1.8,114.0,3.1333333333333333,2.466666666666667,False,False,665.0,73.72,1.0,1.0,1.0,1.0,1.0,0.9999999999999996,0.9999999999999996,0.9999999999999944,0.9999999999999938,0.9999999999999317,0.9999999999999244,0.9999999999992477,0.9999999999991704,0.9999999999925313,0.9999999999918003,128.58333333333334,-126.11666666666667,-118.9,132,508,,,,,,,,,,,,,,,
7602,Kylen Granson,TE,TEN,,505.0,999.0,3.0,4.0,18.0,,,,,,,2.0,,20.0,,,3.0,kylengranson,22841.0,00-0036876,553.0,522.0,34.37,460.0,564.0,13.0,TE109,9.0,Kylen Granson,,,,12.0,7.5,0.625,9.0,0.0,,,28.0,5.0,3.0,3.0,120.0,1.8,2.4,False,True,547.0,60.74,1.0,1.0,1.0,0.9999999999999999,0.9999999999999999,0.9999999999999976,0.9999999999999971,0.999999999999947,0.99999999999994,0.9999999999990263,0.9999999999989043,0.9999999999846391,0.9999999999828253,0.9999999997920521,0.9999999997689732,128.58333333333334,-126.18333333333334,-118.96666666666667,133,509,,,,,,,,,,,,,,,
13327,Desmond Reid,RB,,,652.5,999.0,23.3,25.3,18.0,,,,29.0,122.0,1.0,4.0,,31.0,,,23.3,desmondreid,28110.0,,906.0,679.5,147.5,532.0,827.0,15.0,RB229,,Desmond Reid,,,,,,,,,Questionable,Undisclosed,21.0,0.0,,23.3,205.0,1.1600000000000001,12.23,False,True,704.5,78.065,1.0,1.0,1.0,1.0,1.0,0.9999999999999998,0.9999999999999998,0.9999999999999969,0.9999999999999967,0.9999999999999665,0.9999999999999631,0.9999999999996672,0.9999999999996345,0.9999999999969837,0.9999999999967004,138.58039215686273,-126.35039215686272,-106.08666666666667,103,510,,,,,,,,,,,,,,,
13121,Ben Yurosek,TE,MIN,640.8,999.0,999.0,3.0,4.0,18.0,,,,,,,2.0,,20.0,,,3.0,benyurosek,27843.0,00-0040509,629.0,538.0,36.03,482.0,582.0,13.0,TE122,6.0,Ben Yurosek,,,,6.0,2.4000000000000004,0.4000000000000001,3.0,0.0,,,24.0,1.0,3.0,3.0,123.0,1.3333333333333333,2.1666666666666665,False,False,640.8,71.05799999999999,1.0,1.0,1.0,1.0,1.0,0.9999999999999994,0.9999999999999993,0.9999999999999917,0.9999999999999907,0.9999999999998902,0.9999999999998781,0.9999999999987065,0.99999999999857,0.9999999999863789,0.9999999999850114,128.58333333333334,-126.41666666666667,-119.2,134,511,,,,,,,,,,,,,,,
5938,Lil'Jordan Humphrey,WR,DEN,629.9,999.0,999.0,20.0,24.0,18.0,,,,,,,8.0,,100.0,1.0,,20.0,liljordanhumphrey,18590.0,00-0035406,470.0,478.57,138.53,321.0,702.0,12.0,WR158,10.0,Lil'Jordan Humphrey,,,,7.0,28.1,4.014285714285714,25.0,0.0,,,28.0,7.0,6.0,20.0,178.0,5.033333333333333,12.516666666666666,False,False,629.9,69.859,1.0,1.0,1.0,1.0,1.0,0.9999999999999993,0.9999999999999993,0.99999999999999,0.9999999999999887,0.9999999999998626,0.9999999999998471,0.9999999999983298,0.9999999999981513,0.9999999999819239,0.9999999999800882,138.98333333333332,-126.46666666666665,-124.91666666666667,168,512,,,,,,,,,,,,,,,
6427,Ashton Dulin,WR,IND,696.8,999.0,999.0,2.5,3.0,18.0,,,,1.0,6.0,,1.0,,14.0,,,2.5,ashtondulin,18656.0,00-0035021,404.0,378.0,89.09,280.0,648.0,11.0,WR143,13.0,Ashton Dulin,,,,12.0,17.5,1.4583333333333333,10.0,3.0,,,29.0,7.0,4.0,2.5,150.0,22.5,12.5,False,False,696.8,77.21799999999999,1.0,1.0,1.0,1.0,1.0,0.9999999999999998,0.9999999999999997,0.9999999999999966,0.9999999999999962,0.9999999999999618,0.9999999999999578,0.9999999999996123,0.9999999999995739,0.9999999999964249,0.9999999999960862,138.98333333333332,-126.48333333333332,-124.93333333333334,169,513,,,,,,,,,,,,,,,
10210,Cameron Latu,TE,NE,666.7,673.1,999.0,3.0,4.0,18.0,,,,,,,2.0,,20.0,,,3.0,cameronlatu,24331.0,00-0038564,677.0,611.75,84.93,504.0,733.0,14.0,TE142,11.0,Cameron Latu,,,,10.0,0.0,0.0,0.0,0.0,,,26.0,3.0,4.0,3.0,157.0,1.0399999999999998,2.02,False,False,666.7,73.907,1.0,1.0,1.0,1.0,1.0,0.9999999999999996,0.9999999999999996,0.9999999999999946,0.999999999999994,0.9999999999999338,0.9999999999999267,0.9999999999992748,0.9999999999992006,0.9999999999928304,0.9999999999921299,128.58333333333334,-126.56333333333335,-119.34666666666668,135,514,,,,,,,,,,,,,,,
6850,Harrison Bryant,TE,,,631.5,999.0,3.0,4.0,18.0,,,,,,,2.0,,20.0,,,3.0,harrisonbryant,19389.0,00-0036232,746.0,597.0,60.42,531.0,677.0,14.0,TE156,,Harrison Bryant,,,,5.0,1.7000000000000002,0.34,6.0,0.0,Questionable,Undisclosed,28.0,6.0,,3.0,147.0,1.0399999999999998,2.02,False,True,622.0,68.99,1.0,1.0,1.0,1.0,1.0,0.9999999999999993,0.9999999999999991,0.9999999999999885,0.999999999999987,0.9999999999998376,0.9999999999998191,0.9999999999979802,0.9999999999977622,0.9999999999776972,0.9999999999754132,128.58333333333334,-126.56333333333335,-119.34666666666668,136,515,,,,,,,,,,,,,,,
8041,Shane Zylstra,TE,NE,628.5,999.0,999.0,1.8,2.3,18.0,,,,,,,1.0,,13.0,,,1.8,shanezylstra,23461.0,00-0036534,799.0,519.5,237.5,282.0,757.0,15.0,TE169,11.0,Shane Zylstra,,,,1.0,3.5,3.5,5.0,0.0,,,29.0,5.0,,1.8,119.0,2.1999999999999997,2.0,False,False,628.5,69.705,1.0,1.0,1.0,1.0,1.0,0.9999999999999993,0.9999999999999992,0.9999999999999897,0.9999999999999885,0.9999999999998584,0.9999999999998426,0.9999999999982729,0.9999999999980882,0.999999999981244,0.9999999999793364,128.58333333333334,-126.58333333333334,-119.36666666666667,137,516,,,,,,,,,,,,,,,
13316,Eric Rivers,WR,TB,,695.3,999.0,23.9,29.4,18.0,,,,,,,11.0,,124.0,1.0,,23.9,ericrivers,28128.0,00-0041257,959.0,910.0,63.0,847.0,973.0,16.0,WR331,10.0,Eric Rivers Jr.,,,,,,,,,,,23.0,0.0,,23.9,332.0,0.44000000000000017,12.17,False,True,935.0,103.41999999999999,1.0,1.0,1.0,1.0,1.0,1.0,1.0,0.9999999999999998,0.9999999999999998,0.9999999999999984,0.9999999999999982,0.9999999999999902,0.9999999999999895,0.999999999999942,0.9999999999999376,138.98333333333332,-126.81333333333332,-125.26333333333334,170,517,,,,,,,,,,,,,,,
5086,Marquez Valdes-Scantling,WR,,632.5,629.8,999.0,22.9,26.9,18.0,,,,1.0,6.0,,8.0,,123.0,1.0,,22.900000000000002,marquezvaldesscantling,17528.0,00-0034272,578.0,546.2,160.33,373.0,794.0,13.0,WR198,,Marquez Valdes-Scantling,,,,9.0,25.0,2.7777777777777777,29.0,0.0,,,31.0,8.0,,22.900000000000002,206.0,1.3,12.100000000000001,False,False,632.5,70.145,1.0,1.0,1.0,1.0,1.0,0.9999999999999993,0.9999999999999993,0.9999999999999905,0.9999999999999892,0.9999999999998698,0.9999999999998552,0.9999999999984296,0.9999999999982623,0.999999999983116,0.999999999981406,138.98333333333332,-126.88333333333333,-125.33333333333334,171,518,,,,,,,,,,,,,,,
13577,Dallen Bentley,TE,DEN,626.5,676.7,999.0,,,18.0,,,,,,,,,,,,0.0,dallenbentley,28352.0,00-0041133,625.0,529.75,54.45,450.0,583.0,13.0,TE121,10.0,Dallen Bentley,,,,,,,,,,,25.0,0.0,6.0,0.0,121.0,1.6666666666666667,1.6666666666666667,False,False,626.5,69.485,1.0,1.0,1.0,1.0,1.0,0.9999999999999993,0.9999999999999992,0.9999999999999893,0.999999999999988,0.9999999999998523,0.9999999999998357,0.9999999999981883,0.9999999999979938,0.9999999999802235,0.9999999999782079,128.58333333333334,-126.91666666666667,-119.7,138,519,,,,,,,,,,,,,,,
13432,Khalil Dinkins,TE,SF,445.3,612.7,999.0,,,18.0,,,,,,,,,,,,0.0,khalildinkins,28436.0,00-0041357,698.0,537.67,53.57,470.0,601.0,14.0,TE146,8.0,Khalil Dinkins,,,,,,,,,,,,0.0,,0.0,122.0,1.5333333333333332,1.5333333333333332,False,False,445.3,49.553000000000004,1.0,1.0,1.0,0.9999999999999996,0.9999999999999993,0.9999999999999771,0.9999999999999734,0.9999999999991621,0.9999999999990314,0.9999999999756372,0.9999999999721041,0.9999999994370263,0.999999999361516,0.9999999896542958,0.9999999883779114,128.58333333333334,-127.05000000000001,-119.83333333333334,139,520,,,,,,,,,,,,,,,
8484,Ko Kieft,TE,TB,641.0,999.0,999.0,1.8,2.3,18.0,,,,,,,1.0,,13.0,,,1.8,kokieft,24568.0,00-0037311,616.0,599.8,66.07,554.0,730.0,13.0,TE120,10.0,Ko Kieft,,,,2.0,0.0,0.0,0.0,0.0,,,28.0,4.0,3.0,1.8,150.0,1.0399999999999998,1.42,False,False,641.0,71.08,1.0,1.0,1.0,1.0,1.0,0.9999999999999994,0.9999999999999993,0.9999999999999917,0.9999999999999907,0.9999999999998906,0.9999999999998785,0.9999999999987125,0.9999999999985766,0.9999999999864484,0.9999999999850882,128.58333333333334,-127.16333333333334,-119.94666666666667,140,521,,,,,,,,,,,,,,,
12700,Gavin Bartholomew,TE,MIN,669.3,667.2,999.0,,,18.0,,,,,,,,,,,,0.0,gavinbartholomew,26002.0,00-0040215,630.0,538.5,39.16,493.0,596.0,13.0,TE123,6.0,Gavin Bartholomew,,,,,,,,,,,23.0,1.0,5.0,0.0,124.0,1.2999999999999998,1.2999999999999998,False,False,669.3,74.19299999999998,1.0,1.0,1.0,1.0,1.0,0.9999999999999996,0.9999999999999996,0.9999999999999948,0.9999999999999942,0.999999999999937,0.9999999999999303,0.9999999999993143,0.9999999999992444,0.9999999999932624,0.9999999999926059,128.58333333333334,-127.28333333333335,-120.06666666666668,141,522,,,,,,,,,,,,,,,
11569,Jarquez Hunter,RB,,698.4,240.6,191.4,8.6,9.6,18.0,,,,15.0,63.0,,2.0,,13.0,,,8.600000000000001,jarquezhunter,24335.0,00-0040692,323.0,315.98,40.38,254.0,517.0,10.0,RB98,,Jarquez Hunter,,,,,,,,,,,23.0,1.0,,8.600000000000001,99.0,13.866666666666667,11.233333333333334,False,False,698.4,77.39399999999999,1.0,1.0,1.0,1.0,1.0,0.9999999999999998,0.9999999999999998,0.9999999999999967,0.9999999999999962,0.9999999999999628,0.9999999999999589,0.9999999999996245,0.9999999999995873,0.9999999999965499,0.9999999999962236,138.58039215686273,-127.3470588235294,-107.08333333333334,104,523,,,,,,,,,,,,,,,
7531,Feleipe Franks,TE,CAR,581.5,999.0,999.0,1.4,1.9,18.0,,,,1.0,2.0,,1.0,,7.0,,,1.4000000000000001,feleipefranks,20081.0,00-0036825,872.0,631.5,76.5,555.0,708.0,15.0,TE193,5.0,Feleipe Franks,,,,10.0,0.4,0.04,0.0,2.0,,,28.0,5.0,5.0,1.4000000000000001,164.0,1.0399999999999998,1.22,False,False,581.5,64.535,1.0,1.0,1.0,1.0,1.0,0.9999999999999987,0.9999999999999984,0.9999999999999748,0.9999999999999716,0.9999999999995934,0.9999999999995448,0.9999999999942761,0.9999999999936282,0.9999999999296456,0.9999999999221221,128.58333333333334,-127.36333333333334,-120.14666666666668,142,524,,,,,,,,,,,,,,,
12079,Treyton Welch,TE,NO,236.0,516.5,999.0,,,18.0,,,,,,,,,,,,0.0,treytonwelch,,,834.0,705.67,97.13,569.0,786.0,15.0,TE184,8.0,Treyton Welch,,,,,,,,,,,25.0,2.0,,0.0,183.0,1.0399999999999998,1.0399999999999998,False,False,236.0,26.53,1.0,0.9999999999999994,0.9999999999999992,0.9999999999993991,0.9999999999992111,0.9999999997186293,0.9999999996427291,0.9999999407814069,0.9999999272631837,0.999994365090988,0.9999933028406095,0.9997554160781592,0.9997185892744893,0.9950882739908771,0.9945249853022169,128.58333333333334,-127.54333333333334,-120.32666666666667,143,525,1.0,1.0,1.0,1.0,1.0,1.0,1.0,1.0,1.0,1.0,1.0,0.999,0.999,0.994,0.994
3041,Ross Travis,TE,,264.0,642.5,999.0,,,18.0,,,,,,,,,,,,0.0,rosstravis,14613.0,00-0032319,955.0,894.0,60.0,834.0,954.0,16.0,TE209,,Ross Travis,,,,,,,,,,,29.0,6.0,,0.0,208.0,1.0399999999999998,1.0399999999999998,False,False,264.0,29.61,1.0,0.9999999999999998,0.9999999999999998,0.9999999999998681,0.9999999999998306,0.9999999999601543,0.9999999999501514,0.9999999936719826,0.9999999922921984,0.9999994698613839,0.999999371186763,0.9999764501167462,0.9999727915726218,0.999441038869997,0.999370712259007,128.58333333333334,-127.54333333333334,-120.32666666666667,144,526,,,,,,,,,,,,,,,
13151,Nick Kallerup,TE,SEA,335.5,346.8,999.0,,,18.0,,,,,,,,,,,,0.0,nickkallerup,27867.0,00-0040058,642.0,559.5,73.22,444.0,646.0,13.0,TE127,11.0,Nick Kallerup,,,,4.0,0.0,0.0,1.0,0.0,,,25.0,1.0,4.0,0.0,132.0,1.0399999999999998,1.0399999999999998,False,False,335.5,37.475,1.0,1.0,1.0,0.9999999999999923,0.9999999999999906,0.9999999999990707,0.9999999999988748,0.9999999999244544,0.999999999910049,0.999999995888994,0.9999999951860814,0.999999849975015,0.9999998272157296,0.999996319757873,0.9999958307656327,128.58333333333334,-127.54333333333334,-120.32666666666667,145,527,,,,,,,,,,,,,,,
12765,Keleki Latu,TE,BUF,362.0,687.4,999.0,,,18.0,,,,,,,,,,,,0.0,kelekilatu,27287.0,00-0040363,633.0,541.75,96.65,376.0,610.0,13.0,TE124,7.0,Keleki Latu,,,,3.0,5.5,1.8333333333333333,4.0,0.0,,,24.0,1.0,4.0,0.0,127.0,1.0399999999999998,1.0399999999999998,False,False,362.0,40.39,1.0,1.0,1.0,0.9999999999999966,0.9999999999999958,0.9999999999996816,0.9999999999996184,0.9999999999791864,0.999999999975412,0.9999999990371974,0.9999999988788385,0.9999999684444665,0.9999999637769279,0.9999992660191301,0.9999991693695375,128.58333333333334,-127.54333333333334,-120.32666666666667,146,528,,,,,,,,,,,,,,,
8107,Nikola Kalinic,TE,CHI,387.8,550.8,999.0,,,18.0,,,,,,,,,,,,0.0,nikolakalinic,24144.0,00-0037031,864.0,731.67,113.5,573.0,832.0,15.0,TE191,10.0,Nikola Kalinic,,,,2.0,0.0,0.0,0.0,0.0,IR,Knee,29.0,4.0,5.0,0.0,191.0,1.0399999999999998,1.0399999999999998,False,False,387.8,43.228,1.0,1.0,1.0,0.9999999999999982,0.9999999999999979,0.9999999999998732,0.9999999999998495,0.9999999999931866,0.9999999999920088,0.9999999997293277,0.9999999996865058,0.9999999920440585,0.9999999909000961,0.9999998267615189,0.9999998043074472,128.58333333333334,-127.54333333333334,-120.32666666666667,147,529,,,,,,,,,,,,,,,
13407,Carson Towt,TE,IND,407.5,999.0,999.0,,,18.0,,,,,,,,,,,,0.0,carsontowt,,,824.0,695.33,107.81,543.0,777.0,15.0,TE179,13.0,Carson Towt,,,,,,,,,IR,Undisclosed,25.0,0.0,5.0,0.0,179.0,1.0399999999999998,1.0399999999999998,False,False,407.5,45.395,1.0,1.0,1.0,0.9999999999999989,0.9999999999999987,0.9999999999999327,0.9999999999999207,0.9999999999968567,0.9999999999963326,0.9999999998882885,0.999999999871136,0.9999999969794943,0.999999996555115,0.9999999378054922,0.9999999298660178,128.58333333333334,-127.54333333333334,-120.32666666666667,148,530,,,,,,,,,,,,,,,
12735,Caleb Lohner,TE,DEN,410.7,608.8,999.0,,,18.0,,,,,,,,,,,,0.0,caleblohner,27550.0,00-0040240,720.0,669.5,110.69,557.0,814.0,14.0,TE151,10.0,Caleb Lohner,,,,,,,,,IR,Lower Body,24.0,1.0,5.0,0.0,172.0,1.0399999999999998,1.0399999999999998,False,False,410.7,45.747,1.0,1.0,1.0,0.999999999999999,0.9999999999999988,0.999999999999939,0.9999999999999281,0.9999999999972118,0.9999999999967494,0.9999999999026377,0.9999999998877608,0.9999999974027773,0.9999999970392692,0.999999947020376,0.9999999402752631,128.58333333333334,-127.54333333333334,-120.32666666666667,149,531,,,,,,,,,,,,,,,
6451,Stephen Carlson,TE,CHI,440.0,371.0,999.0,,,18.0,,,,,,,,,,,,0.0,stephencarlson,18757.0,00-0035039,935.0,798.0,3.0,795.0,801.0,16.0,TE206,10.0,Stephen Carlson,,,,,,,,,,,29.0,7.0,,0.0,205.0,1.0399999999999998,1.0399999999999998,False,False,440.0,48.97,1.0,1.0,1.0,0.9999999999999994,0.9999999999999993,0.9999999999999736,0.9999999999999691,0.9999999999990031,0.9999999999988461,0.9999999999702172,0.9999999999658635,0.9999999992967217,0.9999999992017671,0.999999986864645,0.9999999852358485,128.58333333333334,-127.54333333333334,-120.32666666666667,150,532,,,,,,,,,,,,,,,
12062,Cam Grandy,TE,MIN,467.3,599.7,999.0,,,18.0,,,,,,,,,,,,0.0,camgrandy,,00-0039631,823.0,694.67,83.91,576.0,754.0,15.0,TE178,6.0,Cam Grandy,,,,2.0,1.7000000000000002,0.8500000000000001,2.0,0.0,,,26.0,2.0,,0.0,178.0,1.0399999999999998,1.0399999999999998,False,False,467.3,51.973,1.0,1.0,1.0,0.9999999999999997,0.9999999999999996,0.9999999999999869,0.9999999999999847,0.9999999999995777,0.9999999999995142,0.9999999999889881,0.9999999999874427,0.9999999997670175,0.9999999997366189,0.999999995998135,0.9999999955150467,128.58333333333334,-127.54333333333334,-120.32666666666667,151,533,,,,,,,,,,,,,,,
12045,Jack Westover,TE,WAS,532.0,625.5,999.0,,,18.0,,,,,,,,,,,,0.0,jackwestover,26436.0,00-0039305,667.0,604.75,45.25,534.0,655.0,14.0,TE138,7.0,Jack Westover,,,,4.0,0.5,0.125,2.0,0.0,,,27.0,2.0,,0.0,151.0,1.0399999999999998,1.0399999999999998,False,False,532.0,59.09,1.0,1.0,1.0,0.9999999999999999,0.9999999999999998,0.9999999999999967,0.9999999999999962,0.999999999999925,0.9999999999999147,0.9999999999985333,0.9999999999983458,0.999999999975627,0.9999999999726951,0.9999999996554187,0.9999999996165544,128.58333333333334,-127.54333333333334,-120.32666666666667,152,534,,,,,,,,,,,,,,,
4443,Pharaoh Brown,TE,IND,549.7,455.9,999.0,,,18.0,,,,,,,,,,,,0.0,pharaohbrown,16937.0,00-0033439,708.0,551.0,56.17,477.0,613.0,14.0,TE148,13.0,Pharaoh Brown,,,,5.0,1.1,0.22000000000000003,2.0,0.0,,,32.0,9.0,,0.0,131.0,1.0399999999999998,1.0399999999999998,False,False,549.7,61.037000000000006,1.0,1.0,1.0,0.9999999999999999,0.9999999999999999,0.9999999999999977,0.9999999999999973,0.9999999999999503,0.9999999999999436,0.9999999999990936,0.9999999999989806,0.9999999999858331,0.9999999999841658,0.9999999998096909,0.9999999997886309,128.58333333333334,-127.54333333333334,-120.32666666666667,153,535,,,,,,,,,,,,,,,
13705,Ty Pezza,TE,BAL,555.4,999.0,999.0,,,18.0,,,,,,,,,,,,0.0,typezza,,,772.0,623.67,99.74,483.0,703.0,14.0,TE162,13.0,Ty Pezza,,,,,,,,,,,23.0,0.0,,0.0,160.0,1.0399999999999998,1.0399999999999998,False,False,555.4,61.664,1.0,1.0,1.0,0.9999999999999999,0.9999999999999999,0.9999999999999979,0.9999999999999976,0.9999999999999561,0.9999999999999504,0.9999999999992195,0.9999999999991229,0.9999999999880324,0.9999999999866338,0.9999999998418205,0.9999999998244233,128.58333333333334,-127.54333333333334,-120.32666666666667,154,536,,,,,,,,,,,,,,,
13122,Carter Runyon,TE,LV,560.8,517.0,999.0,,,18.0,,,,,,,,,,,,0.0,carterrunyon,27470.0,00-0040488,765.0,616.33,57.51,567.0,697.0,14.0,TE160,13.0,Carter Runyon,,,,3.0,0.8,0.26666666666666666,1.0,0.0,IR,Undisclosed,25.0,1.0,5.0,0.0,158.0,1.0399999999999998,1.0399999999999998,False,False,560.8,62.257999999999996,1.0,1.0,1.0,1.0,0.9999999999999999,0.999999999999998,0.9999999999999978,0.999999999999961,0.999999999999956,0.9999999999993209,0.9999999999992375,0.9999999999897735,0.9999999999885864,0.9999999998668796,0.9999999998523234,128.58333333333334,-127.54333333333334,-120.32666666666667,155,537,,,,,,,,,,,,,,,
13292,Lake McRee,TE,PIT,575.5,700.3,999.0,,,18.0,,,,,,,,,,,,0.0,lakemcree,,,800.0,665.0,90.58,538.0,743.0,15.0,TE170,9.0,Lake McRee,,,,,,,,,,,,0.0,,0.0,169.0,1.0399999999999998,1.0399999999999998,False,False,575.5,63.875,1.0,1.0,1.0,1.0,1.0,0.9999999999999984,0.9999999999999982,0.9999999999999715,0.9999999999999678,0.9999999999995297,0.9999999999994731,0.9999999999932516,0.999999999992482,0.9999999999156768,0.9999999999066009,128.58333333333334,-127.54333333333334,-120.32666666666667,156,538,,,,,,,,,,,,,,,
11508,Princeton Fant,TE,DAL,581.2,456.0,999.0,,,18.0,,,,,,,,,,,,0.0,princetonfant,25939.0,00-0038735,810.0,681.67,97.52,545.0,766.0,15.0,TE173,14.0,Princeton Fant,,,,1.0,0.0,0.0,0.0,0.0,IR,Knee - ACL + MCL,27.0,3.0,5.0,0.0,173.0,1.0399999999999998,1.0399999999999998,False,False,581.2,64.502,1.0,1.0,1.0,1.0,1.0,0.9999999999999987,0.9999999999999984,0.9999999999999747,0.9999999999999714,0.9999999999995904,0.9999999999995415,0.9999999999942292,0.9999999999935757,0.9999999999290107,0.9999999999214167,128.58333333333334,-127.54333333333334,-120.32666666666667,157,539,,,,,,,,,,,,,,,
12901,Patrick Herbert,TE,LAC,581.5,455.2,999.0,,,18.0,,,,,,,,,,,,0.0,patrickherbert,,,804.0,666.67,81.98,558.0,756.0,15.0,TE172,7.0,Patrick Herbert,,,,,,,,,,,25.0,1.0,,0.0,170.0,1.0399999999999998,1.0399999999999998,False,False,581.5,64.535,1.0,1.0,1.0,1.0,1.0,0.9999999999999987,0.9999999999999984,0.9999999999999748,0.9999999999999716,0.9999999999995934,0.9999999999995448,0.9999999999942761,0.9999999999936282,0.9999999999296456,0.9999999999221221,128.58333333333334,-127.54333333333334,-120.32666666666667,158,540,,,,,,,,,,,,,,,
4089,Gerald Everett,TE,,598.5,540.0,999.0,,,18.0,,,,,,,,,,,,0.0,geraldeverett,16459.0,00-0033895,895.0,760.33,160.23,555.0,946.0,15.0,TE200,,Gerald Everett,,,,,,,,,,,30.0,8.0,,0.0,200.0,1.0399999999999998,1.0399999999999998,False,False,598.5,66.40499999999999,1.0,1.0,1.0,1.0,1.0,0.9999999999999989,0.9999999999999989,0.999999999999982,0.9999999999999798,0.9999999999997269,0.9999999999996951,0.999999999996356,0.9999999999959519,0.9999999999572169,0.9999999999527245,128.58333333333334,-127.54333333333334,-120.32666666666667,159,541,,,,,,,,,,,,,,,
8227,Teagan Quitoriano,TE,ARI,611.5,999.0,999.0,,,18.0,,,,,,,,,,,,0.0,teaganquitoriano,24182.0,00-0037277,597.0,569.8,32.65,533.0,622.0,13.0,TE116,14.0,Teagan Quitoriano,,,,2.0,0.0,0.0,0.0,0.0,,,26.0,4.0,,0.0,138.0,1.0399999999999998,1.0399999999999998,False,False,611.5,67.835,1.0,1.0,1.0,1.0,1.0,0.9999999999999991,0.9999999999999991,0.999999999999986,0.9999999999999842,0.9999999999997959,0.9999999999997726,0.9999999999973832,0.9999999999970974,0.9999999999703106,0.9999999999672362,128.58333333333334,-127.54333333333334,-120.32666666666667,160,542,,,,,,,,,,,,,,,
11304,E.J. Jenkins,TE,PHI,623.1,544.9,999.0,,,18.0,,,,,,,,,,,,0.0,ejjenkins,25756.0,00-0038498,689.0,626.0,88.59,517.0,747.0,14.0,TE145,10.0,E.J. Jenkins,,,,1.0,0.0,0.0,0.0,0.0,,,27.0,3.0,5.0,0.0,161.0,1.0399999999999998,1.0399999999999998,False,False,623.1,69.11099999999999,1.0,1.0,1.0,1.0,1.0,0.9999999999999993,0.9999999999999991,0.9999999999999887,0.9999999999999873,0.9999999999998413,0.9999999999998234,0.9999999999980334,0.9999999999978215,0.9999999999783458,0.9999999999761309,128.58333333333334,-127.54333333333334,-120.32666666666667,161,543,,,,,,,,,,,,,,,
12715,Thomas Fidone,TE,NYG,645.0,688.4,999.0,,,18.0,,,,,,,,,,,,0.0,thomasfidone,23039.0,00-0040225,653.0,583.75,16.62,562.0,604.0,14.0,TE132,8.0,Thomas Fidone II,,,,1.0,0.0,0.0,0.0,0.0,,,23.0,1.0,4.0,0.0,141.0,1.0399999999999998,1.0399999999999998,False,False,645.0,71.52,1.0,1.0,1.0,1.0,1.0,0.9999999999999994,0.9999999999999993,0.9999999999999922,0.9999999999999913,0.9999999999998991,0.999999999999888,0.9999999999988256,0.9999999999987021,0.9999999999877603,0.999999999986537,128.58333333333334,-127.54333333333334,-120.32666666666667,162,544,,,,,,,,,,,,,,,
11605,Jaheim Bell,TE,,647.5,999.0,999.0,,,18.0,,,,,,,,,,,,0.0,jaheimbell,24747.0,00-0039420,730.0,584.67,133.66,396.0,689.0,14.0,TE153,,Jaheim Bell,,,,,,,,,,,25.0,2.0,,0.0,142.0,1.0399999999999998,1.0399999999999998,False,False,647.5,71.79499999999999,1.0,1.0,1.0,1.0,1.0,0.9999999999999996,0.9999999999999994,0.9999999999999926,0.9999999999999918,0.9999999999999041,0.9999999999998934,0.9999999999988906,0.9999999999987743,0.999999999988509,0.9999999999873634,128.58333333333334,-127.54333333333334,-120.32666666666667,163,545,,,,,,,,,,,,,,,
13630,Evan Svoboda,TE,LAC,653.0,493.0,999.0,,,18.0,,,,,,,,,,,,0.0,evansvoboda,,,833.0,705.67,103.36,560.0,789.0,15.0,TE183,7.0,Evan Svoboda,,,,,,,,,,,23.0,0.0,,0.0,184.0,1.0399999999999998,1.0399999999999998,False,False,653.0,72.39999999999999,1.0,1.0,1.0,1.0,1.0,0.9999999999999996,0.9999999999999994,0.9999999999999932,0.9999999999999925,0.9999999999999138,0.9999999999999045,0.9999999999990199,0.999999999998918,0.9999999999899848,0.9999999999889921,128.58333333333334,-127.54333333333334,-120.32666666666667,164,546,,,,,,,,,,,,,,,
13321,Dan Villari,TE,LAR,655.0,677.3,999.0,,,18.0,,,,,,,,,,,,0.0,danvillari,,00-0041422,940.0,816.0,8.0,808.0,824.0,16.0,TE207,11.0,Dan Villari,,,,,,,,,,,24.0,0.0,,0.0,206.0,1.0399999999999998,1.0399999999999998,False,False,655.0,72.61999999999999,1.0,1.0,1.0,1.0,1.0,0.9999999999999996,0.9999999999999996,0.9999999999999934,0.9999999999999927,0.9999999999999172,0.9999999999999082,0.9999999999990627,0.9999999999989655,0.9999999999904685,0.9999999999895259,128.58333333333334,-127.54333333333334,-120.32666666666667,165,547,,,,,,,,,,,,,,,
12154,Messiah Swinson,TE,CLE,670.5,335.2,999.0,,,18.0,,,,,,,,,,,,0.0,messiahswinson,,,825.0,696.67,90.98,568.0,761.0,15.0,TE180,11.0,Messiah Swinson,,,,,,,,,,,26.0,2.0,,0.0,180.0,1.0399999999999998,1.0399999999999998,False,False,670.5,74.32499999999999,1.0,1.0,1.0,1.0,1.0,0.9999999999999996,0.9999999999999996,0.9999999999999949,0.9999999999999943,0.9999999999999385,0.9999999999999318,0.9999999999993318,0.9999999999992636,0.9999999999934521,0.9999999999928149,128.58333333333334,-127.54333333333334,-120.32666666666667,166,548,,,,,,,,,,,,,,,
11942,Colson Yankoff,TE,WAS,678.1,999.0,999.0,,,18.0,,,,,,,,,,,,0.0,colsonyankoff,26576.0,00-0039686,644.0,566.5,27.62,529.0,593.0,13.0,TE129,7.0,Colson Yankoff,,,,10.0,2.8,0.27999999999999997,3.0,0.0,,,26.0,2.0,5.0,0.0,135.0,1.0399999999999998,1.0399999999999998,False,False,678.1,75.161,1.0,1.0,1.0,1.0,1.0,0.9999999999999997,0.9999999999999996,0.9999999999999954,0.9999999999999949,0.9999999999999465,0.9999999999999409,0.9999999999994311,0.9999999999993736,0.9999999999945246,0.9999999999939959,128.58333333333334,-127.54333333333334,-120.32666666666667,167,549,,,,,,,,,,,,,,,
8849,Tanner Conner,TE,,681.0,999.0,999.0,,,18.0,,,,,,,,,,,,0.0,tannerconner,24216.0,00-0037348,760.0,610.67,134.12,421.0,706.0,14.0,TE159,,Tanner Conner,,,,8.0,13.6,1.7,15.0,0.0,,,28.0,4.0,,0.0,156.0,1.0399999999999998,1.0399999999999998,False,False,681.0,75.47999999999999,1.0,1.0,1.0,1.0,1.0,0.9999999999999997,0.9999999999999996,0.9999999999999957,0.9999999999999951,0.9999999999999494,0.9999999999999439,0.9999999999994647,0.9999999999994107,0.9999999999948814,0.9999999999943886,128.58333333333334,-127.54333333333334,-120.32666666666667,168,550,,,,,,,,,,,,,,,
6529,Chris Myarick,TE,LV,683.7,680.0,999.0,,,18.0,,,,,,,,,,,,0.0,chrismyarick,19098.0,00-0035345,822.0,694.0,113.57,536.0,798.0,15.0,TE177,13.0,Chris Myarick,,,,,,,,,,,30.0,7.0,,0.0,177.0,1.0399999999999998,1.0399999999999998,False,False,683.7,75.777,1.0,1.0,1.0,1.0,1.0,0.9999999999999997,0.9999999999999996,0.9999999999999958,0.9999999999999953,0.9999999999999517,0.9999999999999467,0.9999999999994937,0.9999999999994429,0.9999999999951905,0.9999999999947289,128.58333333333334,-127.54333333333334,-120.32666666666667,169,551,,,,,,,,,,,,,,,
8197,Peyton Hendershot,TE,,687.0,999.0,999.0,,,18.0,,,,,,,,,,,,0.0,peytonhendershot,22971.0,00-0037569,779.0,630.33,69.5,572.0,728.0,14.0,TE165,,Peyton Hendershot,,,,,,,,,,,25.0,3.0,,0.0,163.0,1.0399999999999998,1.0399999999999998,False,False,687.0,76.14,1.0,1.0,1.0,1.0,1.0,0.9999999999999997,0.9999999999999997,0.999999999999996,0.9999999999999956,0.9999999999999545,0.9999999999999498,0.999999999999527,0.9999999999994797,0.9999999999955407,0.9999999999951141,128.58333333333334,-127.54333333333334,-120.32666666666667,170,552,,,,,,,,,,,,,,,
11113,Joel Wilson,TE,TEN,691.9,679.4,999.0,,,18.0,,,,,,,,,,,,0.0,joelwilson,,,754.0,606.0,106.08,456.0,683.0,14.0,TE157,9.0,Joel Wilson,,,,,,,,,,,26.0,3.0,,0.0,153.0,1.0399999999999998,1.0399999999999998,False,False,691.9,76.67899999999999,1.0,1.0,1.0,1.0,1.0,0.9999999999999998,0.9999999999999997,0.9999999999999963,0.9999999999999959,0.9999999999999583,0.999999999999954,0.9999999999995721,0.9999999999995295,0.9999999999960099,0.9999999999956299,128.58333333333334,-127.54333333333334,-120.32666666666667,171,553,,,,,,,,,,,,,,,
12817,Jake Briningstool,TE,KC,692.8,629.2,999.0,,,18.0,,,,,,,,,,,,0.0,jakebriningstool,22924.0,00-0040081,583.0,547.8,34.92,502.0,599.0,13.0,TE113,5.0,Jake Briningstool,,,,,,,,,,,23.0,1.0,5.0,0.0,129.0,1.0399999999999998,1.0399999999999998,False,False,692.8,76.77799999999999,1.0,1.0,1.0,1.0,1.0,0.9999999999999998,0.9999999999999997,0.9999999999999963,0.999999999999996,0.9999999999999589,0.9999999999999547,0.9999999999995798,0.9999999999995379,0.9999999999960899,0.999999999995718,128.58333333333334,-127.54333333333334,-120.32666666666667,172,554,,,,,,,,,,,,,,,
12938,Jackson Meeks,TE,DET,694.8,677.8,999.0,,,18.0,,,,,,,,,,,,0.0,jacksonmeeks,27697.0,00-0040390,797.0,663.67,184.4,425.0,874.0,15.0,WR261,6.0,Jackson Meeks,,,,,,,,,,,23.0,1.0,4.0,0.0,168.0,1.0399999999999998,1.0399999999999998,False,False,694.8,76.99799999999999,1.0,1.0,1.0,1.0,1.0,0.9999999999999998,0.9999999999999997,0.9999999999999964,0.999999999999996,0.9999999999999605,0.9999999999999563,0.9999999999995963,0.9999999999995564,0.9999999999962615,0.9999999999959066,128.58333333333334,-127.54333333333334,-120.32666666666667,173,555,,,,,,,,,,,,,,,
10224,Brayden Willis,TE,SF,695.5,682.8,999.0,,,18.0,,,,,,,,,,,,0.0,braydenwillis,25469.0,00-0038643,596.0,567.6,28.49,534.0,617.0,13.0,TE115,8.0,Brayden Willis,,,,6.0,0.0,0.0,1.0,0.0,,,26.0,3.0,,0.0,137.0,1.0399999999999998,1.0399999999999998,False,False,695.5,77.07499999999999,1.0,1.0,1.0,1.0,1.0,0.9999999999999998,0.9999999999999997,0.9999999999999964,0.9999999999999961,0.9999999999999609,0.9999999999999568,0.9999999999996021,0.9999999999995626,0.9999999999963196,0.9999999999959706,128.58333333333334,-127.54333333333334,-120.32666666666667,174,556,,,,,,,,,,,,,,,
13110,Zach Horton,TE,,697.5,691.3,999.0,,,18.0,,,,,,,,,,,,0.0,zachhorton,,,832.0,705.0,80.02,595.0,783.0,15.0,TE182,,Zach Horton,,,,,,,,,,,23.0,1.0,,0.0,182.0,1.0399999999999998,1.0399999999999998,False,False,697.5,77.29499999999999,1.0,1.0,1.0,1.0,1.0,0.9999999999999998,0.9999999999999997,0.9999999999999967,0.9999999999999962,0.9999999999999623,0.9999999999999583,0.9999999999996176,0.9999999999995799,0.9999999999964801,0.999999999996147,128.58333333333334,-127.54333333333334,-120.32666666666667,175,557,,,,,,,,,,,,,,,
8799,Zaire Mitchell-Paden,TE,HOU,,999.0,999.0,,,18.0,,,,,,,,,,,,0.0,zairemitchellpaden,24853.0,00-0037340,931.0,781.5,21.5,760.0,803.0,16.0,TE205,8.0,Zaire Mitchell-Paden,,,,3.0,2.7,0.9,3.0,0.0,,,27.0,4.0,,0.0,203.0,1.0399999999999998,1.0399999999999998,False,True,806.5,89.285,1.0,1.0,1.0,1.0,1.0,0.9999999999999999,0.9999999999999999,0.9999999999999991,0.9999999999999991,0.9999999999999929,0.9999999999999922,0.9999999999999438,0.9999999999999389,0.9999999999995872,0.9999999999995521,128.58333333333334,-127.54333333333334,-120.32666666666667,176,558,,,,,,,,,,,,,,,
8214,Cole Turner,TE,MIA,,666.3,999.0,,,18.0,,,,,,,,,,,,0.0,coleturner,23727.0,00-0037078,668.0,605.25,84.46,507.0,702.0,14.0,TE139,6.0,Cole Turner,,,,,,,,,IR,Undisclosed,26.0,4.0,5.0,0.0,152.0,1.0399999999999998,1.0399999999999998,False,True,630.25,69.8975,1.0,1.0,1.0,1.0,1.0,0.9999999999999993,0.9999999999999993,0.99999999999999,0.9999999999999888,0.9999999999998636,0.9999999999998482,0.9999999999983435,0.9999999999981666,0.9999999999820897,0.9999999999802713,128.58333333333334,-127.54333333333334,-120.32666666666667,177,559,,,,,,,,,,,,,,,
8192,Curtis Hodges,TE,,,662.2,999.0,,,18.0,,,,,,,,,,,,0.0,curtishodges,24630.0,00-0037164,888.0,755.67,160.4,552.0,944.0,15.0,TE197,,Curtis Hodges,,,,,,,,,,,25.0,2.0,,0.0,197.0,1.0399999999999998,1.0399999999999998,False,True,780.67,86.44369999999999,1.0,1.0,1.0,1.0,1.0,0.9999999999999999,0.9999999999999999,0.9999999999999989,0.9999999999999988,0.9999999999999898,0.9999999999999889,0.9999999999999153,0.9999999999999076,0.9999999999993452,0.9999999999992881,128.58333333333334,-127.54333333333334,-120.32666666666667,178,560,,,,,,,,,,,,,,,
8170,James Mitchell,TE,DAL,,999.0,999.0,,,18.0,,,,,,,,,,,,0.0,jamesmitchell,23174.0,00-0037282,758.0,608.67,51.55,560.0,680.0,14.0,TE158,14.0,James Mitchell,,,,2.0,4.300000000000001,2.1500000000000004,3.0,0.0,,,27.0,4.0,,0.0,154.0,1.0399999999999998,1.0399999999999998,False,True,633.67,70.27369999999999,1.0,1.0,1.0,1.0,1.0,0.9999999999999993,0.9999999999999993,0.9999999999999906,0.9999999999999895,0.9999999999998729,0.9999999999998588,0.9999999999984723,0.9999999999983098,0.999999999983624,0.9999999999819675,128.58333333333334,-127.54333333333334,-120.32666666666667,179,561,,,,,,,,,,,,,,,
8094,Michael Jacobson,TE,,,616.3,999.0,,,18.0,,,,,,,,,,,,0.0,michaeljacobson,,,883.0,745.67,161.86,542.0,938.0,15.0,TE195,,Michael Jacobson,,,,,,,,,,,28.0,4.0,,0.0,194.0,1.0399999999999998,1.0399999999999998,False,True,770.67,85.34369999999998,1.0,1.0,1.0,1.0,1.0,0.9999999999999999,0.9999999999999998,0.9999999999999987,0.9999999999999987,0.9999999999999882,0.9999999999999871,0.9999999999999,0.9999999999998908,0.9999999999992115,0.999999999999142,128.58333333333334,-127.54333333333334,-120.32666666666667,180,562,,,,,,,,,,,,,,,
7597,Kenny Yeboah,TE,,,645.0,999.0,,,18.0,,,,,,,,,,,,0.0,kennyyeboah,22815.0,00-0036510,889.0,755.67,144.25,562.0,908.0,15.0,TE198,,Kenny Yeboah,,,,,,,,,Questionable,Hamstring,27.0,5.0,,0.0,198.0,1.0399999999999998,1.0399999999999998,False,True,780.67,86.44369999999999,1.0,1.0,1.0,1.0,1.0,0.9999999999999999,0.9999999999999999,0.9999999999999989,0.9999999999999988,0.9999999999999898,0.9999999999999889,0.9999999999999153,0.9999999999999076,0.9999999999993452,0.9999999999992881,128.58333333333334,-127.54333333333334,-120.32666666666667,181,563,,,,,,,,,,,,,,,
7404,Noah Togiai,TE,,,425.2,999.0,,,18.0,,,,,,,,,,,,0.0,noahtogiai,19688.0,00-0036005,776.0,626.0,66.13,571.0,719.0,14.0,TE164,,Noah Togiai,,,,,,,,,,,26.0,4.0,,0.0,162.0,1.0399999999999998,1.0399999999999998,False,True,651.0,72.17999999999999,1.0,1.0,1.0,1.0,1.0,0.9999999999999996,0.9999999999999994,0.999999999999993,0.9999999999999922,0.9999999999999105,0.9999999999999006,0.9999999999989749,0.999999999998868,0.9999999999894738,0.9999999999884284,128.58333333333334,-127.54333333333334,-120.32666666666667,182,564,,,,,,,,,,,,,,,
7131,Tyler Davis,TE,,,248.0,999.0,,,18.0,,,,,,,,,,,,0.0,tylerdavis,19811.0,00-0036250,924.0,783.0,208.0,575.0,991.0,16.0,TE204,,Tyler Davis,,,,,,,,,,,28.0,5.0,,0.0,204.0,1.0399999999999998,1.0399999999999998,False,True,808.0,89.44999999999999,1.0,1.0,1.0,1.0,1.0,0.9999999999999999,0.9999999999999999,0.9999999999999991,0.9999999999999991,0.9999999999999931,0.9999999999999925,0.9999999999999452,0.9999999999999403,0.9999999999995979,0.9999999999995637,128.58333333333334,-127.54333333333334,-120.32666666666667,183,565,,,,,,,,,,,,,,,
7050,Josiah Deguara,TE,,,542.3,999.0,,,18.0,,,,,,,,,,,,0.0,josiahdeguara,19456.0,00-0036332,713.0,561.0,74.42,467.0,649.0,14.0,TE149,,Josiah Deguara,,,,7.0,9.6,1.3714285714285714,5.0,0.0,,,29.0,6.0,,0.0,133.0,1.0399999999999998,1.0399999999999998,False,True,586.0,65.02999999999999,1.0,1.0,1.0,1.0,1.0,0.9999999999999987,0.9999999999999986,0.9999999999999769,0.999999999999974,0.9999999999996347,0.9999999999995914,0.9999999999949318,0.9999999999943612,0.9999999999384628,0.9999999999319138,128.58333333333334,-127.54333333333334,-120.32666666666667,184,566,,,,,,,,,,,,,,,
6964,Sean McKeon,TE,IND,,583.5,999.0,,,18.0,,,,,,,,,,,,0.0,seanmckeon,19726.0,00-0036032,857.0,724.67,108.54,573.0,821.0,15.0,TE188,13.0,Sean McKeon,,,,,,,,,Questionable,Undisclosed,28.0,6.0,,0.0,188.0,1.0399999999999998,1.0399999999999998,False,True,749.67,83.0337,1.0,1.0,1.0,1.0,1.0,0.9999999999999998,0.9999999999999998,0.9999999999999983,0.9999999999999982,0.9999999999999839,0.9999999999999823,0.9999999999998564,0.999999999999843,0.999999999998819,0.9999999999987129,128.58333333333334,-127.54333333333334,-120.32666666666667,185,567,,,,,,,,,,,,,,,
6926,Brycen Hopkins,TE,,,657.8,999.0,,,18.0,,,,,,,,,,,,0.0,brycenhopkins,19234.0,00-0036424,885.0,752.33,160.65,550.0,943.0,15.0,TE196,,Brycen Hopkins,,,,,,,,,,,27.0,4.0,,0.0,196.0,1.0399999999999998,1.0399999999999998,False,True,777.33,86.0763,1.0,1.0,1.0,1.0,1.0,0.9999999999999999,0.9999999999999999,0.9999999999999989,0.9999999999999987,0.9999999999999893,0.9999999999999883,0.9999999999999105,0.9999999999999023,0.9999999999993036,0.9999999999992426,128.58333333333334,-127.54333333333334,-120.32666666666667,186,568,,,,,,,,,,,,,,,
6894,Mitchell Wilcox,TE,,,999.0,999.0,,,18.0,,,,,,,,,,,,0.0,mitchellwilcox,19510.0,00-0035771,909.0,774.0,157.5,566.0,947.0,15.0,TE202,,Mitchell Wilcox,,,,,,,,,,,28.0,5.0,,0.0,202.0,1.0399999999999998,1.0399999999999998,False,True,799.0,88.46,1.0,1.0,1.0,1.0,1.0,0.9999999999999999,0.9999999999999999,0.9999999999999991,0.999999999999999,0.9999999999999921,0.9999999999999913,0.9999999999999369,0.9999999999999313,0.9999999999995293,0.9999999999994891,128.58333333333334,-127.54333333333334,-120.32666666666667,187,569,,,,,,,,,,,,,,,
6075,Jesper Horsted,TE,,,659.5,999.0,,,18.0,,,,,,,,,,,,0.0,jesperhorsted,18482.0,00-0035562,877.0,742.67,162.18,540.0,937.0,15.0,TE194,,Jesper Horsted,,,,,,,,,,,27.0,5.0,,0.0,193.0,1.0399999999999998,1.0399999999999998,False,True,767.67,85.01369999999999,1.0,1.0,1.0,1.0,1.0,0.9999999999999999,0.9999999999999998,0.9999999999999987,0.9999999999999986,0.9999999999999878,0.9999999999999866,0.9999999999998948,0.9999999999998852,0.9999999999991656,0.999999999999092,128.58333333333334,-127.54333333333334,-120.32666666666667,188,570,,,,,,,,,,,,,,,
6018,Zach Gentry,TE,,,999.0,999.0,,,18.0,,,,,,,,,,,,0.0,zachgentry,18690.0,00-0035222,781.0,634.33,72.82,576.0,737.0,14.0,TE166,,Zach Gentry,,,,,,,,,,,27.0,5.0,,0.0,165.0,1.0399999999999998,1.0399999999999998,False,True,659.33,73.0963,1.0,1.0,1.0,1.0,1.0,0.9999999999999996,0.9999999999999996,0.9999999999999939,0.9999999999999931,0.9999999999999238,0.9999999999999156,0.9999999999991485,0.9999999999990605,0.9999999999914302,0.9999999999905864,128.58333333333334,-127.54333333333334,-120.32666666666667,189,571,,,,,,,,,,,,,,,
5285,Ross Dwelley,TE,,,579.8,999.0,,,18.0,,,,,,,,,,,,0.0,rossdwelley,17886.0,00-0034073,814.0,686.67,210.95,417.0,932.0,15.0,TE175,,Ross Dwelley,,,,4.0,1.7000000000000002,0.42500000000000004,5.0,0.0,,,30.0,8.0,,0.0,175.0,1.0399999999999998,1.0399999999999998,False,True,711.67,78.85369999999999,1.0,1.0,1.0,1.0,1.0,0.9999999999999998,0.9999999999999998,0.9999999999999972,0.9999999999999969,0.9999999999999704,0.9999999999999674,0.9999999999997106,0.9999999999996824,0.9999999999974183,0.9999999999971774,128.58333333333334,-127.54333333333334,-120.32666666666667,190,572,,,,,,,,,,,,,,,
5032,Jordan Akins,TE,,,328.6,999.0,,,18.0,,,,,,,,,,,,0.0,jordanakins,17415.0,00-0034364,743.0,595.0,57.73,533.0,672.0,14.0,TE155,,Jordan Akins,,,,,,,,,,,33.0,8.0,,0.0,146.0,1.0399999999999998,1.0399999999999998,False,True,620.0,68.77,1.0,1.0,1.0,1.0,1.0,0.9999999999999992,0.9999999999999991,0.999999999999988,0.9999999999999866,0.9999999999998305,0.9999999999998112,0.9999999999978793,0.99999999999765,0.9999999999764624,0.9999999999740468,128.58333333333334,-127.54333333333334,-120.32666666666667,191,573,,,,,,,,,,,,,,,
4435,Anthony Firkser,TE,,,550.9,999.0,,,18.0,,,,,,,,,,,,0.0,anthonyfirkser,16787.0,00-0033455,848.0,716.0,159.75,516.0,907.0,15.0,TE187,,Anthony Firkser,,,,5.0,9.3,1.86,10.0,0.0,Questionable,Leg,31.0,9.0,,0.0,187.0,1.0399999999999998,1.0399999999999998,False,True,741.0,82.08,1.0,1.0,1.0,1.0,1.0,0.9999999999999998,0.9999999999999998,0.9999999999999982,0.999999999999998,0.9999999999999816,0.9999999999999798,0.9999999999998325,0.9999999999998166,0.9999999999985967,0.9999999999984696,128.58333333333334,-127.54333333333334,-120.32666666666667,192,574,,,,,,,,,,,,,,,
2545,Geoff Swaim,TE,,,284.5,999.0,,,18.0,,,,,,,,,,,,0.0,geoffswaim,14164.0,00-0032141,865.0,733.67,168.71,523.0,936.0,15.0,TE192,,Geoff Swaim,,,,,,,,,,,31.0,10.0,,0.0,192.0,1.0399999999999998,1.0399999999999998,False,True,758.67,84.02369999999999,1.0,1.0,1.0,1.0,1.0,0.9999999999999998,0.9999999999999998,0.9999999999999984,0.9999999999999984,0.999999999999986,0.9999999999999847,0.9999999999998772,0.9999999999998659,0.999999999999009,0.9999999999989209,128.58333333333334,-127.54333333333334,-120.32666666666667,193,575,,,,,,,,,,,,,,,
2474,Nick Boyle,TE,,,999.0,999.0,,,18.0,,,,,,,,,,,,0.0,nickboyle,13963.0,00-0031598,903.0,766.0,145.04,569.0,914.0,15.0,TE201,,Nick Boyle,,,,,,,,,,,29.0,8.0,,0.0,201.0,1.0399999999999998,1.0399999999999998,False,True,791.0,87.58,1.0,1.0,1.0,1.0,1.0,0.9999999999999999,0.9999999999999999,0.999999999999999,0.9999999999999989,0.9999999999999912,0.9999999999999905,0.9999999999999283,0.999999999999922,0.9999999999994573,0.9999999999994105,128.58333333333334,-127.54333333333334,-120.32666666666667,194,576,,,,,,,,,,,,,,,
2251,Logan Thomas,TE,,,316.0,999.0,,,18.0,,,,,,,,,,,,0.0,loganthomas,12095.0,00-0031260,803.0,666.67,224.15,377.0,923.0,15.0,TE171,,Logan Thomas,,,,,,,,,,,33.0,10.0,,0.0,171.0,1.0399999999999998,1.0399999999999998,False,True,691.67,76.65369999999999,1.0,1.0,1.0,1.0,1.0,0.9999999999999998,0.9999999999999997,0.9999999999999962,0.9999999999999959,0.9999999999999581,0.9999999999999538,0.9999999999995701,0.9999999999995273,0.999999999995989,0.9999999999956071,128.58333333333334,-127.54333333333334,-120.32666666666667,195,577,,,,,,,,,,,,,,,
1425,Ryan Griffin,TE,,,489.0,999.0,,,18.0,,,,,,,,,,,,0.0,ryangriffin,11830.0,00-0030108,948.0,881.0,52.0,829.0,933.0,16.0,TE208,,Ryan Griffin,,,,,,,,,,,33.0,10.0,,0.0,207.0,1.0399999999999998,1.0399999999999998,False,True,906.0,100.22999999999999,1.0,1.0,1.0,1.0,1.0,1.0,1.0,0.9999999999999997,0.9999999999999997,0.9999999999999979,0.9999999999999977,0.999999999999986,0.9999999999999849,0.9999999999999134,0.9999999999999067,128.58333333333334,-127.54333333333334,-120.32666666666667,196,578,,,,,,,,,,,,,,,
13879,Jameson Geers,TE,ARI,,619.0,999.0,,,18.0,,,,,,,,,,,,0.0,jamesongeers,,,831.0,704.33,110.82,548.0,792.0,15.0,TE181,14.0,Jameson Geers,,,,,,,,,IR,Undisclosed,23.0,0.0,7.0,0.0,181.0,1.0399999999999998,1.0399999999999998,False,True,729.33,80.7963,1.0,1.0,1.0,1.0,1.0,0.9999999999999998,0.9999999999999998,0.9999999999999978,0.9999999999999976,0.9999999999999778,0.9999999999999756,0.9999999999997926,0.9999999999997728,0.9999999999982203,0.9999999999980572,128.58333333333334,-127.54333333333334,-120.32666666666667,197,579,,,,,,,,,,,,,,,
13870,Quentin Moore,TE,WAS,,545.0,999.0,,,18.0,,,,,,,,,,,,0.0,quentinmoore,,,839.0,708.67,107.16,561.0,812.0,15.0,TE185,,Quentin Moore,,,,,,,,,IR,Undisclosed,,0.0,6.0,0.0,185.0,1.0399999999999998,1.0399999999999998,False,True,733.67,81.27369999999999,1.0,1.0,1.0,1.0,1.0,0.9999999999999998,0.9999999999999998,0.999999999999998,0.9999999999999978,0.9999999999999793,0.9999999999999774,0.9999999999998086,0.9999999999997904,0.9999999999983721,0.9999999999982235,128.58333333333334,-127.54333333333334,-120.32666666666667,198,580,,,,,,,,,,,,,,,
13827,Tanner Arkin,TE,NE,,678.1,999.0,,,18.0,,,,,,,,,,,,0.0,tannerarkin,,,663.0,598.5,96.13,492.0,738.0,14.0,TE136,11.0,Tanner Arkin,,,,,,,,,,,23.0,0.0,6.0,0.0,149.0,1.0399999999999998,1.0399999999999998,False,True,623.5,69.15499999999999,1.0,1.0,1.0,1.0,1.0,0.9999999999999993,0.9999999999999991,0.9999999999999887,0.9999999999999873,0.9999999999998427,0.9999999999998248,0.9999999999980523,0.9999999999978426,0.9999999999785766,0.9999999999763861,128.58333333333334,-127.54333333333334,-120.32666666666667,199,581,,,,,,,,,,,,,,,
13712,Hayden Large,TE,CHI,,632.5,999.0,,,18.0,,,,,,,,,,,,0.0,haydenlarge,,,651.0,582.0,40.4,526.0,630.0,14.0,TE131,10.0,Hayden Large,,,,,,,,,IR,Undisclosed,24.0,0.0,7.0,0.0,140.0,1.0399999999999998,1.0399999999999998,False,True,607.0,67.33999999999999,1.0,1.0,1.0,1.0,1.0,0.9999999999999991,0.9999999999999989,0.9999999999999847,0.9999999999999829,0.9999999999997746,0.9999999999997486,0.9999999999970695,0.9999999999967476,0.9999999999663561,0.9999999999628553,128.58333333333334,-127.54333333333334,-120.32666666666667,200,582,,,,,,,,,,,,,,,
13430,RJ Maryland,TE,GB,,367.8,999.0,,,18.0,,,,,,,,,,,,0.0,rjmaryland,,,861.0,729.0,112.04,572.0,826.0,15.0,TE190,,RJ Maryland,,,,,,,,,Questionable,Hamstring,22.0,0.0,,0.0,190.0,1.0399999999999998,1.0399999999999998,False,True,754.0,83.50999999999999,1.0,1.0,1.0,1.0,1.0,0.9999999999999998,0.9999999999999998,0.9999999999999984,0.9999999999999982,0.9999999999999849,0.9999999999999836,0.999999999999867,0.9999999999998546,0.9999999999989151,0.9999999999988181,128.58333333333334,-127.54333333333334,-120.32666666666667,201,583,,,,,,,,,,,,,,,
13355,DJ Rogers,TE,DAL,,357.4,999.0,,,18.0,,,,,,,,,,,,0.0,djrogers,,,840.0,709.67,108.15,562.0,818.0,15.0,TE186,14.0,DJ Rogers,,,,,,,,,IR,Knee,24.0,0.0,6.0,0.0,186.0,1.0399999999999998,1.0399999999999998,False,True,734.67,81.38369999999999,1.0,1.0,1.0,1.0,1.0,0.9999999999999998,0.9999999999999998,0.999999999999998,0.9999999999999978,0.9999999999999797,0.9999999999999777,0.9999999999998122,0.9999999999997942,0.9999999999984049,0.9999999999982596,128.58333333333334,-127.54333333333334,-120.32666666666667,202,584,,,,,,,,,,,,,,,
13249,Thomas Gordon,TE,DET,,512.0,999.0,,,18.0,,,,,,,,,,,,0.0,thomasgordon,,,820.0,690.67,105.85,541.0,768.0,15.0,TE176,6.0,Thomas Gordon,,,,,,,,,,,26.0,1.0,,0.0,176.0,1.0399999999999998,1.0399999999999998,False,True,715.67,79.29369999999999,1.0,1.0,1.0,1.0,1.0,0.9999999999999998,0.9999999999999998,0.9999999999999973,0.9999999999999971,0.9999999999999722,0.9999999999999695,0.999999999999732,0.999999999999706,0.9999999999976301,0.9999999999974098,128.58333333333334,-127.54333333333334,-120.32666666666667,203,585,,,,,,,,,,,,,,,
13116,Tre Watson,TE,MIA,,499.9,999.0,,,18.0,,,,,,,,,,,,0.0,trewatson,,,812.0,684.0,105.93,535.0,772.0,15.0,TE174,6.0,Tre Watson,,,,,,,,,,,23.0,1.0,,0.0,174.0,1.0399999999999998,1.0399999999999998,False,True,709.0,78.55999999999999,1.0,1.0,1.0,1.0,1.0,0.9999999999999998,0.9999999999999998,0.9999999999999971,0.9999999999999969,0.999999999999969,0.9999999999999658,0.9999999999996951,0.9999999999996654,0.9999999999972652,0.9999999999970093,128.58333333333334,-127.54333333333334,-120.32666666666667,204,586,,,,,,,,,,,,,,,
13013,Mark Redman,TE,GB,,628.7,999.0,,,18.0,,,,,,,,,,,,0.0,markredman,,,662.0,597.0,137.28,445.0,807.0,14.0,TE135,11.0,Mark Redman,,,,,,,,,,,24.0,1.0,7.0,0.0,148.0,1.0399999999999998,1.0399999999999998,False,True,622.0,68.99,1.0,1.0,1.0,1.0,1.0,0.9999999999999993,0.9999999999999991,0.9999999999999885,0.999999999999987,0.9999999999998376,0.9999999999998191,0.9999999999979802,0.9999999999977622,0.9999999999776972,0.9999999999754132,128.58333333333334,-127.54333333333334,-120.32666666666667,205,587,,,,,,,,,,,,,,,
12984,CJ Dippre,TE,TB,,617.1,999.0,,,18.0,,,,,,,,,,,,0.0,cjdippre,27251.0,00-0040566,660.0,591.5,41.8,551.0,660.0,14.0,TE134,10.0,CJ Dippre,,,,,,,,,,,24.0,1.0,,0.0,144.0,1.0399999999999998,1.0399999999999998,False,True,616.5,68.38499999999999,1.0,1.0,1.0,1.0,1.0,0.9999999999999992,0.9999999999999991,0.9999999999999871,0.9999999999999856,0.9999999999998171,0.9999999999997963,0.999999999997689,0.999999999997438,0.9999999999741171,0.9999999999714511,128.58333333333334,-127.54333333333334,-120.32666666666667,206,588,,,,,,,,,,,,,,,
12941,Bryson Nesbit,TE,MIN,,651.0,999.0,,,18.0,,,,,,,,,,,,0.0,brysonnesbit,,,786.0,646.67,100.43,506.0,734.0,14.0,TE168,6.0,Bryson Nesbit,,,,,,,,,Questionable,Undisclosed,23.0,1.0,,0.0,167.0,1.0399999999999998,1.0399999999999998,False,True,671.67,74.45369999999998,1.0,1.0,1.0,1.0,1.0,0.9999999999999996,0.9999999999999996,0.9999999999999949,0.9999999999999944,0.9999999999999398,0.9999999999999334,0.9999999999993483,0.9999999999992819,0.9999999999936313,0.9999999999930123,128.58333333333334,-127.54333333333334,-120.32666666666667,207,589,,,,,,,,,,,,,,,
12883,Joshua Simon,TE,WAS,,631.9,999.0,,,18.0,,,,,,,,,,,,0.0,joshuasimon,27466.0,00-0040552,767.0,618.33,99.97,477.0,692.0,14.0,TE161,,Joshua Simon,,,,,,,,,,,25.0,1.0,,0.0,159.0,1.0399999999999998,1.0399999999999998,False,True,643.33,71.3363,1.0,1.0,1.0,1.0,1.0,0.9999999999999994,0.9999999999999993,0.999999999999992,0.9999999999999911,0.9999999999998956,0.9999999999998841,0.9999999999987796,0.9999999999986513,0.9999999999872304,0.9999999999859519,128.58333333333334,-127.54333333333334,-120.32666666666667,208,590,,,,,,,,,,,,,,,
12725,Luke Lachey,TE,,,667.4,999.0,,,18.0,,,,,,,,,,,,0.0,lukelachey,22977.0,00-0040250,894.0,760.0,144.16,565.0,909.0,15.0,TE199,,Luke Lachey,,,,,,,,,Questionable,Foot,25.0,1.0,,0.0,199.0,1.0399999999999998,1.0399999999999998,False,True,785.0,86.91999999999999,1.0,1.0,1.0,1.0,1.0,0.9999999999999999,0.9999999999999999,0.9999999999999989,0.9999999999999989,0.9999999999999905,0.9999999999999896,0.9999999999999211,0.999999999999914,0.999999999999395,0.9999999999993425,128.58333333333334,-127.54333333333334,-120.32666666666667,209,591,,,,,,,,,,,,,,,
12357,David Martin-Robinson,TE,TEN,,999.0,999.0,,,18.0,,,,,,,,,,,,0.0,davidmartinrobinson,26922.0,00-0039648,674.0,610.5,78.22,518.0,726.0,14.0,TE141,9.0,David Martin-Robinson,,,,11.0,11.0,1.0,6.0,0.0,,,26.0,2.0,5.0,0.0,155.0,1.0399999999999998,1.0399999999999998,False,True,635.5,70.475,1.0,1.0,1.0,1.0,1.0,0.9999999999999993,0.9999999999999993,0.9999999999999909,0.9999999999999898,0.9999999999998777,0.999999999999864,0.9999999999985367,0.9999999999983813,0.9999999999843852,0.9999999999828088,128.58333333333334,-127.54333333333334,-120.32666666666667,210,592,,,,,,,,,,,,,,,
6154,David Sills,WR,TB,456.0,405.0,999.0,22.4,26.9,18.0,,,,1.0,6.0,,9.0,,113.0,1.0,,22.400000000000002,davidsills,18566.0,00-0035359,639.0,557.25,166.94,319.0,791.0,13.0,WR219,10.0,David Sills V,,,,12.0,40.1,3.341666666666667,36.0,0.0,IR,Undisclosed,30.0,7.0,7.0,22.400000000000002,214.0,0.44000000000000017,11.420000000000002,False,False,456.0,50.730000000000004,1.0,1.0,1.0,0.9999999999999996,0.9999999999999996,0.9999999999999827,0.9999999999999798,0.9999999999994038,0.9999999999993124,0.9999999999835708,0.9999999999812259,0.9999999996364202,0.999999999588303,0.9999999935343508,0.9999999927449625,138.98333333333332,-127.56333333333332,-126.01333333333334,172,593,,,,,,,,,,,,,,,
4018,Joe Mixon,RB,,666.1,227.3,163.9,,,18.0,,,,,,,,,,,,0.0,joemixon,16420.0,00-0033897,366.0,318.85,48.63,265.0,538.0,11.0,RB105,,Joe Mixon,,,,,,,,,Questionable,Foot,29.0,9.0,,0.0,102.0,9.4,9.4,False,False,666.1,73.841,1.0,1.0,1.0,1.0,1.0,0.9999999999999996,0.9999999999999996,0.9999999999999944,0.9999999999999939,0.9999999999999332,0.999999999999926,0.9999999999992655,0.9999999999991901,0.9999999999927263,0.9999999999920153,138.58039215686273,-129.18039215686272,-108.91666666666667,105,594,,,,,,,,,,,,,,,
4351,Tim Patrick,WR,NYJ,655.2,573.0,999.0,10.7,13.7,18.0,,,,,,,6.0,,77.0,,,10.7,timpatrick,16556.0,00-0033375,452.0,421.25,126.49,304.0,694.0,12.0,WR153,13.0,Tim Patrick,,,,13.0,44.2,3.4000000000000004,24.0,0.0,,,32.0,9.0,5.0,10.7,161.0,7.933333333333334,9.316666666666666,False,False,655.2,72.642,1.0,1.0,1.0,1.0,1.0,0.9999999999999996,0.9999999999999996,0.9999999999999934,0.9999999999999927,0.9999999999999175,0.9999999999999085,0.999999999999067,0.99999999999897,0.9999999999905156,0.9999999999895777,138.98333333333332,-129.66666666666666,-128.11666666666667,173,595,,,,,,,,,,,,,,,
8122,Zonovan Knight,RB,ARI,668.5,999.0,999.0,,,18.0,,,,,,,,,,,,0.0,zonovanknight,24901.0,00-0037157,341.0,319.29,57.61,147.0,529.0,10.0,RB101,14.0,Bam Knight,,,,12.0,81.9,6.825,31.0,82.0,,,25.0,4.0,3.0,0.0,103.0,8.866666666666667,8.866666666666667,False,False,668.5,74.10499999999999,1.0,1.0,1.0,1.0,1.0,0.9999999999999996,0.9999999999999996,0.9999999999999947,0.9999999999999941,0.999999999999936,0.9999999999999292,0.9999999999993026,0.9999999999992312,0.9999999999931326,0.9999999999924629,138.58039215686273,-129.71372549019605,-109.45000000000002,106,596,,,,,,,,,,,,,,,
10235,Roschon Johnson,RB,CHI,680.9,999.0,999.0,6.6,7.6,18.0,,,,10.0,42.0,,2.0,,14.0,,,6.6000000000000005,roschonjohnson,25322.0,00-0039021,347.0,317.19,72.2,186.0,584.0,10.0,RB102,10.0,Roschon Johnson,,,,6.0,1.7000000000000002,0.2833333333333334,0.0,2.0,,,25.0,3.0,3.0,6.6000000000000005,100.0,10.866666666666667,8.733333333333334,False,False,680.9,75.469,1.0,1.0,1.0,1.0,1.0,0.9999999999999997,0.9999999999999996,0.9999999999999957,0.9999999999999951,0.9999999999999492,0.9999999999999438,0.9999999999994635,0.9999999999994094,0.9999999999948694,0.9999999999943755,138.58039215686273,-129.84705882352938,-109.58333333333334,107,597,,,,,,,,,,,,,,,
10225,Jonathan Mingo,WR,DAL,693.3,699.9,999.0,,,18.0,,,,,,,,,,,,0.0,jonathanmingo,23030.0,00-0039062,473.0,419.33,84.31,329.0,590.0,12.0,WR159,14.0,Jonathan Mingo,,,,5.0,3.0,0.6,5.0,0.0,,,25.0,3.0,5.0,0.0,160.0,9.066666666666666,9.066666666666666,False,False,693.3,76.83299999999998,1.0,1.0,1.0,1.0,1.0,0.9999999999999998,0.9999999999999997,0.9999999999999964,0.999999999999996,0.9999999999999594,0.9999999999999551,0.999999999999584,0.9999999999995426,0.9999999999961335,0.999999999995766,138.98333333333332,-129.91666666666666,-128.36666666666667,174,598,,,,,,,,,,,,,,,
11574,Dylan Laube,RB,LV,606.8,999.0,999.0,9.9,11.9,18.0,,,,12.0,50.0,,4.0,,29.0,,,9.9,dylanlaube,26194.0,00-0039407,400.0,369.18,89.03,283.0,616.0,11.0,RB110,13.0,Dylan Laube,,,,17.0,4.2,0.24705882352941178,4.0,7.0,,,26.0,2.0,4.0,9.9,112.0,6.466666666666668,8.183333333333334,False,False,606.8,67.31799999999998,1.0,1.0,1.0,1.0,1.0,0.9999999999999991,0.9999999999999989,0.9999999999999847,0.9999999999999828,0.9999999999997736,0.9999999999997475,0.9999999999970545,0.9999999999967311,0.9999999999661675,0.9999999999626462,138.58039215686273,-130.3970588235294,-110.13333333333334,108,599,,,,,,,,,,,,,,,
13423,Eli Heidenreich,RB,PIT,691.4,999.0,999.0,,,18.0,,,,,,,,,,,,0.0,eliheidenreich,28297.0,00-0041490,362.0,338.65,63.75,235.0,541.0,11.0,RB103,9.0,Eli Heidenreich,,,,,,,,,,,23.0,0.0,4.0,0.0,106.0,7.7,7.7,False,False,691.4,76.624,1.0,1.0,1.0,1.0,1.0,0.9999999999999998,0.9999999999999997,0.9999999999999962,0.9999999999999959,0.9999999999999579,0.9999999999999536,0.9999999999995677,0.9999999999995246,0.9999999999959646,0.9999999999955802,138.58039215686273,-130.88039215686274,-110.61666666666667,109,600,,,,,,,,,,,,,,,
4663,Austin Ekeler,RB,,632.2,999.0,999.0,7.8,9.3,18.0,,,,10.0,41.0,,3.0,,22.0,,,7.800000000000001,austinekeler,16483.0,00-0033699,424.0,364.18,78.43,284.0,578.0,11.0,RB118,,Austin Ekeler,,,,2.0,10.6,5.3,7.0,14.0,,,30.0,9.0,,7.800000000000001,110.0,6.566666666666667,7.183333333333334,False,False,632.2,70.112,1.0,1.0,1.0,1.0,1.0,0.9999999999999993,0.9999999999999993,0.9999999999999903,0.9999999999999891,0.999999999999869,0.9999999999998543,0.9999999999984184,0.9999999999982498,0.999999999982983,0.999999999981259,138.58039215686273,-131.3970588235294,-111.13333333333334,110,601,,,,,,,,,,,,,,,
8181,Connor Heyward,RB,LV,612.2,682.0,999.0,12.7,14.7,18.0,,,,7.0,14.0,1.0,4.0,,33.0,,,12.700000000000001,connorheyward,24562.0,00-0037304,636.0,548.25,28.25,513.0,576.0,13.0,TE125,13.0,Connor Heyward,,,,14.0,25.9,1.8499999999999999,4.0,15.0,,,27.0,4.0,3.0,12.700000000000001,159.0,1.1600000000000001,6.930000000000001,False,False,612.2,67.91199999999999,1.0,1.0,1.0,1.0,1.0,0.9999999999999991,0.9999999999999991,0.9999999999999861,0.9999999999999845,0.9999999999997992,0.9999999999997761,0.9999999999974286,0.9999999999971481,0.9999999999708787,0.9999999999678653,138.58039215686273,-131.65039215686272,-111.38666666666667,111,602,,,,,,,,,,,,,,,
7607,Michael Carter,RB,TEN,659.5,686.5,999.0,6.6,8.1,18.0,,,,7.0,29.0,,3.0,,22.0,,,6.6000000000000005,michaelcarter,22728.0,00-0036924,377.0,357.12,68.85,289.0,551.0,11.0,RB106,9.0,Michael Carter,,,,13.0,82.5,6.346153846153846,45.0,92.0,,,27.0,5.0,,6.6000000000000005,108.0,7.066666666666667,6.833333333333334,False,False,659.5,73.115,1.0,1.0,1.0,1.0,1.0,0.9999999999999996,0.9999999999999996,0.9999999999999939,0.9999999999999932,0.9999999999999241,0.9999999999999158,0.9999999999991516,0.999999999999064,0.9999999999914657,0.9999999999906255,138.58039215686273,-131.7470588235294,-111.48333333333335,112,603,,,,,,,,,,,,,,,
4219,Jeremy McNichols,RB,WAS,641.0,999.0,999.0,7.9,9.4,18.0,,,,10.0,42.0,,3.0,,22.0,,,7.9,jeremymcnichols,16445.0,00-0033955,414.0,389.85,73.38,323.0,582.0,11.0,RB114,7.0,Jeremy McNichols,,,,16.0,58.2,3.6375,31.0,44.0,IR,Quadriceps,30.0,9.0,4.0,7.9,115.0,5.666666666666667,6.783333333333333,False,False,641.0,71.08,1.0,1.0,1.0,1.0,1.0,0.9999999999999994,0.9999999999999993,0.9999999999999917,0.9999999999999907,0.9999999999998906,0.9999999999998785,0.9999999999987125,0.9999999999985766,0.9999999999864484,0.9999999999850882,138.58039215686273,-131.7970588235294,-111.53333333333335,113,604,,,,,,,,,,,,,,,
6798,Jalen Reagor,WR,,631.4,442.0,999.0,,,18.0,,,,,,,,,,,,0.0,jalenreagor,19219.0,00-0036387,564.0,430.25,186.74,229.0,654.0,13.0,WR193,,Jalen Reagor,,,,,,,,,,,27.0,6.0,,0.0,165.0,6.866666666666667,6.866666666666667,False,False,631.4,70.02399999999999,1.0,1.0,1.0,1.0,1.0,0.9999999999999993,0.9999999999999993,0.9999999999999902,0.9999999999999891,0.9999999999998668,0.9999999999998519,0.9999999999983882,0.9999999999982162,0.9999999999826225,0.9999999999808605,138.98333333333332,-132.11666666666665,-130.56666666666666,175,605,,,,,,,,,,,,,,,
12472,Raheim Sanders,RB,CLE,690.0,999.0,999.0,3.7,4.7,18.0,,,,5.0,20.0,,2.0,,7.0,,,3.7,raheimsanders,24351.0,00-0040466,365.0,326.18,57.42,232.0,535.0,11.0,RB104,11.0,Raheim Sanders,,,,4.0,18.8,4.7,4.0,27.0,,,24.0,1.0,3.0,3.7,104.0,8.266666666666667,5.983333333333334,False,False,690.0,76.47,1.0,1.0,1.0,1.0,1.0,0.9999999999999998,0.9999999999999997,0.9999999999999962,0.9999999999999958,0.9999999999999569,0.9999999999999524,0.9999999999995552,0.9999999999995108,0.9999999999958347,0.9999999999954374,138.58039215686273,-132.59705882352938,-112.33333333333334,114,606,,,,,,,,,,,,,,,
6828,AJ Dillon,RB,CAR,688.3,999.0,999.0,,,18.0,,,,,,,,,,,,0.0,ajdillon,19358.0,00-0036265,410.0,380.93,99.77,244.0,596.0,11.0,RB113,5.0,AJ Dillon,,,,6.0,7.6,1.2666666666666666,3.0,12.0,,,28.0,6.0,3.0,0.0,114.0,5.9333333333333345,5.9333333333333345,False,False,688.3,76.28299999999999,1.0,1.0,1.0,1.0,1.0,0.9999999999999997,0.9999999999999997,0.9999999999999961,0.9999999999999957,0.9999999999999556,0.9999999999999509,0.9999999999995395,0.9999999999994935,0.9999999999956709,0.9999999999952572,138.58039215686273,-132.6470588235294,-112.38333333333334,115,607,,,,,,,,,,,,,,,
8204,Bo Melton,WR,GB,667.8,695.0,999.0,7.8,9.8,18.0,,,,1.0,6.0,,4.0,,52.0,,,7.800000000000001,bomelton,24049.0,00-0037091,541.0,506.2,130.8,347.0,730.0,13.0,WR182,11.0,Bo Melton,,,,13.0,22.200000000000003,1.7076923076923078,13.0,5.0,,,27.0,4.0,4.0,7.800000000000001,182.0,4.733333333333333,6.2666666666666675,False,False,667.8,74.02799999999999,1.0,1.0,1.0,1.0,1.0,0.9999999999999996,0.9999999999999996,0.9999999999999947,0.999999999999994,0.9999999999999352,0.9999999999999283,0.9999999999992919,0.9999999999992195,0.9999999999930167,0.9999999999923352,138.98333333333332,-132.71666666666664,-131.16666666666666,176,608,,,,,,,,,,,,,,,
8200,Kevin Austin,WR,NO,,999.0,999.0,5.0,6.5,18.0,,,,,1.0,,3.0,,34.0,,,5.0,kevinaustin,23049.0,00-0037231,498.0,425.4,126.28,264.0,625.0,12.0,WR170,8.0,Kevin Austin Jr.,,,,5.0,26.5,5.3,23.0,0.0,,,26.0,4.0,,5.0,162.0,7.466666666666668,6.233333333333334,False,True,450.4,50.114,1.0,1.0,1.0,0.9999999999999996,0.9999999999999994,0.99999999999998,0.9999999999999767,0.9999999999992888,0.9999999999991788,0.9999999999798466,0.9999999999769461,0.999999999543832,0.9999999994830362,0.999999991747133,0.9999999907339785,138.98333333333332,-132.75,-131.2,177,609,,,,,,,,,,,,,,,
2749,Raheem Mostert,RB,,635.0,999.0,999.0,10.0,12.5,18.0,,,,10.0,42.0,,5.0,,33.0,,,10.0,raheemmostert,14338.0,00-0031687,614.0,508.5,151.13,278.0,676.0,13.0,RB162,13.0,Raheem Mostert,,,,12.0,23.4,1.95,12.0,22.0,Questionable,Knee,33.0,11.0,,10.0,146.0,1.1600000000000001,5.58,False,False,635.0,70.41999999999999,1.0,1.0,1.0,1.0,1.0,0.9999999999999993,0.9999999999999993,0.9999999999999908,0.9999999999999898,0.9999999999998763,0.9999999999998626,0.9999999999985194,0.9999999999983621,0.9999999999841811,0.9999999999825833,138.58039215686273,-133.00039215686272,-112.73666666666668,116,610,,,,,,,,,,,,,,,
11729,Sione Vaki,RB,DET,527.3,999.0,999.0,3.0,4.0,18.0,,,,1.0,4.0,,2.0,,16.0,,,3.0,sionevaki,26309.0,00-0039364,383.0,336.39,57.24,257.0,548.0,11.0,RB108,6.0,Sione Vaki,,,,8.0,0.4,0.05,0.0,1.0,,,25.0,2.0,3.0,3.0,105.0,8.000000000000002,5.500000000000001,False,False,527.3,58.57299999999999,1.0,1.0,1.0,0.9999999999999999,0.9999999999999998,0.9999999999999964,0.9999999999999959,0.999999999999916,0.9999999999999045,0.9999999999983256,0.9999999999981102,0.9999999999717105,0.9999999999682874,0.9999999995945064,0.9999999995485408,138.58039215686273,-133.08039215686273,-112.81666666666668,117,611,,,,,,,,,,,,,,,
12738,Phil Mafah,RB,,665.1,999.0,999.0,5.7,6.7,18.0,,,,8.0,32.0,,2.0,,15.0,,,5.7,philmafah,22928.0,00-0040021,459.0,391.57,87.27,289.0,580.0,12.0,RB127,,Phil Mafah,,,,1.0,9.9,9.9,2.0,5.0,,,23.0,1.0,,5.7,116.0,5.3,5.5,False,False,665.1,73.731,1.0,1.0,1.0,1.0,1.0,0.9999999999999996,0.9999999999999996,0.9999999999999944,0.9999999999999938,0.9999999999999318,0.9999999999999245,0.9999999999992493,0.9999999999991722,0.9999999999925493,0.9999999999918201,138.58039215686273,-133.08039215686273,-112.81666666666668,118,612,,,,,,,,,,,,,,,
13419,Jaydn Ott,RB,KC,659.5,635.8,999.0,9.7,11.2,18.0,,,,15.0,63.0,,3.0,,19.0,,,9.700000000000001,jaydnott,25394.0,00-0040959,485.0,468.5,112.46,329.0,618.0,12.0,RB134,5.0,Jaydn Ott,,,,,,,,,,,23.0,0.0,,9.700000000000001,136.0,1.1600000000000001,5.430000000000001,False,False,659.5,73.115,1.0,1.0,1.0,1.0,1.0,0.9999999999999996,0.9999999999999996,0.9999999999999939,0.9999999999999932,0.9999999999999241,0.9999999999999158,0.9999999999991516,0.999999999999064,0.9999999999914657,0.9999999999906255,138.58039215686273,-133.15039215686272,-112.88666666666667,119,613,,,,,,,,,,,,,,,
4992,Dante Pettis,WR,,524.0,636.7,999.0,5.8,7.3,18.0,,,,1.0,6.0,,3.0,,37.0,,,5.800000000000001,dantepettis,17264.0,00-0034860,,,,,,,,,,,,,8.0,15.200000000000001,1.9000000000000001,11.0,0.0,,,30.0,8.0,,5.800000000000001,,,5.800000000000001,False,False,524.0,58.21,1.0,1.0,1.0,0.9999999999999999,0.9999999999999998,0.9999999999999962,0.9999999999999956,0.999999999999909,0.9999999999998964,0.9999999999981604,0.9999999999979223,0.9999999999685498,0.9999999999647285,0.9999999995448052,0.9999999994930231,138.98333333333332,-133.1833333333333,-131.63333333333333,178,614,,,,,,,,,,,,,,,
8208,Tyler Badie,RB,DEN,559.6,999.0,999.0,6.4,8.4,18.0,,,,4.0,16.0,,4.0,,28.0,,,6.4,tylerbadie,23812.0,00-0037085,419.0,419.46,83.88,353.0,594.0,11.0,RB116,10.0,Tyler Badie,,,,16.0,25.900000000000002,1.6187500000000001,31.0,8.0,,,26.0,4.0,4.0,6.4,125.0,3.8000000000000003,5.1000000000000005,False,False,559.6,62.126000000000005,1.0,1.0,1.0,0.9999999999999999,0.9999999999999999,0.999999999999998,0.9999999999999978,0.99999999999996,0.9999999999999548,0.9999999999992997,0.9999999999992135,0.9999999999894122,0.9999999999881812,0.9999999998617095,0.9999999998465683,138.58039215686273,-133.48039215686273,-113.21666666666668,120,615,,,,,,,,,,,,,,,
7608,Khalil Herbert,RB,,689.2,999.0,999.0,,,18.0,,,,,,,,,,,,0.0,khalilherbert,22763.0,00-0036906,460.0,392.71,122.84,221.0,631.0,12.0,RB128,,Khalil Herbert,,,,5.0,6.1000000000000005,1.2200000000000002,4.0,16.0,,,28.0,5.0,,0.0,117.0,4.933333333333333,4.933333333333333,False,False,689.2,76.382,1.0,1.0,1.0,1.0,1.0,0.9999999999999997,0.9999999999999997,0.9999999999999962,0.9999999999999958,0.9999999999999563,0.9999999999999517,0.9999999999995479,0.9999999999995027,0.9999999999957585,0.9999999999953536,138.58039215686273,-133.6470588235294,-113.38333333333334,121,616,,,,,,,,,,,,,,,
8195,Ronnie Rivers,RB,LAR,617.3,999.0,999.0,5.6,7.1,18.0,,,,5.0,21.0,,3.0,,20.0,,,5.6,ronnierivers,23986.0,00-0037557,423.0,405.5,82.22,293.0,580.0,11.0,RB117,11.0,Ronnie Rivers,,,,6.0,4.6000000000000005,0.7666666666666667,0.0,9.0,,,27.0,4.0,3.0,5.6,123.0,4.0,4.8,False,False,617.3,68.47299999999998,1.0,1.0,1.0,1.0,1.0,0.9999999999999992,0.9999999999999991,0.9999999999999873,0.9999999999999858,0.9999999999998203,0.9999999999997997,0.999999999997734,0.9999999999974882,0.9999999999746749,0.9999999999720686,138.58039215686273,-133.78039215686272,-113.51666666666668,122,617,,,,,,,,,,,,,,,
7521,Chris Blair,WR,ATL,,634.5,999.0,,,18.0,,,,,,,,,,,,0.0,chrisblair,22684.0,00-0036463,484.0,454.67,116.07,270.0,638.0,12.0,WR164,11.0,Chris Blair,,,,1.0,0.0,0.0,0.0,0.0,,,28.0,5.0,5.0,0.0,172.0,5.2,5.2,False,True,479.67,53.3337,1.0,1.0,1.0,0.9999999999999998,0.9999999999999997,0.9999999999999902,0.9999999999999887,0.9999999999997058,0.9999999999996625,0.9999999999927661,0.9999999999917691,0.9999999998541663,0.9999999998354328,0.9999999975882167,0.9999999973007341,138.98333333333332,-133.78333333333333,-132.23333333333335,179,618,,,,,,,,,,,,,,,
11034,Jalen Brooks,WR,ARI,661.0,691.3,999.0,5.0,6.5,18.0,,,,,,,3.0,,35.0,,,5.0,jalenbrooks,25468.0,00-0038640,483.0,453.0,126.09,348.0,724.0,12.0,WR163,14.0,Jalen Brooks,,,,5.0,6.6000000000000005,1.32,6.0,0.0,,,26.0,3.0,4.0,5.0,171.0,5.366666666666667,5.183333333333334,False,False,661.0,73.27999999999999,1.0,1.0,1.0,1.0,1.0,0.9999999999999996,0.9999999999999996,0.999999999999994,0.9999999999999933,0.9999999999999263,0.9999999999999183,0.9999999999991791,0.9999999999990945,0.9999999999917721,0.9999999999909633,138.98333333333332,-133.79999999999998,-132.25,180,619,,,,,,,,,,,,,,,
13150,Darius Cooper,WR,PHI,657.8,999.0,999.0,5.2,6.7,18.0,,,,,,,3.0,,37.0,,,5.2,dariuscooper,27866.0,00-0040024,489.0,476.83,131.58,317.0,716.0,12.0,WR167,10.0,Darius Cooper,,,,6.0,13.700000000000001,2.2833333333333337,11.0,0.0,,,24.0,1.0,5.0,5.2,176.0,5.1,5.15,False,False,657.8,72.92799999999998,1.0,1.0,1.0,1.0,1.0,0.9999999999999996,0.9999999999999996,0.9999999999999938,0.999999999999993,0.9999999999999216,0.9999999999999132,0.9999999999991191,0.9999999999990281,0.9999999999911032,0.9999999999902258,138.98333333333332,-133.83333333333331,-132.28333333333333,181,620,,,,,,,,,,,,,,,
7561,Elijah Mitchell,RB,,595.1,658.2,999.0,8.3,9.3,18.0,,,,14.0,59.0,,2.0,,14.0,,,8.3,elijahmitchell,22813.0,00-0036567,626.0,531.5,218.0,312.0,804.0,13.0,RB164,,Elijah Mitchell,,,,1.0,0.0,0.0,1.0,0.0,Questionable,Undisclosed,28.0,5.0,,8.3,151.0,1.1600000000000001,4.73,False,False,595.1,66.03099999999999,1.0,1.0,1.0,1.0,1.0,0.9999999999999989,0.9999999999999988,0.9999999999999808,0.9999999999999785,0.9999999999997048,0.9999999999996702,0.9999999999960185,0.9999999999955751,0.9999999999528277,0.9999999999478564,138.58039215686273,-133.85039215686274,-113.58666666666667,123,621,,,,,,,,,,,,,,,
13356,Trebor Pena,WR,JAX,643.8,662.5,999.0,5.1,6.6,18.0,,,,,,,3.0,,36.0,,,5.1,treborpena,,00-0041216,,,,,,,,,,,,,,,,,,,,24.0,0.0,,5.1,,,5.1,False,False,643.8,71.38799999999999,1.0,1.0,1.0,1.0,1.0,0.9999999999999994,0.9999999999999993,0.999999999999992,0.9999999999999911,0.9999999999998966,0.9999999999998852,0.9999999999987927,0.9999999999986658,0.9999999999873821,0.9999999999861193,138.98333333333332,-133.88333333333333,-132.33333333333334,182,622,,,,,,,,,,,,,,,
13410,Chase Roberts,WR,,673.3,350.0,999.0,5.1,6.6,18.0,,,,,,,3.0,,36.0,,,5.1,chaseroberts,28131.0,00-0041004,,,,,,,,,,,,,,,,,,Questionable,Undisclosed,25.0,0.0,,5.1,,,5.1,False,False,673.3,74.633,1.0,1.0,1.0,1.0,1.0,0.9999999999999996,0.9999999999999996,0.9999999999999951,0.9999999999999946,0.9999999999999416,0.9999999999999354,0.9999999999993705,0.9999999999993064,0.999999999993872,0.9999999999932774,138.98333333333332,-133.88333333333333,-132.33333333333334,183,623,,,,,,,,,,,,,,,
7204,Reggie Gilliam,RB,NE,625.0,999.0,999.0,,,18.0,,,,,,,,,,,,0.0,reggiegilliam,19844.0,00-0036187,461.0,395.0,101.21,273.0,611.0,12.0,RB129,11.0,Reggie Gilliam,,,,11.0,3.8000000000000003,0.34545454545454546,2.0,2.0,,,29.0,6.0,4.0,0.0,118.0,4.6,4.6,False,False,625.0,69.32,1.0,1.0,1.0,1.0,1.0,0.9999999999999993,0.9999999999999992,0.999999999999989,0.9999999999999878,0.9999999999998477,0.9999999999998304,0.9999999999981217,0.9999999999979198,0.999999999979418,0.999999999977317,138.58039215686273,-133.98039215686273,-113.71666666666668,124,624,,,,,,,,,,,,,,,
12732,Dominic Lovett,WR,DET,692.2,589.0,999.0,,,18.0,,,,,,,,,,,,0.0,dominiclovett,26013.0,00-0040241,606.0,493.5,142.17,251.0,596.0,13.0,WR208,6.0,Dominic Lovett,,,,2.0,0.0,0.0,0.0,0.0,,,23.0,1.0,,0.0,180.0,5.0,5.0,False,False,692.2,76.712,1.0,1.0,1.0,1.0,1.0,0.9999999999999998,0.9999999999999997,0.9999999999999963,0.999999999999996,0.9999999999999585,0.9999999999999543,0.9999999999995747,0.9999999999995324,0.9999999999960367,0.9999999999956595,138.98333333333332,-133.98333333333332,-132.43333333333334,184,625,,,,,,,,,,,,,,,
13075,Myles Price,WR,MIN,699.5,999.0,999.0,,,18.0,,,,,,,,,,,,0.0,mylesprice,27805.0,00-0040506,529.0,493.2,126.92,372.0,733.0,13.0,WR179,6.0,Myles Price,,,,16.0,0.0,0.0,0.0,0.0,,,24.0,1.0,6.0,0.0,179.0,5.0,5.0,False,False,699.5,77.515,1.0,1.0,1.0,1.0,1.0,0.9999999999999998,0.9999999999999998,0.9999999999999967,0.9999999999999963,0.9999999999999636,0.9999999999999598,0.9999999999996326,0.9999999999995963,0.9999999999966329,0.999999999996315,138.98333333333332,-133.98333333333332,-132.43333333333334,185,626,,,,,,,,,,,,,,,
12491,Corey Kiner,RB,NE,695.2,487.0,999.0,,,18.0,,,,,,,,,,,,0.0,coreykiner,22997.0,00-0040556,415.0,403.77,93.57,262.0,614.0,11.0,RB115,11.0,Corey Kiner,,,,4.0,8.3,2.075,3.0,12.0,,,24.0,1.0,3.0,0.0,121.0,4.3,4.3,False,False,695.2,77.042,1.0,1.0,1.0,1.0,1.0,0.9999999999999998,0.9999999999999997,0.9999999999999964,0.9999999999999961,0.9999999999999607,0.9999999999999566,0.9999999999995997,0.9999999999995599,0.9999999999962949,0.9999999999959432,138.58039215686273,-134.28039215686272,-114.01666666666668,125,627,,,,,,,,,,,,,,,
13315,Dean Connors,RB,LAR,699.0,666.2,999.0,7.4,8.4,18.0,,,,11.0,46.0,,2.0,,18.0,,,7.4,deanconnors,28113.0,00-0041415,561.0,533.4,159.66,329.0,752.0,13.0,RB149,11.0,Dean Connors,,,,,,,,,,,23.0,0.0,,7.4,152.0,1.1600000000000001,4.28,False,False,699.0,77.46,1.0,1.0,1.0,1.0,1.0,0.9999999999999998,0.9999999999999998,0.9999999999999967,0.9999999999999963,0.9999999999999631,0.9999999999999594,0.999999999999629,0.9999999999995923,0.9999999999965954,0.9999999999962736,138.58039215686273,-134.30039215686273,-114.03666666666668,126,628,,,,,,,,,,,,,,,
1426,DeAndre Hopkins,WR,,636.7,999.0,999.0,2.0,2.5,18.0,,,,,,,1.0,,15.0,,,2.0,deandrehopkins,11606.0,00-0030564,476.0,425.5,111.42,280.0,642.0,12.0,WR160,13.0,DeAndre Hopkins,,,,17.0,56.0,3.2941176470588234,39.0,0.0,,,33.0,13.0,,2.0,163.0,7.266666666666667,4.633333333333333,False,False,636.7,70.607,1.0,1.0,1.0,1.0,1.0,0.9999999999999993,0.9999999999999993,0.9999999999999911,0.99999999999999,0.9999999999998805,0.9999999999998673,0.9999999999985771,0.9999999999984264,0.9999999999848632,0.9999999999833369,138.98333333333332,-134.35,-132.8,186,629,,,,,,,,,,,,,,,
8207,Tyler Goodson,RB,ATL,479.7,683.8,999.0,3.8,4.8,18.0,,,,3.0,13.0,,2.0,,15.0,,,3.8,tylergoodson,22976.0,00-0037120,438.0,395.78,114.4,252.0,587.0,12.0,RB122,11.0,Tyler Goodson,,,,10.0,4.2,0.42000000000000004,3.0,9.0,,,25.0,4.0,,3.8,119.0,4.6,4.199999999999999,False,False,479.7,53.336999999999996,1.0,1.0,1.0,0.9999999999999998,0.9999999999999997,0.9999999999999902,0.9999999999999887,0.999999999999706,0.9999999999996627,0.9999999999927733,0.9999999999917774,0.9999999998543285,0.9999999998356166,0.9999999975911211,0.9999999973039937,138.58039215686273,-134.38039215686274,-114.11666666666667,127,630,,,,,,,,,,,,,,,
11299,Zavier Scott,RB,CHI,691.0,693.0,999.0,4.6,5.6,18.0,,,,5.0,21.0,,2.0,,15.0,,,4.6,zavierscott,25748.0,00-0038440,497.0,421.8,113.2,300.0,634.0,12.0,RB137,10.0,Zavier Scott,,,,11.0,32.2,2.9272727272727277,16.0,32.0,,,27.0,3.0,,4.6,126.0,3.766666666666666,4.183333333333333,False,False,691.0,76.58,1.0,1.0,1.0,1.0,1.0,0.9999999999999998,0.9999999999999997,0.9999999999999962,0.9999999999999958,0.9999999999999576,0.9999999999999533,0.9999999999995641,0.9999999999995207,0.9999999999959279,0.9999999999955399,138.58039215686273,-134.3970588235294,-114.13333333333334,128,631,,,,,,,,,,,,,,,
4718,Dare Ogunbowale,RB,LV,684.8,999.0,999.0,7.2,9.2,18.0,,,,6.0,24.0,,4.0,,28.0,,,7.200000000000001,dareogunbowale,16879.0,00-0033854,752.0,603.67,122.02,448.0,746.0,14.0,RB191,13.0,Dare Ogunbowale,,,,14.0,19.1,1.3642857142857143,13.0,11.0,,,32.0,9.0,,7.200000000000001,179.0,1.1600000000000001,4.180000000000001,False,False,684.8,75.89799999999998,1.0,1.0,1.0,1.0,1.0,0.9999999999999997,0.9999999999999997,0.9999999999999959,0.9999999999999954,0.9999999999999527,0.9999999999999477,0.9999999999995052,0.9999999999994555,0.9999999999953106,0.9999999999948609,138.58039215686273,-134.40039215686272,-114.13666666666667,129,632,,,,,,,,,,,,,,,
12542,Efton Chism,WR,NE,572.4,999.0,999.0,3.6,4.6,18.0,,,,,1.0,,2.0,,25.0,,,3.6,eftonchism,27445.0,00-0040563,507.0,447.6,135.12,307.0,696.0,12.0,WR176,11.0,Efton Chism III,,,,8.0,15.0,1.875,3.0,0.0,,,24.0,1.0,6.0,3.6,170.0,5.5,4.55,False,False,572.4,63.534,1.0,1.0,1.0,1.0,1.0,0.9999999999999984,0.9999999999999982,0.9999999999999696,0.9999999999999657,0.9999999999994925,0.9999999999994311,0.9999999999926441,0.9999999999918021,0.9999999999072963,0.9999999998972853,138.98333333333332,-134.4333333333333,-132.88333333333333,187,633,,,,,,,,,,,,,,,
2359,Ameer Abdullah,RB,JAX,598.8,612.4,999.0,3.8,4.8,18.0,,,,3.0,13.0,,2.0,,15.0,,,3.8,ameerabdullah,13924.0,00-0032104,427.0,402.45,79.37,328.0,589.0,12.0,RB119,7.0,Ameer Abdullah,,,,13.0,29.9,2.3,17.0,14.0,,,33.0,11.0,4.0,3.8,120.0,4.466666666666666,4.133333333333333,False,False,598.8,66.43799999999999,1.0,1.0,1.0,1.0,1.0,0.9999999999999989,0.9999999999999989,0.9999999999999821,0.9999999999999799,0.9999999999997289,0.9999999999996971,0.9999999999963842,0.9999999999959834,0.9999999999575822,0.9999999999531295,138.58039215686273,-134.4470588235294,-114.18333333333334,130,634,,,,,,,,,,,,,,,
13491,Kaden Wetjen,WR,PIT,635.6,999.0,999.0,3.2,4.2,18.0,,,,,,,2.0,,22.0,,,3.2,kadenwetjen,28435.0,00-0041397,505.0,445.8,136.76,335.0,707.0,12.0,WR174,9.0,Kaden Wetjen,,,,,,,,,,,24.0,0.0,6.0,3.2,168.0,5.733333333333333,4.466666666666667,False,False,635.6,70.48599999999999,1.0,1.0,1.0,1.0,1.0,0.9999999999999993,0.9999999999999993,0.9999999999999909,0.9999999999999898,0.9999999999998779,0.9999999999998643,0.9999999999985401,0.9999999999983851,0.9999999999844256,0.9999999999828535,138.98333333333332,-134.51666666666665,-132.96666666666667,188,635,,,,,,,,,,,,,,,
12520,Xavier Restrepo,WR,TEN,633.1,675.0,999.0,3.8,4.8,18.0,,,,1.0,6.0,,2.0,,22.0,,,3.8000000000000003,xavierrestrepo,27066.0,00-0040522,515.0,459.0,119.08,343.0,680.0,12.0,WR178,9.0,Xavier Restrepo,,,,2.0,5.6000000000000005,2.8000000000000003,7.0,0.0,,,24.0,1.0,,3.8000000000000003,174.0,5.1,4.45,False,False,633.1,70.211,1.0,1.0,1.0,1.0,1.0,0.9999999999999993,0.9999999999999993,0.9999999999999905,0.9999999999999893,0.9999999999998714,0.999999999999857,0.9999999999984517,0.9999999999982868,0.9999999999833786,0.9999999999816963,138.98333333333332,-134.53333333333333,-132.98333333333335,189,636,,,,,,,,,,,,,,,
8254,Julius Chestnut,RB,TEN,650.8,999.0,999.0,4.6,5.6,18.0,,,,5.0,20.0,,2.0,,16.0,,,4.6,juliuschestnut,24689.0,00-0037594,437.0,441.0,91.71,362.0,619.0,12.0,RB121,9.0,Julius Chestnut,,,,16.0,4.0,0.25,2.0,11.0,,,25.0,4.0,4.0,4.6,129.0,3.4000000000000004,4.0,False,False,650.8,72.15799999999999,1.0,1.0,1.0,1.0,1.0,0.9999999999999996,0.9999999999999994,0.9999999999999929,0.9999999999999922,0.9999999999999101,0.9999999999999003,0.9999999999989704,0.9999999999988629,0.9999999999894211,0.9999999999883702,138.58039215686273,-134.58039215686273,-114.31666666666668,131,637,,,,,,,,,,,,,,,
8129,Dameon Pierce,RB,PHI,665.5,999.0,999.0,3.8,4.3,18.0,,,,6.0,27.0,,1.0,,6.0,,,3.8000000000000003,dameonpierce,22947.0,00-0037258,448.0,405.0,82.8,312.0,594.0,12.0,RB125,10.0,Dameon Pierce,,,,5.0,3.6,0.72,1.0,14.0,,,26.0,4.0,,3.8000000000000003,122.0,4.133333333333333,3.966666666666667,False,False,665.5,73.77499999999999,1.0,1.0,1.0,1.0,1.0,0.9999999999999996,0.9999999999999996,0.9999999999999944,0.9999999999999938,0.9999999999999323,0.9999999999999252,0.9999999999992558,0.9999999999991794,0.9999999999926207,0.9999999999918987,138.58039215686273,-134.61372549019606,-114.35000000000001,132,638,,,,,,,,,,,,,,,
8116,Pierre Strong,RB,GB,631.2,682.0,999.0,6.5,7.5,18.0,,,,10.0,41.0,,2.0,,14.0,,,6.500000000000001,pierrestrong,24173.0,00-0038098,587.0,552.4,103.13,390.0,650.0,13.0,RB153,11.0,Pierre Strong Jr.,,,,,,,,,,,27.0,4.0,,6.500000000000001,160.0,1.1600000000000001,3.8300000000000005,False,False,631.2,70.002,1.0,1.0,1.0,1.0,1.0,0.9999999999999993,0.9999999999999993,0.9999999999999902,0.999999999999989,0.9999999999998662,0.9999999999998512,0.9999999999983805,0.9999999999982077,0.9999999999825311,0.9999999999807594,138.58039215686273,-134.75039215686272,-114.48666666666668,133,639,,,,,,,,,,,,,,,
12787,Josh Williams,RB,TB,663.0,655.4,999.0,,,18.0,,,,,,,,,,,,0.0,joshwilliams,27444.0,00-0040429,475.0,424.0,111.53,310.0,626.0,12.0,RB132,10.0,Josh Williams,,,,2.0,1.1,0.55,0.0,4.0,,,25.0,1.0,,0.0,127.0,3.6666666666666665,3.6666666666666665,False,False,663.0,73.5,1.0,1.0,1.0,1.0,1.0,0.9999999999999996,0.9999999999999996,0.9999999999999942,0.9999999999999936,0.9999999999999291,0.9999999999999214,0.9999999999992142,0.9999999999991334,0.9999999999921618,0.999999999991393,138.58039215686273,-134.91372549019607,-114.65,134,640,,,,,,,,,,,,,,,
8139,Zamir White,RB,NO,691.1,631.7,999.0,4.1,5.1,18.0,,,,5.0,21.0,,2.0,,10.0,,,4.1,zamirwhite,20095.0,00-0038040,509.0,449.0,123.9,300.0,644.0,12.0,RB140,8.0,Zamir White,,,,5.0,7.6000000000000005,1.52,6.0,12.0,,,26.0,4.0,,4.1,131.0,3.0666666666666664,3.583333333333333,False,False,691.1,76.591,1.0,1.0,1.0,1.0,1.0,0.9999999999999998,0.9999999999999997,0.9999999999999962,0.9999999999999958,0.9999999999999577,0.9999999999999534,0.999999999999565,0.9999999999995217,0.9999999999959371,0.99999999999555,138.58039215686273,-134.9970588235294,-114.73333333333335,135,641,,,,,,,,,,,,,,,
12462,Damien Martinez,RB,,551.4,999.0,999.0,,,18.0,,,,,,,,,,,,0.0,damienmartinez,25976.0,00-0040651,499.0,426.4,100.95,318.0,608.0,12.0,RB138,,Damien Martinez,,,,,,,,,,,22.0,1.0,,0.0,128.0,3.533333333333333,3.533333333333333,False,False,551.4,61.224,1.0,1.0,1.0,0.9999999999999999,0.9999999999999999,0.9999999999999978,0.9999999999999973,0.999999999999952,0.9999999999999458,0.9999999999991334,0.9999999999990256,0.9999999999865323,0.9999999999849506,0.9999999998199586,0.9999999998000713,138.58039215686273,-135.0470588235294,-114.78333333333335,136,642,,,,,,,,,,,,,,,
4234,Noah Brown,WR,,256.7,633.8,999.0,7.3,9.3,18.0,,,,,,,4.0,,53.0,,,7.300000000000001,noahbrown,16443.0,00-0033591,788.0,649.33,125.46,522.0,820.0,15.0,WR256,,Noah Brown,,,,4.0,10.8,2.7,10.0,0.0,,,30.0,9.0,,7.300000000000001,239.0,0.44000000000000017,3.8700000000000006,False,False,256.7,28.807,1.0,0.9999999999999998,0.9999999999999996,0.9999999999998095,0.9999999999997539,0.999999999935774,0.9999999999193467,0.9999999890235938,0.999999986599736,0.9999990450494937,0.9999988663867343,0.9999574564356759,0.9999508776712553,0.9990208003178325,0.9988997856426818,138.98333333333332,-135.11333333333332,-133.56333333333333,190,643,1.0,1.0,1.0,1.0,1.0,1.0,1.0,1.0,1.0,1.0,1.0,1.0,1.0,0.998,0.998
6920,Isaiah Hodgins,WR,,,999.0,999.0,7.2,9.2,18.0,,,,,,,4.0,,52.0,,,7.2,isaiahhodgins,19375.0,00-0036165,763.0,698.75,131.6,581.0,922.0,14.0,WR251,,Isaiah Hodgins,,,,6.0,22.5,3.75,19.0,0.0,,,27.0,6.0,,7.2,260.0,0.44000000000000017,3.8200000000000003,False,True,723.75,80.18249999999999,1.0,1.0,1.0,1.0,1.0,0.9999999999999998,0.9999999999999998,0.9999999999999977,0.9999999999999973,0.9999999999999758,0.9999999999999734,0.99999999999977,0.9999999999997479,0.9999999999980016,0.9999999999978175,138.98333333333332,-135.16333333333333,-133.61333333333334,191,644,,,,,,,,,,,,,,,
6945,Antonio Gibson,RB,,695.4,999.0,999.0,2.9,3.9,18.0,,,,1.0,4.0,,2.0,,15.0,,,2.9,antoniogibson,19624.0,00-0036328,495.0,408.6,105.97,294.0,605.0,12.0,RB136,,Antonio Gibson,,,,5.0,16.200000000000003,3.2400000000000007,3.0,25.0,Questionable,Knee - ACL,27.0,6.0,,2.9,124.0,3.9,3.4,False,False,695.4,77.064,1.0,1.0,1.0,1.0,1.0,0.9999999999999998,0.9999999999999997,0.9999999999999964,0.9999999999999961,0.9999999999999608,0.9999999999999567,0.9999999999996012,0.9999999999995617,0.9999999999963114,0.9999999999959615,138.58039215686273,-135.18039215686272,-114.91666666666667,137,645,,,,,,,,,,,,,,,
12634,Jordan Watkins,WR,SF,,999.0,999.0,1.9,2.4,18.0,,,,,,,1.0,,14.0,,,1.9000000000000001,jordanwatkins,27486.0,00-0040172,506.0,446.0,86.47,345.0,603.0,12.0,WR175,8.0,Jordan Watkins,,,,2.0,3.6,1.8,3.0,0.0,,,24.0,1.0,6.0,1.9000000000000001,169.0,5.666666666666667,3.7833333333333337,False,True,471.0,52.38,1.0,1.0,1.0,0.9999999999999997,0.9999999999999996,0.999999999999988,0.999999999999986,0.9999999999996216,0.999999999999565,0.9999999999903071,0.9999999999889542,0.9999999997978861,0.9999999997716378,0.9999999965675428,0.9999999961547444,138.98333333333332,-135.2,-133.65,192,646,,,,,,,,,,,,,,,
6847,Devin Duvernay,WR,ARI,636.2,999.0,999.0,-1.4,-1.4,18.0,,,,1.0,6.0,,,,,,1.0,-1.4,devinduvernay,19270.0,00-0036331,546.0,513.8,158.79,313.0,747.0,13.0,WR185,14.0,Devin Duvernay,,,,17.0,3.6,0.21176470588235294,5.0,0.0,,,28.0,6.0,6.0,-1.4,187.0,3.766666666666667,3.766666666666667,False,False,636.2,70.55199999999999,1.0,1.0,1.0,1.0,1.0,0.9999999999999993,0.9999999999999993,0.9999999999999909,0.99999999999999,0.9999999999998794,0.9999999999998659,0.9999999999985605,0.9999999999984077,0.999999999984666,0.9999999999831191,138.98333333333332,-135.21666666666664,-133.66666666666666,193,647,,,,,,,,,,,,,,,
8527,Dareke Young,WR,LV,,676.0,999.0,3.6,4.6,18.0,,,,,,,2.0,,26.0,,,3.6,darekeyoung,24570.0,00-0037093,542.0,508.0,170.9,314.0,770.0,13.0,WR183,13.0,Dareke Young,,,,8.0,5.800000000000001,0.7250000000000001,3.0,0.0,,,27.0,4.0,5.0,3.6,185.0,3.866666666666667,3.7333333333333334,False,True,533.0,59.2,1.0,1.0,1.0,0.9999999999999999,0.9999999999999999,0.9999999999999968,0.9999999999999963,0.9999999999999267,0.9999999999999167,0.9999999999985736,0.9999999999983915,0.9999999999763811,0.9999999999735435,0.9999999996670539,0.999999999629542,138.98333333333332,-135.25,-133.70000000000002,194,648,,,,,,,,,,,,,,,
11806,Casey Washington,WR,CAR,692.1,688.3,999.0,,,18.0,,,,,,,,,,,,0.0,caseywashington,26413.0,00-0039394,549.0,516.2,132.11,271.0,636.0,13.0,WR187,5.0,Casey Washington,,,,5.0,12.4,2.48,14.0,0.0,,,25.0,2.0,,0.0,188.0,3.6999999999999997,3.6999999999999997,False,False,692.1,76.701,1.0,1.0,1.0,1.0,1.0,0.9999999999999998,0.9999999999999997,0.9999999999999963,0.999999999999996,0.9999999999999585,0.9999999999999541,0.9999999999995738,0.9999999999995313,0.9999999999960278,0.9999999999956497,138.98333333333332,-135.28333333333333,-133.73333333333335,195,649,,,,,,,,,,,,,,,
6151,Miles Sanders,RB,,596.6,634.9,999.0,,,18.0,,,,,,,,,,,,0.0,milessanders,18283.0,00-0035243,508.0,448.0,119.48,280.0,647.0,12.0,RB139,,Miles Sanders,,,,4.0,22.700000000000003,5.675000000000001,8.0,20.0,,,28.0,7.0,,0.0,130.0,3.233333333333334,3.233333333333334,False,False,596.6,66.196,1.0,1.0,1.0,1.0,1.0,0.9999999999999989,0.9999999999999988,0.9999999999999813,0.999999999999979,0.9999999999997149,0.9999999999996814,0.9999999999961715,0.9999999999957458,0.9999999999548221,0.9999999999500684,138.58039215686273,-135.3470588235294,-115.08333333333334,138,650,,,,,,,,,,,,,,,
7066,K.J. Osborn,WR,TEN,,397.2,999.0,,,18.0,,,,,,,,,,,,0.0,kjosborn,19708.0,00-0036345,690.0,516.67,189.76,266.0,725.0,14.0,WR227,9.0,K.J. Osborn,,,,,,,,,,,29.0,6.0,,0.0,189.0,3.6333333333333333,3.6333333333333333,False,True,541.67,60.15369999999999,1.0,1.0,1.0,0.9999999999999999,0.9999999999999999,0.9999999999999973,0.9999999999999969,0.9999999999999402,0.9999999999999322,0.9999999999988762,0.9999999999987343,0.9999999999819439,0.9999999999797977,0.9999999997517907,0.999999999724085,138.98333333333332,-135.35,-133.8,196,651,,,,,,,,,,,,,,,
3269,Chris Moore,WR,BAL,,999.0,999.0,3.1,4.1,18.0,,,,,,,2.0,,21.0,,,3.1,chrismoore,15654.0,00-0032398,683.0,507.33,184.8,293.0,744.0,14.0,WR226,13.0,Chris Moore,,,,10.0,33.1,3.31,23.0,1.0,,,33.0,10.0,,3.1,184.0,4.033333333333334,3.5666666666666673,False,True,532.3299999999999,59.12629999999999,1.0,1.0,1.0,0.9999999999999999,0.9999999999999999,0.9999999999999968,0.9999999999999962,0.9999999999999255,0.9999999999999154,0.9999999999985467,0.999999999998361,0.9999999999758789,0.9999999999729783,0.9999999996593063,0.999999999620894,138.98333333333332,-135.41666666666666,-133.86666666666667,197,652,,,,,,,,,,,,,,,
7039,Cody White,WR,LV,,664.0,999.0,6.5,8.5,18.0,,,,,,,4.0,,45.0,,,6.5,codywhite,19739.0,00-0035891,837.0,707.33,140.88,577.0,903.0,15.0,WR272,13.0,Cody White,,,,8.0,16.5,2.0625,4.0,0.0,,,27.0,6.0,,6.5,266.0,0.44000000000000017,3.47,False,True,732.33,81.1263,1.0,1.0,1.0,1.0,1.0,0.9999999999999998,0.9999999999999998,0.9999999999999979,0.9999999999999978,0.9999999999999789,0.9999999999999768,0.9999999999998038,0.9999999999997852,0.9999999999983269,0.9999999999981739,138.98333333333332,-135.51333333333332,-133.96333333333334,198,653,,,,,,,,,,,,,,,
12516,Kalel Mullings,RB,TEN,,690.0,999.0,4.6,5.6,18.0,,,,5.0,20.0,,2.0,,16.0,,,4.6,kalelmullings,27045.0,00-0040205,516.0,460.6,112.36,287.0,641.0,12.0,RB141,9.0,Kalel Mullings,,,,4.0,0.7000000000000001,0.17500000000000002,0.0,3.0,,,23.0,1.0,,4.6,135.0,1.4500000000000002,3.025,False,True,485.6,53.986000000000004,1.0,1.0,1.0,0.9999999999999998,0.9999999999999998,0.9999999999999915,0.9999999999999901,0.9999999999997512,0.9999999999997149,0.9999999999940486,0.9999999999932355,0.9999999998827283,0.999999999867776,0.9999999980953507,0.9999999978697076,138.58039215686273,-135.55539215686272,-115.29166666666667,139,654,,,,,,,,,,,,,,,
6588,Tom Kennedy,WR,DET,650.1,652.8,999.0,,,18.0,,,,,,,,,,,,0.0,tomkennedy,19052.0,00-0035544,619.0,523.25,176.11,377.0,814.0,13.0,WR213,6.0,Tom Kennedy,,,,6.0,5.6,0.9333333333333332,4.0,0.0,,,30.0,7.0,,0.0,191.0,3.366666666666667,3.366666666666667,False,False,650.1,72.081,1.0,1.0,1.0,1.0,1.0,0.9999999999999996,0.9999999999999994,0.9999999999999929,0.999999999999992,0.9999999999999089,0.9999999999998989,0.999999999998954,0.9999999999988447,0.9999999999892345,0.9999999999881642,138.98333333333332,-135.61666666666665,-134.06666666666666,199,655,,,,,,,,,,,,,,,
12539,Arian Smith,WR,NYJ,,687.3,999.0,5.6,7.1,18.0,,,,1.0,6.0,,3.0,,35.0,,,5.6,ariansmith,22965.0,00-0040582,580.0,546.8,121.77,407.0,721.0,13.0,WR199,13.0,Arian Smith,,,,13.0,10.0,0.7692307692307693,16.0,4.0,,,24.0,1.0,6.0,5.6,207.0,1.0333333333333334,3.3166666666666664,False,True,571.8,63.467999999999996,1.0,1.0,1.0,1.0,1.0,0.9999999999999984,0.9999999999999982,0.9999999999999691,0.9999999999999653,0.999999999999485,0.9999999999994226,0.9999999999925198,0.9999999999916629,0.9999999999055718,0.9999999998953678,138.98333333333332,-135.66666666666666,-134.11666666666667,200,656,,,,,,,,,,,,,,,
7720,Kene Nwangwu,RB,NYJ,696.0,999.0,999.0,,,18.0,,,,,,,,,,,,0.0,kenenwangwu,23249.0,00-0036842,444.0,452.11,91.11,369.0,618.0,12.0,RB123,13.0,Kene Nwangwu,,,,10.0,4.9,0.49000000000000005,1.0,13.0,,,28.0,5.0,5.0,0.0,132.0,2.9,2.9,False,False,696.0,77.13,1.0,1.0,1.0,1.0,1.0,0.9999999999999998,0.9999999999999997,0.9999999999999964,0.9999999999999962,0.9999999999999611,0.9999999999999571,0.9999999999996061,0.999999999999567,0.9999999999963605,0.9999999999960154,138.58039215686273,-135.68039215686272,-115.41666666666667,140,657,,,,,,,,,,,,,,,
11895,Mason Tipton,WR,NO,548.0,490.0,999.0,,,18.0,,,,,,,,,,,,0.0,masontipton,26546.0,00-0039623,501.0,525.83,135.3,372.0,763.0,12.0,WR171,8.0,Mason Tipton,,,,8.0,14.9,1.8625,17.0,4.0,PUP,Groin,25.0,2.0,9.0,0.0,192.0,3.233333333333334,3.233333333333334,False,False,548.0,60.85,1.0,1.0,1.0,0.9999999999999999,0.9999999999999999,0.9999999999999976,0.9999999999999972,0.9999999999999483,0.9999999999999414,0.9999999999990519,0.9999999999989333,0.9999999999850937,0.9999999999833358,0.9999999997987838,0.9999999997764761,138.98333333333332,-135.75,-134.20000000000002,201,658,,,,,,,,,,,,,,,
11157,Brycen Tremayne,WR,CAR,613.5,675.5,999.0,,,18.0,,,,,,,,,,,,0.0,brycentremayne,25631.0,00-0038840,556.0,526.4,128.42,378.0,756.0,13.0,WR189,5.0,Brycen Tremayne,,,,15.0,23.0,1.5333333333333334,18.0,0.0,,,26.0,3.0,6.0,0.0,193.0,3.2,3.2,False,False,613.5,68.05499999999999,1.0,1.0,1.0,1.0,1.0,0.9999999999999991,0.9999999999999991,0.9999999999999865,0.9999999999999849,0.9999999999998048,0.9999999999997824,0.9999999999975107,0.9999999999972393,0.9999999999719024,0.9999999999689988,138.98333333333332,-135.78333333333333,-134.23333333333335,202,659,,,,,,,,,,,,,,,
13199,Montorie Foster,WR,SEA,693.5,647.0,999.0,,,18.0,,,,,,,,,,,,0.0,montoriefoster,27910.0,00-0040621,621.0,528.0,154.24,373.0,776.0,13.0,WR214,11.0,Montorie Foster Jr.,,,,,,,,,,,25.0,1.0,9.0,0.0,194.0,3.2,3.2,False,False,693.5,76.85499999999999,1.0,1.0,1.0,1.0,1.0,0.9999999999999998,0.9999999999999997,0.9999999999999964,0.999999999999996,0.9999999999999595,0.9999999999999553,0.9999999999995857,0.9999999999995445,0.9999999999961509,0.9999999999957851,138.98333333333332,-135.78333333333333,-134.23333333333335,203,660,,,,,,,,,,,,,,,
11994,Kameron Johnson,WR,TB,652.0,999.0,999.0,3.8,4.8,18.0,,,,,,,2.0,,28.0,,,3.8000000000000003,kameronjohnson,26626.0,00-0039589,569.0,541.0,114.31,386.0,736.0,13.0,WR194,10.0,Kameron Johnson,,,,17.0,15.700000000000001,0.9235294117647059,7.0,2.0,,,24.0,2.0,6.0,3.8000000000000003,201.0,2.566666666666667,3.1833333333333336,False,False,652.0,72.28999999999999,1.0,1.0,1.0,1.0,1.0,0.9999999999999996,0.9999999999999994,0.9999999999999931,0.9999999999999922,0.9999999999999122,0.9999999999999026,0.9999999999989977,0.9999999999988933,0.9999999999897328,0.9999999999887141,138.98333333333332,-135.79999999999998,-134.25,204,661,,,,,,,,,,,,,,,
11068,Mitchell Tinsley,WR,HOU,607.9,999.0,999.0,,,18.0,,,,,,,,,,,,0.0,mitchelltinsley,24370.0,00-0038839,558.0,528.6,139.13,437.0,805.0,13.0,WR190,8.0,Mitchell Tinsley,,,,8.0,27.6,3.45,24.0,0.0,,,26.0,3.0,,0.0,195.0,3.1666666666666665,3.1666666666666665,False,False,607.9,67.439,1.0,1.0,1.0,1.0,1.0,0.9999999999999991,0.999999999999999,0.9999999999999849,0.9999999999999831,0.9999999999997791,0.9999999999997535,0.9999999999971354,0.9999999999968212,0.999999999967191,0.9999999999637803,138.98333333333332,-135.81666666666666,-134.26666666666668,205,662,,,,,,,,,,,,,,,
11959,Bryce Oliver,WR,CLE,,656.0,999.0,,,18.0,,,,,,,,,,,,0.0,bryceoliver,,00-0039650,623.0,529.0,170.16,286.0,759.0,13.0,WR215,,Bryce Oliver,,,,2.0,1.3,0.65,1.0,0.0,,,26.0,2.0,,0.0,196.0,3.1333333333333333,3.1333333333333333,False,True,554.0,61.51,1.0,1.0,1.0,0.9999999999999999,0.9999999999999999,0.9999999999999978,0.9999999999999976,0.9999999999999547,0.9999999999999488,0.9999999999991904,0.9999999999990901,0.9999999999875293,0.9999999999860694,0.999999999834516,0.9999999998162878,138.98333333333332,-135.85,-134.3,206,663,,,,,,,,,,,,,,,
11617,Malachi Corley,WR,CLE,657.7,242.0,999.0,5.8,6.8,18.0,,,,5.0,28.0,,2.0,,20.0,,,5.800000000000001,malachicorley,26023.0,00-0039920,600.0,576.6,137.27,382.0,750.0,13.0,WR206,11.0,Malachi Corley,,,,12.0,26.1,2.1750000000000003,14.0,13.0,,,24.0,2.0,5.0,5.800000000000001,219.0,0.44000000000000017,3.1200000000000006,False,False,657.7,72.917,1.0,1.0,1.0,1.0,1.0,0.9999999999999996,0.9999999999999996,0.9999999999999938,0.999999999999993,0.9999999999999214,0.999999999999913,0.9999999999991173,0.9999999999990259,0.9999999999910814,0.9999999999902017,138.98333333333332,-135.86333333333332,-134.31333333333333,207,664,,,,,,,,,,,,,,,
10216,Kenny McIntosh,RB,,667.8,684.4,999.0,4.2,5.2,18.0,,,,4.0,16.0,,2.0,,16.0,,,4.2,kennymcintosh,25329.0,00-0038636,749.0,602.0,116.52,464.0,749.0,14.0,RB190,,Kenny McIntosh,,,,,,,,,,,26.0,3.0,,4.2,178.0,1.1600000000000001,2.68,False,False,667.8,74.02799999999999,1.0,1.0,1.0,1.0,1.0,0.9999999999999996,0.9999999999999996,0.9999999999999947,0.999999999999994,0.9999999999999352,0.9999999999999283,0.9999999999992919,0.9999999999992195,0.9999999999930167,0.9999999999923352,138.58039215686273,-135.90039215686272,-115.63666666666667,141,665,,,,,,,,,,,,,,,
6938,Cam Akers,RB,,608.1,652.9,999.0,4.1,5.1,18.0,,,,4.0,16.0,,2.0,,15.0,,,4.1,camakers,19268.0,00-0036414,603.0,487.0,142.32,357.0,701.0,13.0,RB156,,Cam Akers,,,,4.0,7.18,1.795,1.0,5.0,,,26.0,6.0,,4.1,139.0,1.1600000000000001,2.63,False,False,608.1,67.461,1.0,1.0,1.0,1.0,1.0,0.9999999999999991,0.999999999999999,0.999999999999985,0.9999999999999831,0.9999999999997801,0.9999999999997546,0.9999999999971498,0.9999999999968372,0.9999999999673734,0.9999999999639824,138.58039215686273,-135.95039215686273,-115.68666666666668,142,666,,,,,,,,,,,,,,,
11921,Xavier Weaver,WR,,558.0,647.0,999.0,5.6,7.1,18.0,,,,1.0,6.0,,3.0,,35.0,,,5.6,xavierweaver,23957.0,00-0039521,716.0,663.0,127.88,545.0,879.0,14.0,WR239,,Xavier Weaver,,,,7.0,10.2,1.457142857142857,13.0,0.0,Questionable,Hamstring,25.0,2.0,,5.6,248.0,0.44000000000000017,3.02,False,False,558.0,61.95,1.0,1.0,1.0,0.9999999999999999,0.9999999999999999,0.999999999999998,0.9999999999999977,0.9999999999999586,0.9999999999999531,0.9999999999992703,0.9999999999991802,0.9999999999889084,0.9999999999876162,0.9999999998544733,0.9999999998385123,138.98333333333332,-135.9633333333333,-134.41333333333333,208,667,,,,,,,,,,,,,,,
12412,Terrell Jennings,RB,,671.0,401.6,999.0,,,18.0,,,,,,,,,,,,0.0,terrelljennings,26964.0,00-0039757,588.0,453.25,142.93,242.0,636.0,13.0,RB154,,Terrell Jennings,,,,6.0,14.700000000000001,2.45,1.0,23.0,Questionable,Undisclosed,25.0,2.0,,0.0,133.0,2.5999999999999996,2.5999999999999996,False,False,671.0,74.38,1.0,1.0,1.0,1.0,1.0,0.9999999999999996,0.9999999999999996,0.9999999999999949,0.9999999999999943,0.9999999999999389,0.9999999999999325,0.9999999999993389,0.9999999999992715,0.9999999999935294,0.9999999999928999,138.58039215686273,-135.98039215686273,-115.71666666666668,143,668,,,,,,,,,,,,,,,
11377,Tyrell Shavers,WR,BUF,519.1,651.4,999.0,3.0,4.0,18.0,,,,,1.0,,2.0,,19.0,,,3.0,tyrellshavers,25813.0,00-0038679,562.0,533.8,134.22,328.0,727.0,13.0,WR191,7.0,Tyrell Shavers,,,,11.0,38.0,3.4545454545454546,23.0,0.0,PUP,Knee - ACL,27.0,3.0,8.0,3.0,198.0,3.0,3.0,False,False,519.1,57.67100000000001,1.0,1.0,1.0,0.9999999999999998,0.9999999999999998,0.9999999999999958,0.9999999999999951,0.9999999999998972,0.999999999999883,0.9999999999978803,0.9999999999976042,0.99999999996312,0.9999999999586116,0.9999999994584342,0.9999999993965033,138.98333333333332,-135.98333333333332,-134.43333333333334,209,669,,,,,,,,,,,,,,,
10867,Jake Bobo,WR,SEA,635.9,999.0,999.0,3.2,4.2,18.0,,,,,,,2.0,,22.0,,,3.2,jakebobo,25339.0,00-0038752,513.0,540.17,150.32,361.0,808.0,12.0,WR177,11.0,Jake Bobo,,,,5.0,3.0,0.6,2.0,0.0,IR,Knee,28.0,3.0,6.0,3.2,200.0,2.7000000000000006,2.95,False,False,635.9,70.51899999999999,1.0,1.0,1.0,1.0,1.0,0.9999999999999993,0.9999999999999993,0.9999999999999909,0.9999999999999899,0.9999999999998785,0.9999999999998651,0.9999999999985503,0.9999999999983964,0.9999999999845464,0.9999999999829868,138.98333333333332,-136.03333333333333,-134.48333333333335,210,670,,,,,,,,,,,,,,,
6853,Van Jefferson,WR,WAS,633.6,587.5,999.0,5.3,6.8,18.0,,,,,,,3.0,,38.0,,,5.300000000000001,vanjefferson,19483.0,00-0036415,641.0,558.5,174.86,368.0,839.0,13.0,WR220,7.0,Van Jefferson,,,,14.0,55.5,3.9642857142857144,52.0,0.0,,,30.0,6.0,,5.300000000000001,215.0,0.44000000000000017,2.8700000000000006,False,False,633.6,70.26599999999999,1.0,1.0,1.0,1.0,1.0,0.9999999999999993,0.9999999999999993,0.9999999999999906,0.9999999999999895,0.9999999999998728,0.9999999999998586,0.9999999999984699,0.9999999999983069,0.999999999983594,0.9999999999819345,138.98333333333332,-136.11333333333332,-134.56333333333333,211,671,,,,,,,,,,,,,,,
5937,Diontae Johnson,WR,,625.1,623.1,999.0,,,18.0,,,,,,,,,,,,0.0,diontaejohnson,18615.0,00-0035216,563.0,534.6,199.83,315.0,847.0,13.0,WR192,,Diontae Johnson,,,,,,,,,,,29.0,6.0,,0.0,199.0,2.866666666666667,2.866666666666667,False,False,625.1,69.331,1.0,1.0,1.0,1.0,1.0,0.9999999999999993,0.9999999999999992,0.999999999999989,0.9999999999999878,0.9999999999998479,0.9999999999998308,0.9999999999981262,0.9999999999979248,0.9999999999794729,0.9999999999773777,138.98333333333332,-136.11666666666665,-134.56666666666666,212,672,,,,,,,,,,,,,,,
8168,Skyy Moore,WR,GB,608.2,685.4,999.0,2.5,3.0,18.0,,,,1.0,6.0,,1.0,,14.0,,,2.5,skyymoore,23905.0,00-0038090,504.0,529.67,148.11,346.0,739.0,12.0,WR173,11.0,Skyy Moore,,,,17.0,12.3,0.723529411764706,7.0,2.0,,,25.0,4.0,5.0,2.5,197.0,3.0666666666666664,2.783333333333333,False,False,608.2,67.472,1.0,1.0,1.0,1.0,1.0,0.9999999999999991,0.999999999999999,0.9999999999999851,0.9999999999999832,0.9999999999997806,0.9999999999997553,0.9999999999971569,0.9999999999968452,0.9999999999674642,0.999999999964083,138.98333333333332,-136.2,-134.65,213,673,,,,,,,,,,,,,,,
13318,Noah Thomas,WR,CIN,696.8,646.8,999.0,5.1,6.6,18.0,,,,,,,3.0,,36.0,,,5.1,noahthomas,,00-0041248,958.0,904.0,63.0,841.0,967.0,16.0,WR330,6.0,Noah Thomas,,,,,,,,,,,22.0,0.0,,5.1,328.0,0.44000000000000017,2.77,False,False,696.8,77.21799999999999,1.0,1.0,1.0,1.0,1.0,0.9999999999999998,0.9999999999999997,0.9999999999999966,0.9999999999999962,0.9999999999999618,0.9999999999999578,0.9999999999996123,0.9999999999995739,0.9999999999964249,0.9999999999960862,138.98333333333332,-136.2133333333333,-134.66333333333333,214,674,,,,,,,,,,,,,,,
13336,Dane Key,WR,DEN,,999.0,999.0,5.1,6.6,18.0,,,,,,,3.0,,36.0,,,5.1,danekey,,00-0041293,962.0,913.5,61.5,852.0,975.0,16.0,WR334,10.0,Dane Key,,,,,,,,,,,23.0,0.0,,5.1,333.0,0.44000000000000017,2.77,False,True,938.5,103.80499999999999,1.0,1.0,1.0,1.0,1.0,1.0,1.0,0.9999999999999998,0.9999999999999998,0.9999999999999984,0.9999999999999984,0.9999999999999907,0.9999999999999899,0.9999999999999446,0.9999999999999405,138.98333333333332,-136.2133333333333,-134.66333333333333,215,675,,,,,,,,,,,,,,,
13516,Max Bredeson,RB,MIN,549.3,667.3,999.0,2.8,3.8,18.0,,,,1.0,3.0,,2.0,,15.0,,,2.8,maxbredeson,,,466.0,457.86,113.2,296.0,623.0,12.0,RB130,6.0,Max Bredeson,,,,,,,,,,,23.0,0.0,4.0,2.8,134.0,1.9000000000000001,2.35,False,False,549.3,60.992999999999995,1.0,1.0,1.0,0.9999999999999999,0.9999999999999999,0.9999999999999976,0.9999999999999973,0.9999999999999497,0.9999999999999432,0.9999999999990841,0.9999999999989697,0.9999999999856628,0.9999999999839746,0.9999999998071836,0.999999999785837,138.58039215686273,-136.23039215686273,-115.96666666666668,144,676,,,,,,,,,,,,,,,
13946,Jamal Haynes,RB,,683.1,999.0,999.0,3.5,4.0,18.0,,,,6.0,25.0,,1.0,,5.0,,,3.5,jamalhaynes,27328.0,00-0041244,923.0,760.5,97.5,663.0,858.0,16.0,RB231,,Jamal Haynes,,,,,,,,,,,23.0,0.0,,3.5,222.0,1.1600000000000001,2.33,False,False,683.1,75.711,1.0,1.0,1.0,1.0,1.0,0.9999999999999997,0.9999999999999996,0.9999999999999958,0.9999999999999953,0.9999999999999512,0.999999999999946,0.9999999999994875,0.999999999999436,0.9999999999951237,0.9999999999946552,138.58039215686273,-136.25039215686272,-115.98666666666668,145,677,,,,,,,,,,,,,,,
4171,Josh Reynolds,WR,,647.8,604.4,999.0,5.0,6.5,18.0,,,,,,,3.0,,35.0,,,5.0,joshreynolds,16439.0,00-0033943,858.0,727.67,243.53,384.0,919.0,15.0,WR278,,Josh Reynolds,,,,5.0,15.600000000000001,3.12,21.0,0.0,,,31.0,9.0,,5.0,274.0,0.44000000000000017,2.72,False,False,647.8,71.82799999999999,1.0,1.0,1.0,1.0,1.0,0.9999999999999996,0.9999999999999994,0.9999999999999927,0.9999999999999918,0.9999999999999045,0.9999999999998941,0.9999999999988981,0.9999999999987828,0.9999999999885953,0.9999999999874589,138.98333333333332,-136.26333333333332,-134.71333333333334,216,678,,,,,,,,,,,,,,,
6960,Tyler Johnson,WR,,,537.5,999.0,5.0,6.5,18.0,,,,,,,3.0,,35.0,,,5.0,tylerjohnson,18633.0,00-0036427,710.0,654.5,145.58,492.0,887.0,14.0,WR238,,Tyler Johnson,,,,9.0,31.700000000000003,3.5222222222222226,18.0,0.0,,,28.0,6.0,,5.0,246.0,0.44000000000000017,2.72,False,True,679.5,75.315,1.0,1.0,1.0,1.0,1.0,0.9999999999999997,0.9999999999999996,0.9999999999999956,0.9999999999999951,0.9999999999999478,0.9999999999999424,0.9999999999994476,0.9999999999993918,0.9999999999947001,0.9999999999941891,138.98333333333332,-136.26333333333332,-134.71333333333334,217,679,,,,,,,,,,,,,,,
6659,Craig Reynolds,RB,WAS,511.8,646.0,999.0,3.4,4.4,18.0,,,,2.0,8.0,,2.0,,16.0,,,3.4000000000000004,craigreynolds,19074.0,00-0035567,702.0,543.33,148.86,348.0,709.0,14.0,RB177,7.0,Craig Reynolds,,,,5.0,0.4,0.08,0.0,3.0,,,30.0,7.0,,3.4000000000000004,156.0,1.1600000000000001,2.2800000000000002,False,False,511.8,56.868,1.0,1.0,1.0,0.9999999999999998,0.9999999999999998,0.9999999999999951,0.9999999999999944,0.9999999999998764,0.9999999999998592,0.999999999997371,0.999999999997025,0.999999999953032,0.9999999999472376,0.9999999992951654,0.9999999992139346,138.58039215686273,-136.30039215686273,-116.03666666666668,146,680,,,,,,,,,,,,,,,
5185,Allen Lazard,WR,,676.5,694.8,999.0,4.9,6.4,18.0,,,,,,,3.0,,34.0,,,4.9,allenlazard,17301.0,00-0034521,875.0,741.33,126.45,629.0,918.0,15.0,WR281,,Allen Lazard,,,,9.0,18.0,2.0,18.0,0.0,,,30.0,7.0,,4.9,280.0,0.44000000000000017,2.6700000000000004,False,False,676.5,74.985,1.0,1.0,1.0,1.0,1.0,0.9999999999999997,0.9999999999999996,0.9999999999999953,0.9999999999999949,0.9999999999999449,0.9999999999999392,0.9999999999994117,0.9999999999993521,0.9999999999943161,0.9999999999937663,138.98333333333332,-136.31333333333333,-134.76333333333335,218,681,,,,,,,,,,,,,,,
13047,Jacardia Wright,RB,SEA,679.7,677.2,999.0,3.3,4.3,18.0,,,,2.0,8.0,,2.0,,15.0,,,3.3,jacardiawright,27781.0,00-0040067,611.0,594.0,164.23,331.0,795.0,13.0,RB161,11.0,Jacardia Wright,,,,1.0,2.0,2.0,0.0,5.0,,,25.0,1.0,,3.3,175.0,1.1600000000000001,2.23,False,False,679.7,75.337,1.0,1.0,1.0,1.0,1.0,0.9999999999999997,0.9999999999999996,0.9999999999999956,0.9999999999999951,0.999999999999948,0.9999999999999426,0.9999999999994499,0.9999999999993944,0.9999999999947247,0.9999999999942162,138.58039215686273,-136.35039215686274,-116.08666666666667,147,682,,,,,,,,,,,,,,,
4040,JuJu Smith-Schuster,WR,,579.9,999.0,999.0,3.1,4.1,18.0,,,,,1.0,,2.0,,20.0,,,3.1,jujusmithschuster,16427.0,00-0033857,573.0,544.4,181.91,343.0,831.0,13.0,WR195,,JuJu Smith-Schuster,,,,17.0,57.0,3.3529411764705883,45.0,0.0,Questionable,Knee,29.0,9.0,,3.1,203.0,2.1333333333333333,2.6166666666666667,False,False,579.9,64.359,1.0,1.0,1.0,1.0,1.0,0.9999999999999987,0.9999999999999984,0.999999999999974,0.9999999999999707,0.9999999999995774,0.9999999999995268,0.9999999999940208,0.9999999999933427,0.9999999999261858,0.9999999999182787,138.98333333333332,-136.36666666666665,-134.81666666666666,219,683,,,,,,,,,,,,,,,
4274,David Moore,WR,CAR,650.7,575.5,999.0,3.3,4.3,18.0,,,,,,,2.0,,23.0,,,3.3000000000000003,davidmoore,16757.0,00-0033589,575.0,545.0,170.3,388.0,853.0,13.0,WR196,5.0,David Moore,,,,3.0,2.2,0.7333333333333334,1.0,1.0,,,31.0,9.0,,3.3000000000000003,204.0,1.7666666666666666,2.533333333333333,False,False,650.7,72.147,1.0,1.0,1.0,1.0,1.0,0.9999999999999996,0.9999999999999994,0.9999999999999929,0.9999999999999921,0.9999999999999098,0.9999999999999001,0.9999999999989679,0.9999999999988604,0.9999999999893947,0.999999999988341,138.98333333333332,-136.45,-134.9,220,684,,,,,,,,,,,,,,,
3200,Sterling Shepard,WR,,527.8,507.0,999.0,0.6,0.6,18.0,,,,1.0,6.0,,,,,,,0.6000000000000001,sterlingshepard,15569.0,00-0032385,613.0,506.5,148.02,290.0,708.0,13.0,WR210,,Sterling Shepard,,,,13.0,62.5,4.8076923076923075,53.0,4.0,,,33.0,10.0,,0.6000000000000001,183.0,4.366666666666667,2.4833333333333334,False,False,527.8,58.62799999999999,1.0,1.0,1.0,0.9999999999999999,0.9999999999999998,0.9999999999999964,0.999999999999996,0.999999999999917,0.9999999999999056,0.9999999999983492,0.9999999999981368,0.9999999999721583,0.9999999999687914,0.9999999996015096,0.9999999995563621,138.98333333333332,-136.5,-134.95000000000002,221,685,,,,,,,,,,,,,,,
4082,Curtis Samuel,WR,,516.0,688.8,999.0,4.3,5.3,18.0,,,,1.0,6.0,,2.0,,27.0,,,4.300000000000001,curtissamuel,16434.0,00-0033282,801.0,665.33,126.39,534.0,836.0,15.0,WR263,,Curtis Samuel,,,,6.0,17.6,2.9333333333333336,9.0,0.0,,,29.0,9.0,,4.300000000000001,250.0,0.44000000000000017,2.3700000000000006,False,False,516.0,57.33,1.0,1.0,1.0,0.9999999999999998,0.9999999999999998,0.9999999999999956,0.9999999999999949,0.999999999999889,0.9999999999998734,0.9999999999976787,0.9999999999973752,0.9999999999591592,0.9999999999541471,0.9999999993947314,0.9999999993252866,138.98333333333332,-136.61333333333332,-135.06333333333333,222,686,,,,,,,,,,,,,,,
11616,Jacob Cowing,WR,SF,693.9,999.0,999.0,1.2,1.7,18.0,,,,,,,1.0,,7.0,,,1.2000000000000002,jacobcowing,25289.0,00-0039365,552.0,520.0,151.54,261.0,691.0,13.0,WR188,8.0,Jacob Cowing,,,,,,,,,Questionable,Groin,25.0,2.0,5.0,1.2000000000000002,190.0,3.5,2.35,False,False,693.9,76.89899999999999,1.0,1.0,1.0,1.0,1.0,0.9999999999999998,0.9999999999999997,0.9999999999999964,0.999999999999996,0.9999999999999598,0.9999999999999556,0.999999999999589,0.9999999999995481,0.9999999999961853,0.9999999999958229,138.98333333333332,-136.63333333333333,-135.08333333333334,223,687,,,,,,,,,,,,,,,
13726,Camden Brown,WR,DAL,608.2,637.3,999.0,,,18.0,,,,,,,,,,,,0.0,camdenbrown,26025.0,00-0040930,634.0,543.5,218.58,255.0,802.0,13.0,WR217,14.0,Camden Brown,,,,,,,,,,,22.0,0.0,6.0,0.0,202.0,2.3333333333333335,2.3333333333333335,False,False,608.2,67.472,1.0,1.0,1.0,1.0,1.0,0.9999999999999991,0.999999999999999,0.9999999999999851,0.9999999999999832,0.9999999999997806,0.9999999999997553,0.9999999999971569,0.9999999999968452,0.9999999999674642,0.999999999964083,138.98333333333332,-136.64999999999998,-135.1,224,688,,,,,,,,,,,,,,,
7757,Ben Skowronek,WR,PIT,654.6,667.7,999.0,0.6,0.6,18.0,,,,1.0,6.0,,,,,,,0.6000000000000001,benskowronek,22843.0,00-0036862,543.0,508.6,156.08,323.0,753.0,13.0,WR184,9.0,Ben Skowronek,,,,16.0,14.9,0.93125,6.0,0.0,Questionable,Concussion,29.0,5.0,5.0,0.6000000000000001,186.0,3.8333333333333335,2.216666666666667,False,False,654.6,72.576,1.0,1.0,1.0,1.0,1.0,0.9999999999999996,0.9999999999999996,0.9999999999999933,0.9999999999999927,0.9999999999999165,0.9999999999999074,0.9999999999990543,0.9999999999989562,0.9999999999903739,0.9999999999894215,138.98333333333332,-136.76666666666665,-135.21666666666667,225,689,,,,,,,,,,,,,,,
7612,Dee Eskridge,WR,,582.5,999.0,999.0,3.9,4.9,18.0,,,,1.0,6.0,,2.0,,23.0,,,3.9000000000000004,deeeskridge,22785.0,00-0036620,927.0,834.33,154.39,616.0,945.0,16.0,WR308,,Dee Eskridge,,,,11.0,8.2,0.7454545454545454,7.0,0.0,,,28.0,5.0,,3.9000000000000004,309.0,0.44000000000000017,2.1700000000000004,False,False,582.5,64.645,1.0,1.0,1.0,1.0,1.0,0.9999999999999987,0.9999999999999984,0.9999999999999754,0.9999999999999722,0.999999999999603,0.9999999999995557,0.9999999999944296,0.9999999999937996,0.999999999931718,0.9999999999244238,138.98333333333332,-136.81333333333333,-135.26333333333335,226,690,,,,,,,,,,,,,,,
12515,Donovan Edwards,RB,,638.6,700.9,999.0,2.1,2.1,18.0,,,,5.0,21.0,,,,,,,2.1,donovanedwards,23014.0,00-0040400,610.0,500.0,142.85,328.0,723.0,13.0,RB160,,Donovan Edwards,,,,,,,,,,,23.0,1.0,,2.1,144.0,1.1600000000000001,1.6300000000000001,False,False,638.6,70.816,1.0,1.0,1.0,1.0,1.0,0.9999999999999994,0.9999999999999993,0.9999999999999913,0.9999999999999903,0.9999999999998852,0.9999999999998723,0.9999999999986389,0.9999999999984948,0.9999999999855875,0.9999999999841371,138.58039215686273,-136.95039215686273,-116.68666666666668,148,691,,,,,,,,,,,,,,,
7595,Tylan Wallace,WR,CLE,346.0,669.8,999.0,3.2,4.2,18.0,,,,,,,2.0,,22.0,,,3.2,tylanwallace,19801.0,00-0036630,612.0,594.0,131.01,383.0,788.0,13.0,WR209,11.0,Tylan Wallace,,,,11.0,12.5,1.1363636363636365,8.0,0.0,,,27.0,5.0,6.0,3.2,222.0,0.44000000000000017,1.8200000000000003,False,False,346.0,38.63,1.0,1.0,1.0,0.9999999999999944,0.9999999999999933,0.9999999999994023,0.9999999999992792,0.9999999999555156,0.9999999999472007,0.9999999977314685,0.9999999973494248,0.9999999205944767,0.999999908661471,0.9999980883255153,0.9999978349504898,138.98333333333332,-137.16333333333333,-135.61333333333334,227,692,,,,,,,,,,,,,,,
12475,Ricky White,WR,SEA,,676.5,999.0,3.2,4.2,18.0,,,,,,,2.0,,22.0,,,3.2,rickywhite,27186.0,00-0040653,703.0,648.75,168.45,430.0,883.0,14.0,WR233,11.0,Ricky White III,,,,,,,,,,,24.0,1.0,,3.2,238.0,0.44000000000000017,1.8200000000000003,False,True,673.75,74.68249999999999,1.0,1.0,1.0,1.0,1.0,0.9999999999999996,0.9999999999999996,0.9999999999999951,0.9999999999999947,0.999999999999942,0.9999999999999358,0.9999999999993765,0.9999999999993131,0.9999999999939367,0.9999999999933487,138.98333333333332,-137.16333333333333,-135.61333333333334,228,693,,,,,,,,,,,,,,,
5154,Trent Sherfield,WR,BUF,343.0,699.3,999.0,2.9,3.9,18.0,,,,,,,2.0,,19.0,,,2.9000000000000004,trentsherfield,17888.0,00-0034487,696.0,636.75,177.23,413.0,886.0,14.0,WR231,7.0,Trent Sherfield Sr.,,,,4.0,3.6,0.9,5.0,0.0,,,30.0,8.0,,2.9000000000000004,236.0,0.44000000000000017,1.6700000000000004,False,False,343.0,38.3,1.0,1.0,1.0,0.999999999999994,0.9999999999999927,0.9999999999993234,0.9999999999991833,0.9999999999483841,0.9999999999386812,0.9999999973186722,0.9999999968651337,0.9999999050066455,0.9999998906913267,0.9999976999522957,0.9999973948367424,138.98333333333332,-137.31333333333333,-135.76333333333335,229,694,,,,,,,,,,,,,,,
11762,Anthony Gould,WR,IND,573.3,999.0,999.0,2.7,3.2,18.0,,,,1.0,6.0,,1.0,,16.0,,,2.7,anthonygould,26404.0,00-0039816,673.0,610.25,154.84,419.0,849.0,14.0,WR224,13.0,Anthony Gould,,,,11.0,1.6,0.14545454545454548,2.0,0.0,,,25.0,2.0,,2.7,229.0,0.44000000000000017,1.5700000000000003,False,False,573.3,63.632999999999996,1.0,1.0,1.0,1.0,1.0,0.9999999999999984,0.9999999999999982,0.9999999999999701,0.9999999999999664,0.9999999999995037,0.9999999999994437,0.9999999999928265,0.9999999999920063,0.9999999999098191,0.9999999999000899,138.98333333333332,-137.41333333333333,-135.86333333333334,230,695,,,,,,,,,,,,,,,
11590,Jase McClellan,RB,,347.8,485.4,999.0,,,18.0,,,,,,,,,,,,0.0,jasemcclellan,22894.0,00-0039393,855.0,721.0,231.19,397.0,921.0,15.0,RB218,,Jase McClellan,,,,,,,,,,,23.0,1.0,,0.0,214.0,1.1600000000000001,1.1600000000000001,False,False,347.8,38.828,1.0,1.0,1.0,0.9999999999999948,0.9999999999999936,0.9999999999994444,0.9999999999993306,0.9999999999592724,0.9999999999516856,0.9999999979459081,0.9999999976008871,0.9999999286223659,0.9999999179140189,0.9999982876860674,0.9999980608659917,138.58039215686273,-137.42039215686273,-117.15666666666668,149,696,,,,,,,,,,,,,,,
12868,Montrell Johnson,RB,,348.0,999.0,999.0,,,18.0,,,,,,,,,,,,0.0,montrelljohnson,27649.0,00-0040028,722.0,579.33,189.58,319.0,765.0,14.0,RB179,,Montrell Johnson Jr.,,,,,,,,,,,23.0,1.0,,0.0,164.0,1.1600000000000001,1.1600000000000001,False,False,348.0,38.85,1.0,1.0,1.0,0.9999999999999949,0.9999999999999937,0.9999999999994489,0.9999999999993361,0.9999999999596678,0.9999999999521577,0.9999999979683527,0.9999999976272016,0.999999929459563,0.9999999188788307,0.99999830844685,0.999998084391849,138.58039215686273,-137.42039215686273,-117.15666666666668,150,697,,,,,,,,,,,,,,,
11654,Dante Miller,RB,,368.3,487.7,999.0,,,18.0,,,,,,,,,,,,0.0,dantemiller,26446.0,00-0039230,640.0,557.5,152.62,332.0,735.0,13.0,RB167,,Dante Miller,,,,,,,,,Questionable,Groin,27.0,2.0,,0.0,161.0,1.1600000000000001,1.1600000000000001,False,False,368.3,41.083,1.0,1.0,1.0,0.9999999999999971,0.9999999999999964,0.9999999999997483,0.9999999999996991,0.9999999999843387,0.999999999981532,0.9999999993024027,0.9999999991887407,0.9999999777318722,0.9999999744598915,0.9999994898088731,0.9999994228509388,138.58039215686273,-137.42039215686273,-117.15666666666668,151,698,,,,,,,,,,,,,,,
12356,Jabari Small,RB,DET,372.0,491.0,999.0,,,18.0,,,,,,,,,,,,0.0,jabarismall,24369.0,00-0039652,695.0,530.33,135.16,367.0,698.0,14.0,RB174,6.0,Jabari Small,,,,,,,,,,,25.0,2.0,,0.0,150.0,1.1600000000000001,1.1600000000000001,False,False,372.0,41.49,1.0,1.0,1.0,0.9999999999999973,0.9999999999999969,0.9999999999997802,0.9999999999997373,0.9999999999866995,0.9999999999843323,0.9999999994204585,0.9999999993265554,0.9999999817863425,0.9999999791207669,0.9999995865274648,0.9999995323783619,138.58039215686273,-137.42039215686273,-117.15666666666668,152,699,,,,,,,,,,,,,,,
13088,Quali Conley,RB,,435.0,238.0,999.0,,,18.0,,,,,,,,,,,,0.0,qualiconley,,,939.0,808.0,72.0,736.0,880.0,16.0,RB235,,Quali Conley,,,,,,,,,,,23.0,1.0,,0.0,226.0,1.1600000000000001,1.1600000000000001,False,False,435.0,48.42,1.0,1.0,1.0,0.9999999999999993,0.9999999999999993,0.9999999999999698,0.9999999999999647,0.9999999999988216,0.9999999999986344,0.9999999999638731,0.9999999999585522,0.9999999991292045,0.9999999990108996,0.9999999834859461,0.999999981428514,138.58039215686273,-137.42039215686273,-117.15666666666668,153,700,,,,,,,,,,,,,,,
6012,Travis Homer,RB,PIT,443.7,695.2,999.0,,,18.0,,,,,,,,,,,,0.0,travishomer,18616.0,00-0035594,565.0,537.8,91.12,389.0,656.0,13.0,RB150,9.0,Travis Homer,,,,8.0,-0.2,-0.025,0.0,1.0,,,28.0,7.0,,0.0,154.0,1.1600000000000001,1.1600000000000001,False,False,443.7,49.377,1.0,1.0,1.0,0.9999999999999996,0.9999999999999993,0.9999999999999761,0.9999999999999721,0.9999999999991174,0.9999999999989793,0.9999999999741246,0.999999999970363,0.9999999993981636,0.9999999993172792,0.9999999888857929,0.9999999875124828,138.58039215686273,-137.42039215686273,-117.15666666666668,154,701,,,,,,,,,,,,,,,
12546,Marcus Yarns,RB,,449.7,418.9,999.0,,,18.0,,,,,,,,,,,,0.0,marcusyarns,27293.0,,925.0,772.5,102.5,670.0,875.0,16.0,RB232,,Marcus Yarns,,,,,,,,,,,24.0,1.0,,0.0,223.0,1.1600000000000001,1.1600000000000001,False,False,449.7,50.037,1.0,1.0,1.0,0.9999999999999996,0.9999999999999994,0.9999999999999796,0.9999999999999762,0.9999999999992728,0.9999999999991601,0.9999999999793192,0.9999999999763398,0.9999999995305692,0.9999999994679509,0.9999999914889217,0.9999999904433536,138.58039215686273,-137.42039215686273,-117.15666666666668,155,702,,,,,,,,,,,,,,,
12928,Amar Johnson,RB,LAC,453.8,699.5,999.0,,,18.0,,,,,,,,,,,,0.0,amarjohnson,27696.0,00-0040039,944.0,825.0,13.0,812.0,838.0,16.0,RB237,7.0,Amar Johnson,,,,1.0,0.8,0.8,1.0,2.0,,,23.0,1.0,,0.0,228.0,1.1600000000000001,1.1600000000000001,False,False,453.8,50.488,1.0,1.0,1.0,0.9999999999999996,0.9999999999999996,0.9999999999999816,0.9999999999999787,0.9999999999993613,0.999999999999263,0.9999999999822065,0.9999999999796585,0.9999999996027309,0.99999999955001,0.9999999928873455,0.9999999920170759,138.58039215686273,-137.42039215686273,-117.15666666666668,156,703,,,,,,,,,,,,,,,
12479,Ja'Quinden Jackson,RB,,455.2,685.4,999.0,,,18.0,,,,,,,,,,,,0.0,jaquindenjackson,23170.0,00-0040332,723.0,581.33,176.21,386.0,813.0,14.0,RB180,,Ja'Quinden Jackson,,,,,,,,,Questionable,Undisclosed,24.0,1.0,,0.0,165.0,1.1600000000000001,1.1600000000000001,False,False,455.2,50.641999999999996,1.0,1.0,1.0,0.9999999999999996,0.9999999999999996,0.9999999999999822,0.9999999999999793,0.9999999999993887,0.999999999999295,0.9999999999830884,0.9999999999806719,0.9999999996245419,0.9999999995748028,0.999999993306689,0.9999999924888587,138.58039215686273,-137.42039215686273,-117.15666666666668,157,704,,,,,,,,,,,,,,,
8423,Brittain Brown,RB,CHI,511.8,999.0,999.0,,,18.0,,,,,,,,,,,,0.0,brittainbrown,24572.0,00-0037329,518.0,474.2,137.36,278.0,629.0,12.0,RB142,10.0,Brittain Brown,,,,2.0,9.7,4.85,1.0,5.0,IR,Undisclosed,28.0,4.0,5.0,0.0,137.0,1.1600000000000001,1.1600000000000001,False,False,511.8,56.868,1.0,1.0,1.0,0.9999999999999998,0.9999999999999998,0.9999999999999951,0.9999999999999944,0.9999999999998764,0.9999999999998592,0.999999999997371,0.999999999997025,0.999999999953032,0.9999999999472376,0.9999999992951654,0.9999999992139346,138.58039215686273,-137.42039215686273,-117.15666666666668,158,705,,,,,,,,,,,,,,,
5046,Royce Freeman,RB,,517.0,489.7,999.0,,,18.0,,,,,,,,,,,,0.0,roycefreeman,17245.0,00-0034838,926.0,772.5,94.5,678.0,867.0,16.0,RB233,,Royce Freeman,,,,,,,,,,,29.0,8.0,,0.0,224.0,1.1600000000000001,1.1600000000000001,False,False,517.0,57.44,1.0,1.0,1.0,0.9999999999999998,0.9999999999999998,0.9999999999999956,0.9999999999999949,0.9999999999998916,0.9999999999998767,0.999999999997746,0.9999999999974516,0.9999999999604855,0.9999999999556424,0.999999999416124,0.999999999349205,138.58039215686273,-137.42039215686273,-117.15666666666668,159,706,,,,,,,,,,,,,,,
6918,Salvon Ahmed,RB,CHI,527.5,640.0,999.0,,,18.0,,,,,,,,,,,,0.0,salvonahmed,19449.0,00-0036020,791.0,651.67,194.22,377.0,790.0,15.0,RB204,10.0,Salvon Ahmed,,,,,,,,,,,27.0,6.0,,0.0,198.0,1.1600000000000001,1.1600000000000001,False,False,527.5,58.595,1.0,1.0,1.0,0.9999999999999999,0.9999999999999998,0.9999999999999964,0.999999999999996,0.9999999999999163,0.999999999999905,0.9999999999983351,0.9999999999981208,0.9999999999718905,0.9999999999684901,0.9999999995973234,0.9999999995516871,138.58039215686273,-137.42039215686273,-117.15666666666668,160,707,,,,,,,,,,,,,,,
13010,Jordan Waters,RB,LAR,559.0,999.0,999.0,,,18.0,,,,,,,,,,,,0.0,jordanwaters,,,819.0,690.67,117.99,524.0,781.0,15.0,RB210,11.0,Jordan Waters,,,,,,,,,,,25.0,1.0,,0.0,208.0,1.1600000000000001,1.1600000000000001,False,False,559.0,62.06,1.0,1.0,1.0,0.9999999999999999,0.9999999999999999,0.999999999999998,0.9999999999999978,0.9999999999999595,0.9999999999999543,0.9999999999992888,0.9999999999992012,0.9999999999892263,0.9999999999879727,0.9999999998590428,0.9999999998435997,138.58039215686273,-137.42039215686273,-117.15666666666668,161,708,,,,,,,,,,,,,,,
5248,Gus Edwards,RB,,567.8,656.4,999.0,,,18.0,,,,,,,,,,,,0.0,gusedwards,17687.0,00-0034184,747.0,598.33,172.4,360.0,762.0,14.0,RB189,,Gus Edwards,,,,,,,,,,,29.0,7.0,,0.0,176.0,1.1600000000000001,1.1600000000000001,False,False,567.8,63.028,1.0,1.0,1.0,1.0,0.9999999999999999,0.9999999999999982,0.999999999999998,0.9999999999999665,0.9999999999999621,0.9999999999994311,0.9999999999993618,0.9999999999916286,0.999999999990665,0.9999999998931413,0.9999999998815443,138.58039215686273,-137.42039215686273,-117.15666666666668,162,709,,,,,,,,,,,,,,,
6878,Anthony McFarland,RB,,568.7,999.0,999.0,,,18.0,,,,,,,,,,,,0.0,anthonymcfarland,19366.0,00-0036336,818.0,690.67,259.08,331.0,931.0,15.0,RB209,,Anthony McFarland Jr.,,,,,,,,,,,25.0,4.0,,0.0,209.0,1.1600000000000001,1.1600000000000001,False,False,568.7,63.127,1.0,1.0,1.0,1.0,0.9999999999999999,0.9999999999999983,0.999999999999998,0.9999999999999671,0.9999999999999629,0.9999999999994438,0.999999999999376,0.9999999999918389,0.9999999999909005,0.999999999896086,0.9999999998848197,138.58039215686273,-137.42039215686273,-117.15666666666668,163,710,,,,,,,,,,,,,,,
14044,Miles Davis,RB,,583.3,999.0,999.0,,,18.0,,,,,,,,,,,,0.0,milesdavis,,,701.0,541.33,184.79,336.0,784.0,14.0,RB176,,Miles Davis,,,,,,,,,,,26.0,0.0,,0.0,155.0,1.1600000000000001,1.1600000000000001,False,False,583.3,64.73299999999999,1.0,1.0,1.0,1.0,1.0,0.9999999999999987,0.9999999999999984,0.9999999999999757,0.9999999999999727,0.9999999999996105,0.9999999999995641,0.999999999994549,0.9999999999939333,0.9999999999333279,0.9999999999262118,138.58039215686273,-137.42039215686273,-117.15666666666668,164,711,,,,,,,,,,,,,,,
5284,Jeff Wilson,RB,,588.0,650.3,999.0,,,18.0,,,,,,,,,,,,0.0,jeffwilson,18026.0,00-0034115,796.0,657.67,155.06,461.0,840.0,15.0,RB206,,Jeff Wilson Jr.,,,,,,,,,,,30.0,8.0,,0.0,200.0,1.1600000000000001,1.1600000000000001,False,False,588.0,65.25,1.0,1.0,1.0,1.0,1.0,0.9999999999999988,0.9999999999999987,0.9999999999999779,0.9999999999999751,0.9999999999996516,0.9999999999996103,0.9999999999951962,0.9999999999946566,0.9999999999419877,0.9999999999358271,138.58039215686273,-137.42039215686273,-117.15666666666668,165,712,,,,,,,,,,,,,,,
13595,Cash Jones,RB,ATL,604.2,646.0,999.0,,,18.0,,,,,,,,,,,,0.0,cashjones,,00-0041191,577.0,545.4,100.0,386.0,678.0,13.0,RB151,11.0,Cash Jones,,,,,,,,,,,24.0,0.0,,0.0,157.0,1.1600000000000001,1.1600000000000001,False,False,604.2,67.032,1.0,1.0,1.0,1.0,1.0,0.9999999999999991,0.9999999999999989,0.9999999999999838,0.9999999999999819,0.9999999999997601,0.9999999999997322,0.9999999999968532,0.9999999999965065,0.9999999999636064,0.9999999999598082,138.58039215686273,-137.42039215686273,-117.15666666666668,166,713,,,,,,,,,,,,,,,
5987,Alexander Mattison,RB,,607.2,619.4,999.0,,,18.0,,,,,,,,,,,,0.0,alexandermattison,18621.0,00-0034972,853.0,602.0,116.0,486.0,718.0,15.0,RB217,,Alexander Mattison,,,,,,,,,,,27.0,7.0,,0.0,177.0,1.1600000000000001,1.1600000000000001,False,False,607.2,67.362,1.0,1.0,1.0,1.0,1.0,0.9999999999999991,0.9999999999999989,0.9999999999999847,0.9999999999999829,0.9999999999997756,0.9999999999997498,0.9999999999970841,0.9999999999967641,0.9999999999665437,0.9999999999630631,138.58039215686273,-137.42039215686273,-117.15666666666668,167,714,,,,,,,,,,,,,,,
12897,Nathan Carter,RB,KC,609.0,699.0,999.0,,,18.0,,,,,,,,,,,,0.0,nathancarter,,00-0040547,670.0,493.0,119.73,365.0,653.0,14.0,RB170,,Nathan Carter,,,,2.0,4.0,2.0,0.0,9.0,,,24.0,1.0,,0.0,140.0,1.1600000000000001,1.1600000000000001,False,False,609.0,67.55999999999999,1.0,1.0,1.0,1.0,1.0,0.9999999999999991,0.999999999999999,0.9999999999999853,0.9999999999999835,0.9999999999997844,0.9999999999997595,0.9999999999972138,0.9999999999969085,0.9999999999681808,0.9999999999648768,138.58039215686273,-137.42039215686273,-117.15666666666668,168,715,,,,,,,,,,,,,,,
3309,Wendell Smallwood,RB,WAS,610.8,999.0,999.0,,,18.0,,,,,,,,,,,,0.0,wendellsmallwood,15672.0,00-0032782,735.0,589.67,186.84,335.0,778.0,14.0,RB185,,Wendell Smallwood,,,,,,,,,,,27.0,6.0,,0.0,173.0,1.1600000000000001,1.1600000000000001,False,False,610.8,67.758,1.0,1.0,1.0,1.0,1.0,0.9999999999999991,0.999999999999999,0.9999999999999858,0.999999999999984,0.9999999999997928,0.9999999999997691,0.999999999997337,0.9999999999970459,0.9999999999697305,0.9999999999665936,138.58039215686273,-137.42039215686273,-117.15666666666668,169,716,,,,,,,,,,,,,,,
7599,Jermar Jefferson,RB,MIN,611.5,697.3,999.0,,,18.0,,,,,,,,,,,,0.0,jermarjefferson,20088.0,00-0036670,694.0,523.67,161.05,321.0,715.0,14.0,RB173,6.0,Jermar Jefferson,,,,,,,,,IR,Undisclosed,26.0,5.0,6.0,0.0,148.0,1.1600000000000001,1.1600000000000001,False,False,611.5,67.835,1.0,1.0,1.0,1.0,1.0,0.9999999999999991,0.9999999999999991,0.999999999999986,0.9999999999999842,0.9999999999997959,0.9999999999997726,0.9999999999973832,0.9999999999970974,0.9999999999703106,0.9999999999672362,138.58039215686273,-137.42039215686273,-117.15666666666668,170,717,,,,,,,,,,,,,,,
7529,Gary Brightwell,RB,,616.0,558.5,999.0,,,18.0,,,,,,,,,,,,0.0,garybrightwell,23293.0,00-0036569,784.0,642.33,119.02,506.0,796.0,14.0,RB201,,Gary Brightwell,,,,2.0,0.0,0.0,0.0,0.0,,,28.0,5.0,,0.0,194.0,1.1600000000000001,1.1600000000000001,False,False,616.0,68.33,1.0,1.0,1.0,1.0,1.0,0.9999999999999992,0.9999999999999991,0.9999999999999871,0.9999999999999856,0.9999999999998151,0.9999999999997939,0.9999999999976602,0.9999999999974061,0.9999999999737618,0.9999999999710576,138.58039215686273,-137.42039215686273,-117.15666666666668,171,718,,,,,,,,,,,,,,,
13964,Myles Montgomery,RB,,621.3,629.7,999.0,,,18.0,,,,,,,,,,,,0.0,mylesmontgomery,,00-0041323,533.0,496.0,140.4,319.0,693.0,13.0,RB144,11.0,Myles Montgomery,,,,,,,,,IR,Undisclosed,,0.0,,0.0,141.0,1.1600000000000001,1.1600000000000001,False,False,621.3,68.91299999999998,1.0,1.0,1.0,1.0,1.0,0.9999999999999993,0.9999999999999991,0.9999999999999882,0.9999999999999869,0.9999999999998351,0.9999999999998164,0.9999999999979454,0.9999999999977236,0.9999999999772733,0.9999999999749442,138.58039215686273,-137.42039215686273,-117.15666666666668,172,719,,,,,,,,,,,,,,,
13436,Kentrel Bullock,RB,CIN,625.9,615.3,999.0,,,18.0,,,,,,,,,,,,0.0,kentrelbullock,,,838.0,707.33,79.73,595.0,772.0,15.0,RB213,6.0,Kentrel Bullock,,,,,,,,,,,24.0,0.0,,0.0,211.0,1.1600000000000001,1.1600000000000001,False,False,625.9,69.419,1.0,1.0,1.0,1.0,1.0,0.9999999999999993,0.9999999999999992,0.9999999999999891,0.9999999999999879,0.9999999999998506,0.9999999999998337,0.9999999999981619,0.9999999999979645,0.9999999999799056,0.9999999999778562,138.58039215686273,-137.42039215686273,-117.15666666666668,173,720,,,,,,,,,,,,,,,
13437,Noah Whittington,RB,HOU,626.4,655.9,999.0,,,18.0,,,,,,,,,,,,0.0,noahwhittington,,00-0041312,627.0,534.75,111.65,376.0,661.0,13.0,RB165,8.0,Noah Whittington,,,,,,,,,,,24.0,0.0,,0.0,153.0,1.1600000000000001,1.1600000000000001,False,False,626.4,69.47399999999999,1.0,1.0,1.0,1.0,1.0,0.9999999999999993,0.9999999999999992,0.9999999999999893,0.999999999999988,0.9999999999998521,0.9999999999998354,0.9999999999981839,0.9999999999979889,0.9999999999801709,0.9999999999781497,138.58039215686273,-137.42039215686273,-117.15666666666668,174,721,,,,,,,,,,,,,,,
11568,Blake Watson,RB,,635.8,671.3,999.0,,,18.0,,,,,,,,,,,,0.0,blakewatson,26391.0,00-0039573,870.0,738.33,213.47,439.0,922.0,15.0,RB220,,Blake Watson,,,,,,,,,,,26.0,2.0,,0.0,216.0,1.1600000000000001,1.1600000000000001,False,False,635.8,70.508,1.0,1.0,1.0,1.0,1.0,0.9999999999999993,0.9999999999999993,0.9999999999999909,0.9999999999999898,0.9999999999998783,0.9999999999998648,0.9999999999985469,0.9999999999983926,0.9999999999845062,0.9999999999829425,138.58039215686273,-137.42039215686273,-117.15666666666668,175,722,,,,,,,,,,,,,,,
13339,Davon Booth,RB,IND,638.5,999.0,999.0,,,18.0,,,,,,,,,,,,0.0,davonbooth,28121.0,00-0041277,868.0,737.67,89.12,613.0,816.0,15.0,RB219,13.0,Davon Booth,,,,,,,,,,,24.0,0.0,,0.0,215.0,1.1600000000000001,1.1600000000000001,False,False,638.5,70.80499999999999,1.0,1.0,1.0,1.0,1.0,0.9999999999999993,0.9999999999999993,0.9999999999999913,0.9999999999999903,0.999999999999885,0.9999999999998721,0.9999999999986356,0.9999999999984912,0.9999999999855502,0.9999999999840962,138.58039215686273,-137.42039215686273,-117.15666666666668,176,723,,,,,,,,,,,,,,,
13778,EJ Smith,RB,,639.0,999.0,999.0,,,18.0,,,,,,,,,,,,0.0,ejsmith,23120.0,00-0040964,891.0,758.67,104.28,617.0,865.0,15.0,RB224,,EJ Smith,,,,,,,,,Questionable,Undisclosed,24.0,0.0,,0.0,220.0,1.1600000000000001,1.1600000000000001,False,False,639.0,70.86,1.0,1.0,1.0,1.0,1.0,0.9999999999999994,0.9999999999999993,0.9999999999999913,0.9999999999999905,0.9999999999998861,0.9999999999998734,0.9999999999986514,0.9999999999985087,0.999999999985735,0.9999999999843002,138.58039215686273,-137.42039215686273,-117.15666666666668,177,724,,,,,,,,,,,,,,,
6963,Patrick Taylor,RB,,642.6,671.6,999.0,,,18.0,,,,,,,,,,,,0.0,patricktaylor,19544.0,00-0035973,928.0,774.5,103.5,671.0,878.0,16.0,RB234,,Patrick Taylor Jr.,,,,,,,,,Questionable,Undisclosed,28.0,6.0,,0.0,225.0,1.1600000000000001,1.1600000000000001,False,False,642.6,71.256,1.0,1.0,1.0,1.0,1.0,0.9999999999999994,0.9999999999999993,0.9999999999999919,0.999999999999991,0.9999999999998941,0.9999999999998824,0.9999999999987591,0.9999999999986284,0.9999999999869909,0.9999999999856873,138.58039215686273,-137.42039215686273,-117.15666666666668,178,725,,,,,,,,,,,,,,,
11378,Jordan Mims,RB,,649.3,463.7,999.0,,,18.0,,,,,,,,,,,,0.0,jordanmims,25816.0,00-0038678,830.0,703.67,242.23,364.0,912.0,15.0,RB212,,Jordan Mims,,,,1.0,0.0,0.0,0.0,0.0,,,27.0,3.0,,0.0,210.0,1.1600000000000001,1.1600000000000001,False,False,649.3,71.993,1.0,1.0,1.0,1.0,1.0,0.9999999999999996,0.9999999999999994,0.9999999999999928,0.999999999999992,0.9999999999999074,0.9999999999998972,0.9999999999989349,0.9999999999988236,0.9999999999890168,0.999999999987924,138.58039215686273,-137.42039215686273,-117.15666666666668,179,726,,,,,,,,,,,,,,,
11573,Frank Gore,RB,BUF,650.4,999.0,999.0,,,18.0,,,,,,,,,,,,0.0,frankgore,25980.0,00-0039471,544.0,512.8,121.79,301.0,681.0,13.0,RB146,7.0,Frank Gore Jr.,,,,,,,,,,,24.0,2.0,,0.0,147.0,1.1600000000000001,1.1600000000000001,False,False,650.4,72.11399999999999,1.0,1.0,1.0,1.0,1.0,0.9999999999999996,0.9999999999999994,0.9999999999999929,0.9999999999999921,0.9999999999999094,0.9999999999998994,0.999999999998961,0.9999999999988526,0.999999999989315,0.999999999988253,138.58039215686273,-137.42039215686273,-117.15666666666668,180,727,,,,,,,,,,,,,,,
8255,Raheem Blackshear,RB,,653.5,999.0,999.0,,,18.0,,,,,,,,,,,,0.0,raheemblackshear,20100.0,00-0037429,681.0,618.0,137.5,475.0,822.0,14.0,RB171,,Raheem Blackshear,,,,,,,,,Questionable,Undisclosed,28.0,4.0,,0.0,185.0,1.1600000000000001,1.1600000000000001,False,False,653.5,72.455,1.0,1.0,1.0,1.0,1.0,0.9999999999999996,0.9999999999999994,0.9999999999999933,0.9999999999999925,0.9999999999999147,0.9999999999999054,0.9999999999990308,0.9999999999989301,0.9999999999901082,0.9999999999891283,138.58039215686273,-137.42039215686273,-117.15666666666668,181,728,,,,,,,,,,,,,,,
11649,Kendall Milton,RB,CIN,657.0,687.3,999.0,,,18.0,,,,,,,,,,,,0.0,kendallmilton,22962.0,00-0039266,604.0,581.4,166.59,393.0,802.0,13.0,RB157,6.0,Kendall Milton,,,,1.0,0.2,0.2,0.0,2.0,,,24.0,2.0,,0.0,166.0,1.1600000000000001,1.1600000000000001,False,False,657.0,72.83999999999999,1.0,1.0,1.0,1.0,1.0,0.9999999999999996,0.9999999999999996,0.9999999999999936,0.9999999999999929,0.9999999999999204,0.9999999999999117,0.9999999999991035,0.9999999999990106,0.9999999999909268,0.9999999999900313,138.58039215686273,-137.42039215686273,-117.15666666666668,182,729,,,,,,,,,,,,,,,
8220,Sincere McCormick,RB,SF,657.5,999.0,999.0,,,18.0,,,,,,,,,,,,0.0,sinceremccormick,23172.0,00-0037509,581.0,547.0,108.52,380.0,673.0,13.0,RB152,8.0,Sincere McCormick,,,,,,,,,,,25.0,4.0,,0.0,158.0,1.1600000000000001,1.1600000000000001,False,False,657.5,72.895,1.0,1.0,1.0,1.0,1.0,0.9999999999999996,0.9999999999999996,0.9999999999999937,0.999999999999993,0.9999999999999212,0.9999999999999125,0.9999999999991134,0.9999999999990216,0.9999999999910375,0.9999999999901533,138.58039215686273,-137.42039215686273,-117.15666666666668,183,730,,,,,,,,,,,,,,,
10223,Eric Gray,RB,,658.0,595.6,999.0,,,18.0,,,,,,,,,,,,0.0,ericgray,23075.0,00-0038396,658.0,588.0,145.04,452.0,798.0,14.0,RB169,,Eric Gray,,,,1.0,0.0,0.0,0.0,0.0,,,26.0,3.0,,0.0,171.0,1.1600000000000001,1.1600000000000001,False,False,658.0,72.94999999999999,1.0,1.0,1.0,1.0,1.0,0.9999999999999996,0.9999999999999996,0.9999999999999938,0.9999999999999931,0.9999999999999218,0.9999999999999134,0.9999999999991231,0.9999999999990323,0.9999999999911467,0.9999999999902738,138.58039215686273,-137.42039215686273,-117.15666666666668,184,731,,,,,,,,,,,,,,,
6845,Zack Moss,RB,,659.4,999.0,999.0,,,18.0,,,,,,,,,,,,0.0,zackmoss,19263.0,00-0036251,757.0,608.67,118.55,468.0,758.0,14.0,RB192,,Zack Moss,,,,,,,,,Questionable,Neck,27.0,5.0,,0.0,180.0,1.1600000000000001,1.1600000000000001,False,False,659.4,73.10399999999998,1.0,1.0,1.0,1.0,1.0,0.9999999999999996,0.9999999999999996,0.9999999999999939,0.9999999999999931,0.9999999999999241,0.9999999999999157,0.9999999999991498,0.9999999999990619,0.9999999999914448,0.9999999999906025,138.58039215686273,-137.42039215686273,-117.15666666666668,185,732,,,,,,,,,,,,,,,
12826,Ulysses Bentley,RB,,661.9,644.1,999.0,,,18.0,,,,,,,,,,,,0.0,ulyssesbentley,23112.0,00-0040476,905.0,679.5,168.5,511.0,848.0,15.0,RB228,,Ulysses Bentley IV,,,,1.0,0.0,0.0,0.0,1.0,,,25.0,1.0,,0.0,204.0,1.1600000000000001,1.1600000000000001,False,False,661.9,73.37899999999999,1.0,1.0,1.0,1.0,1.0,0.9999999999999996,0.9999999999999996,0.9999999999999941,0.9999999999999934,0.9999999999999276,0.9999999999999197,0.9999999999991951,0.9999999999991123,0.99999999999195,0.9999999999911595,138.58039215686273,-137.42039215686273,-117.15666666666668,186,733,,,,,,,,,,,,,,,
12969,Lan Larison,RB,NE,662.0,999.0,999.0,,,18.0,,,,,,,,,,,,0.0,lanlarison,27498.0,00-0040568,737.0,591.33,101.35,475.0,722.0,14.0,RB186,11.0,Lan Larison,,,,,,,,,,,24.0,1.0,,0.0,174.0,1.1600000000000001,1.1600000000000001,False,False,662.0,73.39,1.0,1.0,1.0,1.0,1.0,0.9999999999999996,0.9999999999999996,0.9999999999999941,0.9999999999999936,0.9999999999999276,0.9999999999999198,0.9999999999991969,0.9999999999991142,0.9999999999919695,0.999999999991181,138.58039215686273,-137.42039215686273,-117.15666666666668,187,734,,,,,,,,,,,,,,,
6144,Trayveon Williams,RB,,663.4,683.1,999.0,,,18.0,,,,,,,,,,,,0.0,trayveonwilliams,18607.0,00-0035291,729.0,584.33,132.04,418.0,741.0,14.0,RB182,,Trayveon Williams,,,,6.0,13.1,2.183333333333333,9.0,10.0,,,28.0,7.0,,0.0,168.0,1.1600000000000001,1.1600000000000001,False,False,663.4,73.544,1.0,1.0,1.0,1.0,1.0,0.9999999999999996,0.9999999999999996,0.9999999999999942,0.9999999999999936,0.9999999999999296,0.9999999999999221,0.9999999999992211,0.9999999999991409,0.9999999999922373,0.9999999999914762,138.58039215686273,-137.42039215686273,-117.15666666666668,188,735,,,,,,,,,,,,,,,
6694,D'Ernest Johnson,RB,,663.9,455.0,999.0,,,18.0,,,,,,,,,,,,0.0,dernestjohnson,19111.0,00-0035628,782.0,640.33,156.21,443.0,825.0,14.0,RB199,,D'Ernest Johnson,,,,5.0,2.5,0.5,0.0,14.0,,,30.0,7.0,,0.0,192.0,1.1600000000000001,1.1600000000000001,False,False,663.9,73.59899999999999,1.0,1.0,1.0,1.0,1.0,0.9999999999999996,0.9999999999999996,0.9999999999999943,0.9999999999999937,0.9999999999999303,0.9999999999999227,0.9999999999992295,0.9999999999991502,0.9999999999923306,0.999999999991579,138.58039215686273,-137.42039215686273,-117.15666666666668,189,736,,,,,,,,,,,,,,,
6323,Andrew Beck,RB,NYJ,664.3,614.0,999.0,,,18.0,,,,,,,,,,,,0.0,andrewbeck,18748.0,00-0034959,771.0,623.33,142.84,431.0,773.0,14.0,RB196,13.0,Andrew Beck,,,,11.0,20.0,1.8181818181818181,9.0,1.0,,,30.0,7.0,4.0,0.0,188.0,1.1600000000000001,1.1600000000000001,False,False,664.3,73.64299999999999,1.0,1.0,1.0,1.0,1.0,0.9999999999999996,0.9999999999999996,0.9999999999999943,0.9999999999999938,0.9999999999999307,0.9999999999999234,0.9999999999992362,0.9999999999991578,0.9999999999924043,0.9999999999916602,138.58039215686273,-137.42039215686273,-117.15666666666668,190,737,,,,,,,,,,,,,,,
9510,Lew Nichols,RB,PIT,664.5,999.0,999.0,,,18.0,,,,,,,,,,,,0.0,lewnichols,25443.0,00-0038409,494.0,499.17,95.05,365.0,684.0,12.0,RB135,9.0,Lew Nichols III,,,,1.0,0.0,0.0,0.0,0.0,,,25.0,3.0,,0.0,143.0,1.1600000000000001,1.1600000000000001,False,False,664.5,73.66499999999999,1.0,1.0,1.0,1.0,1.0,0.9999999999999996,0.9999999999999996,0.9999999999999944,0.9999999999999938,0.999999999999931,0.9999999999999236,0.9999999999992395,0.9999999999991613,0.9999999999924407,0.9999999999917005,138.58039215686273,-137.42039215686273,-117.15666666666668,191,738,,,,,,,,,,,,,,,
11644,Cody Schrader,RB,DEN,664.7,999.0,999.0,,,18.0,,,,,,,,,,,,0.0,codyschrader,26216.0,00-0039703,852.0,717.67,90.98,589.0,783.0,15.0,RB216,10.0,Cody Schrader,,,,,,,,,,,27.0,2.0,,0.0,212.0,1.1600000000000001,1.1600000000000001,False,False,664.7,73.687,1.0,1.0,1.0,1.0,1.0,0.9999999999999996,0.9999999999999996,0.9999999999999944,0.9999999999999938,0.9999999999999314,0.999999999999924,0.9999999999992428,0.999999999999165,0.9999999999924771,0.9999999999917406,138.58039215686273,-137.42039215686273,-117.15666666666668,192,739,,,,,,,,,,,,,,,
5980,Myles Gaskin,RB,,667.1,691.3,999.0,,,18.0,,,,,,,,,,,,0.0,mylesgaskin,17251.0,00-0035311,813.0,684.67,160.95,473.0,863.0,15.0,RB208,,Myles Gaskin,,,,1.0,0.6000000000000001,0.6000000000000001,0.0,3.0,,,28.0,6.0,,0.0,206.0,1.1600000000000001,1.1600000000000001,False,False,667.1,73.951,1.0,1.0,1.0,1.0,1.0,0.9999999999999996,0.9999999999999996,0.9999999999999947,0.999999999999994,0.9999999999999344,0.9999999999999274,0.9999999999992811,0.9999999999992075,0.9999999999928988,0.9999999999922051,138.58039215686273,-137.42039215686273,-117.15666666666668,193,740,,,,,,,,,,,,,,,
11580,Dillon Johnson,RB,,667.6,649.3,999.0,,,18.0,,,,,,,,,,,,0.0,dillonjohnson,26226.0,00-0039647,790.0,651.33,160.53,451.0,844.0,15.0,RB203,,Dillon Johnson,,,,,,,,,,,23.0,1.0,,0.0,197.0,1.1600000000000001,1.1600000000000001,False,False,667.6,74.006,1.0,1.0,1.0,1.0,1.0,0.9999999999999996,0.9999999999999996,0.9999999999999947,0.999999999999994,0.9999999999999349,0.9999999999999281,0.9999999999992888,0.999999999999216,0.9999999999929833,0.9999999999922984,138.58039215686273,-137.42039215686273,-117.15666666666668,194,741,,,,,,,,,,,,,,,
12171,British Brooks,RB,HOU,668.9,412.0,999.0,,,18.0,,,,,,,,,,,,0.0,britishbrooks,26748.0,00-0039603,559.0,529.2,110.11,392.0,658.0,13.0,RB148,8.0,British Brooks,,,,8.0,7.800000000000001,0.9750000000000001,0.0,17.0,Questionable,Hand,26.0,2.0,3.0,0.0,149.0,1.1600000000000001,1.1600000000000001,False,False,668.9,74.14899999999999,1.0,1.0,1.0,1.0,1.0,0.9999999999999996,0.9999999999999996,0.9999999999999947,0.9999999999999942,0.9999999999999365,0.9999999999999298,0.9999999999993084,0.9999999999992377,0.9999999999931979,0.9999999999925347,138.58039215686273,-137.42039215686273,-117.15666666666668,195,742,,,,,,,,,,,,,,,
11963,Chris Collier,RB,LV,670.1,654.2,999.0,,,18.0,,,,,,,,,,,,0.0,chriscollier,26597.0,00-0039244,897.0,760.33,108.94,609.0,861.0,15.0,RB226,13.0,Chris Collier,,,,,,,,,IR,Undisclosed,26.0,2.0,7.0,0.0,221.0,1.1600000000000001,1.1600000000000001,False,False,670.1,74.28099999999999,1.0,1.0,1.0,1.0,1.0,0.9999999999999996,0.9999999999999996,0.9999999999999949,0.9999999999999942,0.999999999999938,0.9999999999999314,0.9999999999993261,0.9999999999992573,0.9999999999933895,0.9999999999927458,138.58039215686273,-137.42039215686273,-117.15666666666668,196,743,,,,,,,,,,,,,,,
7809,Avery Williams,RB,,671.0,622.7,999.0,,,18.0,,,,,,,,,,,,0.0,averywilliams,23279.0,00-0036950,717.0,568.67,186.41,314.0,755.0,14.0,RB178,,Avery Williams,,,,1.0,0.0,0.0,0.0,0.0,,,27.0,4.0,,0.0,163.0,1.1600000000000001,1.1600000000000001,False,False,671.0,74.38,1.0,1.0,1.0,1.0,1.0,0.9999999999999996,0.9999999999999996,0.9999999999999949,0.9999999999999943,0.9999999999999389,0.9999999999999325,0.9999999999993389,0.9999999999992715,0.9999999999935294,0.9999999999928999,138.58039215686273,-137.42039215686273,-117.15666666666668,197,744,,,,,,,,,,,,,,,
8174,Kevin Harris,RB,,671.5,680.5,999.0,,,18.0,,,,,,,,,,,,0.0,kevinharris,23117.0,00-0037286,887.0,755.33,206.19,465.0,924.0,15.0,RB223,,Kevin Harris,,,,,,,,,,,24.0,3.0,,0.0,219.0,1.1600000000000001,1.1600000000000001,False,False,671.5,74.43499999999999,1.0,1.0,1.0,1.0,1.0,0.9999999999999996,0.9999999999999996,0.9999999999999949,0.9999999999999944,0.9999999999999396,0.9999999999999332,0.9999999999993459,0.9999999999992792,0.9999999999936056,0.9999999999929838,138.58039215686273,-137.42039215686273,-117.15666666666668,198,745,,,,,,,,,,,,,,,
8194,Jashaun Corbin,RB,,672.0,999.0,999.0,,,18.0,,,,,,,,,,,,0.0,jashauncorbin,22948.0,00-0037410,732.0,587.33,151.73,390.0,759.0,14.0,RB183,,Jashaun Corbin,,,,,,,,,,,26.0,4.0,,0.0,170.0,1.1600000000000001,1.1600000000000001,False,False,672.0,74.49,1.0,1.0,1.0,1.0,1.0,0.9999999999999996,0.9999999999999996,0.999999999999995,0.9999999999999944,0.9999999999999402,0.9999999999999338,0.9999999999993529,0.9999999999992869,0.9999999999936808,0.9999999999930669,138.58039215686273,-137.42039215686273,-117.15666666666668,199,746,,,,,,,,,,,,,,,
11582,Carson Steele,RB,PHI,677.4,629.5,999.0,,,18.0,,,,,,,,,,,,0.0,carsonsteele,26372.0,00-0039325,622.0,614.0,131.48,440.0,792.0,13.0,RB163,10.0,Carson Steele,,,,,,,,,,,23.0,2.0,,0.0,183.0,1.1600000000000001,1.1600000000000001,False,False,677.4,75.08399999999999,1.0,1.0,1.0,1.0,1.0,0.9999999999999997,0.9999999999999996,0.9999999999999953,0.9999999999999949,0.9999999999999458,0.99999999999994,0.9999999999994227,0.9999999999993643,0.9999999999944345,0.9999999999938967,138.58039215686273,-137.42039215686273,-117.15666666666668,200,747,,,,,,,,,,,,,,,
11186,Carlos Washington,RB,,677.8,270.0,999.0,,,18.0,,,,,,,,,,,,0.0,carloswashington,25644.0,00-0038930,687.0,622.0,164.58,420.0,813.0,14.0,RB172,,Carlos Washington Jr.,,,,,,,,,,,27.0,3.0,,0.0,187.0,1.1600000000000001,1.1600000000000001,False,False,677.8,75.12799999999999,1.0,1.0,1.0,1.0,1.0,0.9999999999999997,0.9999999999999996,0.9999999999999954,0.9999999999999949,0.9999999999999463,0.9999999999999405,0.9999999999994276,0.9999999999993696,0.9999999999944862,0.9999999999939535,138.58039215686273,-137.42039215686273,-117.15666666666668,201,748,,,,,,,,,,,,,,,
9227,Israel Abanikanda,RB,DAL,678.7,999.0,999.0,,,18.0,,,,,,,,,,,,0.0,israelabanikanda,24352.0,00-0038389,628.0,621.0,130.22,457.0,797.0,13.0,RB166,14.0,Israel Abanikanda,,,,,,,,,,,23.0,3.0,,0.0,186.0,1.1600000000000001,1.1600000000000001,False,False,678.7,75.227,1.0,1.0,1.0,1.0,1.0,0.9999999999999997,0.9999999999999996,0.9999999999999956,0.999999999999995,0.9999999999999472,0.9999999999999416,0.9999999999994382,0.9999999999993815,0.9999999999946005,0.9999999999940796,138.58039215686273,-137.42039215686273,-117.15666666666668,202,749,,,,,,,,,,,,,,,
13277,CJ Donaldson,RB,NO,680.3,465.5,999.0,,,18.0,,,,,,,,,,,,0.0,cjdonaldson,25396.0,00-0041326,654.0,584.5,80.63,498.0,704.0,14.0,RB168,8.0,CJ Donaldson,,,,,,,,,,,22.0,0.0,,0.0,169.0,1.1600000000000001,1.1600000000000001,False,False,680.3,75.40299999999999,1.0,1.0,1.0,1.0,1.0,0.9999999999999997,0.9999999999999996,0.9999999999999956,0.9999999999999951,0.9999999999999487,0.9999999999999432,0.9999999999994568,0.9999999999994019,0.9999999999947977,0.9999999999942965,138.58039215686273,-137.42039215686273,-117.15666666666668,203,750,,,,,,,,,,,,,,,
6996,JaMycal Hasty,RB,,685.0,625.0,999.0,,,18.0,,,,,,,,,,,,0.0,jamycalhasty,19627.0,00-0035806,806.0,670.67,169.14,459.0,873.0,15.0,RB207,,JaMycal Hasty,,,,,,,,,,,29.0,6.0,,0.0,203.0,1.1600000000000001,1.1600000000000001,False,False,685.0,75.91999999999999,1.0,1.0,1.0,1.0,1.0,0.9999999999999997,0.9999999999999997,0.9999999999999959,0.9999999999999954,0.9999999999999528,0.9999999999999478,0.9999999999995073,0.9999999999994578,0.999999999995332,0.9999999999948845,138.58039215686273,-137.42039215686273,-117.15666666666668,204,751,,,,,,,,,,,,,,,
9220,Evan Hull,RB,ARI,685.5,999.0,999.0,,,18.0,,,,,,,,,,,,0.0,evanhull,25325.0,00-0038397,942.0,821.0,25.0,796.0,846.0,16.0,RB236,14.0,Evan Hull,,,,6.0,5.9,0.9833333333333334,1.0,19.0,,,25.0,3.0,,0.0,227.0,1.1600000000000001,1.1600000000000001,False,False,685.5,75.975,1.0,1.0,1.0,1.0,1.0,0.9999999999999997,0.9999999999999997,0.999999999999996,0.9999999999999956,0.9999999999999533,0.9999999999999484,0.9999999999995123,0.9999999999994633,0.9999999999953852,0.9999999999949429,138.58039215686273,-137.42039215686273,-117.15666666666668,205,752,,,,,,,,,,,,,,,
13418,Robert Henry,RB,WAS,688.4,534.0,999.0,,,18.0,,,,,,,,,,,,0.0,roberthenry,28404.0,00-0041178,525.0,482.6,117.63,363.0,638.0,12.0,RB143,7.0,Robert Henry Jr.,,,,,,,,,,,24.0,0.0,,0.0,138.0,1.1600000000000001,1.1600000000000001,False,False,688.4,76.294,1.0,1.0,1.0,1.0,1.0,0.9999999999999997,0.9999999999999997,0.9999999999999961,0.9999999999999957,0.9999999999999556,0.9999999999999509,0.9999999999995404,0.9999999999994945,0.9999999999956808,0.999999999995268,138.58039215686273,-137.42039215686273,-117.15666666666668,206,753,,,,,,,,,,,,,,,
13603,Gregory Desrosiers,RB,LAC,689.6,999.0,999.0,,,18.0,,,,,,,,,,,,0.0,gregorydesrosiers,,,699.0,642.75,163.16,388.0,819.0,14.0,RB175,7.0,Gregory Desrosiers,,,,,,,,,,,,0.0,,0.0,195.0,1.1600000000000001,1.1600000000000001,False,False,689.6,76.426,1.0,1.0,1.0,1.0,1.0,0.9999999999999998,0.9999999999999997,0.9999999999999962,0.9999999999999958,0.9999999999999566,0.999999999999952,0.9999999999995516,0.9999999999995068,0.9999999999957968,0.9999999999953957,138.58039215686273,-137.42039215686273,-117.15666666666668,207,754,,,,,,,,,,,,,,,
7087,Jonathan Ward,RB,BAL,691.4,999.0,999.0,,,18.0,,,,,,,,,,,,0.0,jonathanward,19974.0,00-0035924,783.0,641.0,136.47,462.0,793.0,14.0,RB200,13.0,Jonathan Ward,,,,,,,,,,,28.0,6.0,,0.0,193.0,1.1600000000000001,1.1600000000000001,False,False,691.4,76.624,1.0,1.0,1.0,1.0,1.0,0.9999999999999998,0.9999999999999997,0.9999999999999962,0.9999999999999959,0.9999999999999579,0.9999999999999536,0.9999999999995677,0.9999999999995246,0.9999999999959646,0.9999999999955802,138.58039215686273,-137.42039215686273,-117.15666666666668,208,755,,,,,,,,,,,,,,,
9505,Deuce Vaughn,RB,,693.8,999.0,999.0,,,18.0,,,,,,,,,,,,0.0,deucevaughn,22984.0,00-0038622,850.0,717.67,189.81,450.0,869.0,15.0,RB214,,Deuce Vaughn,,,,,,,,,,,24.0,3.0,,0.0,213.0,1.1600000000000001,1.1600000000000001,False,False,693.8,76.88799999999999,1.0,1.0,1.0,1.0,1.0,0.9999999999999998,0.9999999999999997,0.9999999999999964,0.999999999999996,0.9999999999999597,0.9999999999999555,0.9999999999995881,0.9999999999995473,0.9999999999961768,0.9999999999958136,138.58039215686273,-137.42039215686273,-117.15666666666668,209,756,,,,,,,,,,,,,,,
5000,Chase Edmonds,RB,,698.1,578.1,999.0,,,18.0,,,,,,,,,,,,0.0,chaseedmonds,17496.0,00-0034681,787.0,648.33,163.99,441.0,842.0,14.0,RB202,7.0,Chase Edmonds,,,,3.0,0.0,0.0,0.0,0.0,,,29.0,8.0,,0.0,196.0,1.1600000000000001,1.1600000000000001,False,False,698.1,77.36099999999999,1.0,1.0,1.0,1.0,1.0,0.9999999999999998,0.9999999999999997,0.9999999999999967,0.9999999999999962,0.9999999999999627,0.9999999999999587,0.9999999999996223,0.9999999999995848,0.9999999999965268,0.9999999999961982,138.58039215686273,-137.42039215686273,-117.15666666666668,210,757,,,,,,,,,,,,,,,
13416,Roman Hemby,RB,LV,700.0,691.0,999.0,,,18.0,,,,,,,,,,,,0.0,romanhemby,25387.0,00-0040998,762.0,612.33,67.14,552.0,706.0,14.0,RB194,13.0,Roman Hemby,,,,,,,,,,,24.0,0.0,,0.0,182.0,1.1600000000000001,1.1600000000000001,False,False,700.0,77.57,1.0,1.0,1.0,1.0,1.0,0.9999999999999998,0.9999999999999998,0.9999999999999967,0.9999999999999964,0.9999999999999638,0.99999999999996,0.9999999999996363,0.9999999999996003,0.99999999999667,0.9999999999963556,138.58039215686273,-137.42039215686273,-117.15666666666668,211,758,,,,,,,,,,,,,,,
8211,Tyrion Davis-Price,RB,,,695.8,999.0,,,18.0,,,,,,,,,,,,0.0,tyriondavisprice,22992.0,00-0037827,780.0,634.33,133.79,481.0,807.0,14.0,RB198,,Tyrion Davis-Price,,,,,,,,,,,24.0,3.0,,0.0,190.0,1.1600000000000001,1.1600000000000001,False,True,659.33,73.0963,1.0,1.0,1.0,1.0,1.0,0.9999999999999996,0.9999999999999996,0.9999999999999939,0.9999999999999931,0.9999999999999238,0.9999999999999156,0.9999999999991485,0.9999999999990605,0.9999999999914302,0.9999999999905864,138.58039215686273,-137.42039215686273,-117.15666666666668,212,759,,,,,,,,,,,,,,,
8123,Hassan Haskins,RB,NE,,999.0,999.0,,,18.0,,,,,,,,,,,,0.0,hassanhaskins,23798.0,00-0037617,539.0,502.4,149.9,328.0,729.0,13.0,RB145,11.0,Hassan Haskins,,,,11.0,8.0,0.7272727272727273,4.0,17.0,,,26.0,4.0,,0.0,145.0,1.1600000000000001,1.1600000000000001,False,True,527.4,58.583999999999996,1.0,1.0,1.0,0.9999999999999999,0.9999999999999998,0.9999999999999964,0.9999999999999959,0.9999999999999162,0.9999999999999047,0.9999999999983304,0.9999999999981155,0.9999999999718007,0.999999999968389,0.9999999995959176,0.999999999550117,138.58039215686273,-137.42039215686273,-117.15666666666668,213,760,,,,,,,,,,,,,,,
7794,Chris Evans,RB,,,660.9,999.0,,,18.0,,,,,,,,,,,,0.0,chrisevans,22797.0,00-0036857,878.0,637.0,215.0,422.0,852.0,15.0,RB221,,Chris Evans,,,,,,,,,,,27.0,4.0,,0.0,191.0,1.1600000000000001,1.1600000000000001,False,True,662.0,73.39,1.0,1.0,1.0,1.0,1.0,0.9999999999999996,0.9999999999999996,0.9999999999999941,0.9999999999999936,0.9999999999999276,0.9999999999999198,0.9999999999991969,0.9999999999991142,0.9999999999919695,0.999999999991181,138.58039215686273,-137.42039215686273,-117.15666666666668,214,761,,,,,,,,,,,,,,,
7593,Trey Sermon,RB,ATL,,649.0,999.0,,,18.0,,,,,,,,,,,,0.0,treysermon,19425.0,00-0036984,608.0,497.25,193.12,189.0,670.0,13.0,RB159,11.0,Trey Sermon,,,,3.0,0.0,0.0,0.0,0.0,IR,Undisclosed,27.0,5.0,3.0,0.0,142.0,1.1600000000000001,1.1600000000000001,False,True,522.25,58.0175,1.0,1.0,1.0,0.9999999999999999,0.9999999999999998,0.999999999999996,0.9999999999999956,0.999999999999905,0.9999999999998919,0.9999999999980653,0.9999999999978144,0.9999999999667182,0.9999999999626656,0.9999999995158037,0.9999999994606192,138.58039215686273,-137.42039215686273,-117.15666666666668,215,762,,,,,,,,,,,,,,,
7537,Jaret Patterson,RB,,,677.0,999.0,,,18.0,,,,,,,,,,,,0.0,jaretpatterson,20155.0,00-0036755,728.0,583.67,86.2,485.0,695.0,14.0,RB181,,Jaret Patterson,,,,6.0,24.2,4.033333333333333,4.0,41.0,,,26.0,5.0,,0.0,167.0,1.1600000000000001,1.1600000000000001,False,True,608.67,67.52369999999999,1.0,1.0,1.0,1.0,1.0,0.9999999999999991,0.999999999999999,0.9999999999999851,0.9999999999999833,0.9999999999997828,0.9999999999997577,0.9999999999971905,0.9999999999968826,0.9999999999678872,0.9999999999645517,138.58039215686273,-137.42039215686273,-117.15666666666668,216,763,,,,,,,,,,,,,,,
7064,Darrynton Evans,RB,,,696.0,999.0,,,18.0,,,,,,,,,,,,0.0,darryntonevans,19418.0,00-0036297,778.0,628.67,169.19,400.0,804.0,14.0,RB197,,Darrynton Evans,,,,,,,,,,,27.0,5.0,,0.0,189.0,1.1600000000000001,1.1600000000000001,False,True,653.67,72.4737,1.0,1.0,1.0,1.0,1.0,0.9999999999999996,0.9999999999999994,0.9999999999999933,0.9999999999999925,0.999999999999915,0.9999999999999059,0.9999999999990346,0.9999999999989342,0.9999999999901499,0.9999999999891742,138.58039215686273,-137.42039215686273,-117.15666666666668,217,764,,,,,,,,,,,,,,,
6931,DeeJay Dallas,RB,MIN,,677.3,999.0,,,18.0,,,,,,,,,,,,0.0,deejaydallas,19521.0,00-0036425,595.0,563.2,72.65,449.0,664.0,13.0,RB155,6.0,DeeJay Dallas,,,,5.0,2.1,0.42000000000000004,1.0,3.0,,,27.0,6.0,,0.0,162.0,1.1600000000000001,1.1600000000000001,False,True,588.2,65.272,1.0,1.0,1.0,1.0,1.0,0.9999999999999988,0.9999999999999987,0.999999999999978,0.9999999999999752,0.9999999999996533,0.9999999999996122,0.9999999999952218,0.9999999999946851,0.9999999999423279,0.9999999999362047,138.58039215686273,-137.42039215686273,-117.15666666666668,218,765,,,,,,,,,,,,,,,
5536,Dontrell Hilliard,RB,,,999.0,999.0,,,18.0,,,,,,,,,,,,0.0,dontrellhilliard,18037.0,00-0034253,893.0,662.0,209.0,453.0,871.0,15.0,RB225,,Dontrell Hilliard,,,,,,,,,,,28.0,5.0,,0.0,201.0,1.1600000000000001,1.1600000000000001,False,True,687.0,76.14,1.0,1.0,1.0,1.0,1.0,0.9999999999999997,0.9999999999999997,0.999999999999996,0.9999999999999956,0.9999999999999545,0.9999999999999498,0.999999999999527,0.9999999999994797,0.9999999999955407,0.9999999999951141,138.58039215686273,-137.42039215686273,-117.15666666666668,219,766,,,,,,,,,,,,,,,
4111,D'Onta Foreman,RB,,,631.5,999.0,,,18.0,,,,,,,,,,,,0.0,dontaforeman,16407.0,00-0033925,759.0,610.0,132.34,445.0,769.0,14.0,RB193,,D'Onta Foreman,,,,,,,,,,,28.0,8.0,,0.0,181.0,1.1600000000000001,1.1600000000000001,False,True,635.0,70.41999999999999,1.0,1.0,1.0,1.0,1.0,0.9999999999999993,0.9999999999999993,0.9999999999999908,0.9999999999999898,0.9999999999998763,0.9999999999998626,0.9999999999985194,0.9999999999983621,0.9999999999841811,0.9999999999825833,138.58039215686273,-137.42039215686273,-117.15666666666668,220,767,,,,,,,,,,,,,,,
3312,Jonathan Williams,RB,,,629.2,999.0,,,18.0,,,,,,,,,,,,0.0,jonathanwilliams,15611.0,00-0032975,733.0,588.33,186.86,333.0,775.0,14.0,RB184,,Jonathan Williams,,,,,,,,,,,30.0,8.0,,0.0,172.0,1.1600000000000001,1.1600000000000001,False,True,613.33,68.0363,1.0,1.0,1.0,1.0,1.0,0.9999999999999991,0.9999999999999991,0.9999999999999865,0.9999999999999848,0.999999999999804,0.9999999999997815,0.9999999999975,0.9999999999972276,0.9999999999717708,0.9999999999688531,138.58039215686273,-137.42039215686273,-117.15666666666668,221,768,,,,,,,,,,,,,,,
14041,Anderson Castle,RB,IND,,624.0,999.0,,,18.0,,,,,,,,,,,,0.0,andersoncastle,,,919.0,748.5,101.5,647.0,850.0,16.0,RB230,13.0,Anderson Castle,,,,,,,,,,,,0.0,,0.0,217.0,1.1600000000000001,1.1600000000000001,False,True,773.5,85.65499999999999,1.0,1.0,1.0,1.0,1.0,0.9999999999999999,0.9999999999999999,0.9999999999999988,0.9999999999999987,0.9999999999999887,0.9999999999999877,0.9999999999999045,0.9999999999998959,0.9999999999992522,0.9999999999991865,138.58039215686273,-137.42039215686273,-117.15666666666668,222,769,,,,,,,,,,,,,,,
13844,Coleman Bennett,RB,,,485.0,999.0,,,18.0,,,,,,,,,,,,0.0,colemanbennett,,,744.0,685.75,126.66,525.0,819.0,14.0,RB188,,Coleman Bennett,,,,,,,,,,,,0.0,,0.0,207.0,1.1600000000000001,1.1600000000000001,False,True,710.75,78.7525,1.0,1.0,1.0,1.0,1.0,0.9999999999999998,0.9999999999999998,0.9999999999999971,0.9999999999999969,0.9999999999999699,0.9999999999999669,0.9999999999997053,0.9999999999996767,0.9999999999973666,0.9999999999971207,138.58039215686273,-137.42039215686273,-117.15666666666668,223,770,,,,,,,,,,,,,,,
13780,Terion Stewart,RB,,,637.1,999.0,,,18.0,,,,,,,,,,,,0.0,terionstewart,28111.0,,764.0,616.0,192.64,363.0,830.0,14.0,RB195,,Terion Stewart,,,,,,,,,,,24.0,0.0,,0.0,184.0,1.1600000000000001,1.1600000000000001,False,True,641.0,71.08,1.0,1.0,1.0,1.0,1.0,0.9999999999999994,0.9999999999999993,0.9999999999999917,0.9999999999999907,0.9999999999998906,0.9999999999998785,0.9999999999987125,0.9999999999985766,0.9999999999864484,0.9999999999850882,138.58039215686273,-137.42039215686273,-117.15666666666668,224,771,,,,,,,,,,,,,,,
13725,Dominic Richardson,RB,,,471.2,999.0,,,18.0,,,,,,,,,,,,0.0,dominicrichardson,,00-0040937,886.0,754.33,108.48,604.0,856.0,15.0,RB222,,Dominic Richardson,,,,,,,,,Questionable,Undisclosed,25.0,0.0,,0.0,218.0,1.1600000000000001,1.1600000000000001,False,True,779.33,86.2963,1.0,1.0,1.0,1.0,1.0,0.9999999999999999,0.9999999999999999,0.9999999999999989,0.9999999999999987,0.9999999999999896,0.9999999999999887,0.9999999999999134,0.9999999999999055,0.9999999999993288,0.9999999999992703,138.58039215686273,-137.42039215686273,-117.15666666666668,225,772,,,,,,,,,,,,,,,
12797,Ahmani Marshall,RB,CAR,,473.5,999.0,,,18.0,,,,,,,,,,,,0.0,ahmanimarshall,,00-0040260,898.0,666.0,167.0,499.0,833.0,15.0,RB227,5.0,Ahmani Marshall,,,,,,,,,,,24.0,1.0,,0.0,202.0,1.1600000000000001,1.1600000000000001,False,True,691.0,76.58,1.0,1.0,1.0,1.0,1.0,0.9999999999999998,0.9999999999999997,0.9999999999999962,0.9999999999999958,0.9999999999999576,0.9999999999999533,0.9999999999995641,0.9999999999995207,0.9999999999959279,0.9999999999955399,138.58039215686273,-137.42039215686273,-117.15666666666668,226,773,,,,,,,,,,,,,,,
13554,CJ Williams,WR,JAX,687.7,999.0,999.0,,,18.0,,,,,,,,,,,,0.0,cjwilliams,24366.0,00-0041106,576.0,545.4,158.45,340.0,799.0,13.0,WR197,7.0,CJ Williams,,,,,,,,,,,22.0,0.0,9.0,0.0,205.0,1.5333333333333334,1.5333333333333334,False,False,687.7,76.217,1.0,1.0,1.0,1.0,1.0,0.9999999999999997,0.9999999999999997,0.999999999999996,0.9999999999999957,0.9999999999999551,0.9999999999999504,0.9999999999995338,0.9999999999994872,0.9999999999956113,0.9999999999951917,138.98333333333332,-137.45,-135.9,231,774,,,,,,,,,,,,,,,
6820,Clyde Edwards-Helaire,RB,,657.3,999.0,999.0,0.8,0.8,18.0,,,,2.0,8.0,,,,,,,0.8,clydeedwardshelaire,19325.0,00-0036360,794.0,653.33,162.44,442.0,837.0,15.0,RB205,,Clyde Edwards-Helaire,,,,2.0,3.2,1.6,2.0,7.0,,,26.0,6.0,,0.8,199.0,1.1600000000000001,0.9800000000000001,False,False,657.3,72.87299999999999,1.0,1.0,1.0,1.0,1.0,0.9999999999999996,0.9999999999999996,0.9999999999999937,0.9999999999999929,0.9999999999999208,0.9999999999999123,0.9999999999991094,0.9999999999990172,0.9999999999909934,0.9999999999901047,138.58039215686273,-137.60039215686274,-117.33666666666667,227,775,,,,,,,,,,,,,,,
13101,Gage Larvadain,WR,,,648.0,999.0,1.4,1.9,18.0,,,,,,,1.0,,9.0,,,1.4,gagelarvadain,27829.0,00-0040259,815.0,687.0,159.54,525.0,904.0,15.0,WR268,,Gage Larvadain,,,,13.0,10.9,0.8384615384615385,14.0,1.0,,,24.0,1.0,,1.4,258.0,0.44000000000000017,0.92,False,True,712.0,78.89,1.0,1.0,1.0,1.0,1.0,0.9999999999999998,0.9999999999999998,0.9999999999999972,0.9999999999999969,0.9999999999999705,0.9999999999999676,0.9999999999997125,0.9999999999996844,0.9999999999974365,0.9999999999971974,138.98333333333332,-138.06333333333333,-136.51333333333335,232,776,,,,,,,,,,,,,,,
2750,DeAndre Carter,WR,,,999.0,999.0,1.3,1.8,18.0,,,,2.0,11.0,,1.0,,17.0,,1.0,1.3000000000000003,deandrecarter,14103.0,00-0031763,802.0,737.75,191.6,501.0,940.0,15.0,WR264,,DeAndre Carter,,,,4.0,0.0,0.0,0.0,0.0,,,32.0,11.0,,1.3000000000000003,278.0,0.44000000000000017,0.8700000000000002,False,True,762.75,84.4725,1.0,1.0,1.0,1.0,1.0,0.9999999999999999,0.9999999999999998,0.9999999999999987,0.9999999999999984,0.9999999999999868,0.9999999999999856,0.9999999999998856,0.999999999999875,0.9999999999990838,0.9999999999990026,138.98333333333332,-138.11333333333332,-136.56333333333333,233,777,,,,,,,,,,,,,,,
5917,Mecole Hardman,WR,,623.0,649.3,999.0,,,18.0,,,,,,,,,,,,0.0,mecolehardman,18587.0,00-0035140,584.0,549.6,153.57,390.0,843.0,13.0,WR200,,Mecole Hardman Jr.,,,,2.0,0.0,0.0,1.0,0.0,,,28.0,7.0,,0.0,208.0,0.8000000000000002,0.8000000000000002,False,False,623.0,69.1,1.0,1.0,1.0,1.0,1.0,0.9999999999999993,0.9999999999999991,0.9999999999999887,0.9999999999999872,0.999999999999841,0.999999999999823,0.9999999999980287,0.9999999999978162,0.9999999999782878,0.9999999999760666,138.98333333333332,-138.1833333333333,-136.63333333333333,234,778,,,,,,,,,,,,,,,
8756,Brandon Johnson,WR,PIT,,632.8,999.0,,,18.0,,,,,,,,,,,,0.0,brandonjohnson,24233.0,00-0037382,709.0,551.33,244.86,239.0,837.0,14.0,WR237,9.0,Brandon Johnson,,,,,,,,,,,28.0,4.0,,0.0,210.0,0.6000000000000001,0.6000000000000001,False,True,576.33,63.966300000000004,1.0,1.0,1.0,1.0,1.0,0.9999999999999984,0.9999999999999983,0.999999999999972,0.9999999999999685,0.9999999999995393,0.9999999999994837,0.9999999999934047,0.9999999999926534,0.9999999999177778,0.999999999908936,138.98333333333332,-138.38333333333333,-136.83333333333334,235,779,,,,,,,,,,,,,,,
13412,Kendrick Law,WR,DET,,321.0,999.0,,,18.0,,,,,,,,,,,,0.0,kendricklaw,26044.0,00-0041446,585.0,550.2,172.54,320.0,841.0,13.0,WR201,6.0,Kendrick Law,,,,,,,,,IR,Knee - ACL,23.0,0.0,8.0,0.0,209.0,0.6000000000000001,0.6000000000000001,False,True,575.2,63.842000000000006,1.0,1.0,1.0,1.0,1.0,0.9999999999999984,0.9999999999999982,0.9999999999999714,0.9999999999999676,0.9999999999995263,0.9999999999994692,0.9999999999931953,0.9999999999924191,0.999999999914903,0.999999999905741,138.98333333333332,-138.38333333333333,-136.83333333333334,236,780,,,,,,,,,,,,,,,
6290,Scotty Miller,WR,CHI,549.4,697.5,999.0,,,18.0,,,,,,,,,,,,0.0,scottymiller,18714.0,00-0035298,589.0,554.2,149.65,379.0,811.0,13.0,WR202,10.0,Scotty Miller,,,,5.0,10.7,2.1399999999999997,14.0,0.0,,,29.0,7.0,,0.0,211.0,0.5666666666666668,0.5666666666666668,False,False,549.4,61.004,1.0,1.0,1.0,0.9999999999999999,0.9999999999999999,0.9999999999999976,0.9999999999999973,0.9999999999999498,0.9999999999999432,0.9999999999990865,0.9999999999989724,0.9999999999857055,0.9999999999840227,0.9999999998078137,0.9999999997865392,138.98333333333332,-138.41666666666666,-136.86666666666667,237,781,,,,,,,,,,,,,,,
5096,Ray-Ray McCloud,WR,,675.5,999.0,999.0,,,18.0,,,,,,,,,,,,0.0,rayraymccloud,17530.0,00-0034407,638.0,555.25,240.77,315.0,868.0,13.0,WR218,,Ray-Ray McCloud III,,,,6.0,10.4,1.7333333333333334,15.0,0.0,Questionable,Undisclosed,29.0,8.0,,0.0,212.0,0.5500000000000002,0.5500000000000002,False,False,675.5,74.875,1.0,1.0,1.0,1.0,1.0,0.9999999999999996,0.9999999999999996,0.9999999999999953,0.9999999999999947,0.9999999999999439,0.9999999999999379,0.9999999999993991,0.9999999999993382,0.9999999999941812,0.9999999999936178,138.98333333333332,-138.4333333333333,-136.88333333333333,238,782,,,,,,,,,,,,,,,
11320,Nikko Remigio,WR,KC,498.0,999.0,999.0,0.6,0.6,18.0,,,,1.0,6.0,,,,,,,0.6000000000000001,nikkoremigio,25772.0,00-0038519,618.0,606.4,124.8,397.0,779.0,13.0,WR212,5.0,Nikko Remigio,,,,14.0,3.7,0.2642857142857143,1.0,1.0,,,26.0,3.0,6.0,0.6000000000000001,228.0,0.44000000000000017,0.5200000000000001,False,False,498.0,55.35,1.0,1.0,1.0,0.9999999999999998,0.9999999999999998,0.9999999999999936,0.9999999999999925,0.9999999999998228,0.9999999999997975,0.9999999999959932,0.9999999999954554,0.999999999924666,0.9999999999152096,0.9999999988216536,0.9999999986838544,138.98333333333332,-138.4633333333333,-136.91333333333333,239,783,,,,,,,,,,,,,,,
6957,James Proche,WR,,,999.0,999.0,0.6,0.6,18.0,,,,1.0,6.0,,,,,,,0.6000000000000001,jamesproche,19359.0,00-0036133,907.0,771.67,122.99,656.0,942.0,15.0,WR295,,James Proche II,,,,6.0,9.5,1.5833333333333333,12.0,0.0,,,29.0,6.0,,0.6000000000000001,297.0,0.44000000000000017,0.5200000000000001,False,True,796.67,88.20369999999998,1.0,1.0,1.0,1.0,1.0,0.9999999999999999,0.9999999999999999,0.9999999999999991,0.999999999999999,0.9999999999999919,0.9999999999999911,0.9999999999999345,0.9999999999999287,0.9999999999995095,0.9999999999994674,138.98333333333332,-138.4633333333333,-136.91333333333333,240,784,,,,,,,,,,,,,,,
12699,LaJohntay Wester,WR,BAL,688.9,999.0,999.0,0.5,1.0,18.0,,,,1.0,6.0,,1.0,,14.0,,1.0,0.5000000000000002,lajohntaywester,27447.0,00-0040075,631.0,622.8,118.68,429.0,782.0,13.0,WR216,13.0,LaJohntay Wester,,,,14.0,0.0,0.0,0.0,0.0,,,24.0,1.0,6.0,0.5000000000000002,231.0,0.44000000000000017,0.4700000000000002,False,False,688.9,76.34899999999999,1.0,1.0,1.0,1.0,1.0,0.9999999999999997,0.9999999999999997,0.9999999999999962,0.9999999999999958,0.999999999999956,0.9999999999999514,0.9999999999995451,0.9999999999994997,0.9999999999957295,0.9999999999953217,138.98333333333332,-138.51333333333332,-136.96333333333334,241,785,,,,,,,,,,,,,,,
12114,Joshua Cephus,WR,,239.0,684.9,999.0,,,18.0,,,,,,,,,,,,0.0,joshuacephus,26366.0,00-0039552,915.0,732.5,174.5,558.0,907.0,15.0,WR302,,Joshua Cephus,,,,,,,,,,,25.0,2.0,,0.0,275.0,0.44000000000000017,0.44000000000000017,False,False,239.0,26.86,1.0,0.9999999999999996,0.9999999999999993,0.9999999999994966,0.9999999999993406,0.9999999997756049,0.9999999997155392,0.9999999541675518,0.9999999437519695,0.9999956863445215,0.9999948734248515,0.9998113500262467,0.9997827926027685,0.9961155389916692,0.9956639974172066,138.98333333333332,-138.54333333333332,-136.99333333333334,242,786,1.0,1.0,1.0,1.0,1.0,1.0,1.0,1.0,1.0,0.999,0.999,0.998,0.998,0.995,0.995
11906,Ty James,WR,,252.0,999.0,999.0,,,18.0,,,,,,,,,,,,0.0,tyjames,26414.0,00-0039709,914.0,718.5,208.5,510.0,927.0,15.0,WR301,,Ty James,,,,,,,,,,,23.0,1.0,,0.0,271.0,0.44000000000000017,0.44000000000000017,False,False,252.0,28.29,1.0,0.9999999999999997,0.9999999999999996,0.9999999999997562,0.9999999999996839,0.999999999911656,0.9999999998887861,0.9999999841691113,0.999999980645421,0.9999985908332737,0.9999983264737433,0.9999372886933992,0.9999276313137175,0.998590988135138,0.9984192009529566,138.98333333333332,-138.54333333333332,-136.99333333333334,243,787,1.0,1.0,1.0,1.0,1.0,1.0,1.0,1.0,1.0,1.0,1.0,1.0,1.0,1.0,1.0
11615,Ainias Smith,WR,,260.5,999.0,999.0,,,18.0,,,,,,,,,,,,0.0,ainiassmith,23142.0,00-0039747,892.0,758.67,128.29,628.0,933.0,15.0,WR288,,Ainias Smith,,,,,,,,,Questionable,Undisclosed,25.0,2.0,,0.0,290.0,0.44000000000000017,0.44000000000000017,False,False,260.5,29.225,1.0,0.9999999999999998,0.9999999999999997,0.999999999999843,0.9999999999997977,0.999999999950038,0.9999999999373828,0.9999999917816996,0.9999999899787428,0.9999992987056296,0.9999991678336683,0.9999687835683302,0.9999639435051173,0.9992692134543688,0.9991780126679686,138.98333333333332,-138.54333333333332,-136.99333333333334,244,788,,,,,,,,,,,,,,,
6814,Laviska Shenault,WR,,339.0,999.0,999.0,,,18.0,,,,,,,,,,,,0.0,laviskashenault,19221.0,00-0036268,902.0,765.0,121.01,663.0,935.0,15.0,WR293,,Laviska Shenault Jr.,,,,,,,,,,,26.0,5.0,,0.0,295.0,0.44000000000000017,0.44000000000000017,False,False,339.0,37.86,1.0,1.0,1.0,0.9999999999999931,0.9999999999999916,0.9999999999991998,0.9999999999990326,0.9999999999368621,0.9999999999249025,0.999999996637983,0.9999999960660113,0.9999998789817967,0.999999860678753,0.9999970486764773,0.9999966567883458,138.98333333333332,-138.54333333333332,-136.99333333333334,245,789,,,,,,,,,,,,,,,
13343,Vinny Anthony,WR,ATL,377.0,999.0,999.0,,,18.0,,,,,,,,,,,,0.0,vinnyanthony,,00-0041185,945.0,831.5,128.5,703.0,960.0,16.0,WR319,11.0,Vinny Anthony II,,,,,,,,,,,,0.0,,0.0,307.0,0.44000000000000017,0.44000000000000017,False,False,377.0,42.04,1.0,1.0,1.0,0.9999999999999978,0.9999999999999972,0.9999999999998161,0.9999999999997807,0.9999999999892901,0.9999999999874016,0.9999999995469205,0.9999999994740594,0.9999999860584172,0.9999999840292277,0.9999996875348807,0.9999996467391019,138.98333333333332,-138.54333333333332,-136.99333333333334,246,790,,,,,,,,,,,,,,,
13760,Jaden Bradley,WR,WAS,407.6,658.5,999.0,,,18.0,,,,,,,,,,,,0.0,jadenbradley,,,957.0,899.0,59.0,840.0,958.0,16.0,WR329,7.0,Jaden Bradley,,,,,,,,,,,,0.0,,0.0,326.0,0.44000000000000017,0.44000000000000017,False,False,407.6,45.406000000000006,1.0,1.0,1.0,0.9999999999999989,0.9999999999999987,0.9999999999999329,0.999999999999921,0.9999999999968686,0.9999999999963465,0.9999999998887703,0.9999999998716942,0.9999999969937902,0.9999999965714701,0.9999999381179281,0.9999999302189909,138.98333333333332,-138.54333333333332,-136.99333333333334,247,791,,,,,,,,,,,,,,,
5102,Daurice Fountain,WR,,416.0,593.0,999.0,,,18.0,,,,,,,,,,,,0.0,dauricefountain,17519.0,00-0034395,934.0,853.67,150.65,641.0,971.0,16.0,WR313,,Daurice Fountain,,,,,,,,,,,28.0,6.0,,0.0,314.0,0.44000000000000017,0.44000000000000017,False,False,416.0,46.33,1.0,1.0,1.0,0.9999999999999991,0.9999999999999989,0.999999999999948,0.9999999999999388,0.9999999999977058,0.999999999997329,0.9999999999221796,0.9999999999103839,0.9999999979698528,0.9999999976875285,0.999999959231783,0.9999999540648017,138.98333333333332,-138.54333333333332,-136.99333333333334,248,792,,,,,,,,,,,,,,,
11802,Tejhaun Palmer,WR,,423.0,449.4,999.0,,,18.0,,,,,,,,,,,,0.0,tejhaunpalmer,26411.0,00-0039397,809.0,751.25,137.02,594.0,961.0,15.0,WR267,,Tejhaun Palmer,,,,,,,,,,,26.0,2.0,,0.0,286.0,0.44000000000000017,0.44000000000000017,False,False,423.0,47.1,1.0,1.0,1.0,0.9999999999999992,0.9999999999999991,0.9999999999999576,0.9999999999999503,0.9999999999982156,0.9999999999979262,0.9999999999417164,0.9999999999329752,0.9999999985234348,0.9999999983198409,0.9999999709623927,0.9999999673047495,138.98333333333332,-138.54333333333332,-136.99333333333334,249,793,,,,,,,,,,,,,,,
7812,Simi Fehoko,WR,ARI,426.7,999.0,999.0,,,18.0,,,,,,,,,,,,0.0,simifehoko,23196.0,00-0036646,693.0,630.5,144.78,426.0,817.0,14.0,WR230,14.0,Simi Fehoko,,,,7.0,0.0,0.0,0.0,0.0,,,28.0,5.0,8.0,0.0,235.0,0.44000000000000017,0.44000000000000017,False,False,426.7,47.507,1.0,1.0,1.0,0.9999999999999993,0.9999999999999991,0.9999999999999619,0.9999999999999554,0.9999999999984333,0.9999999999981808,0.9999999999498226,0.999999999942339,0.9999999987482437,0.9999999985764295,0.999999975656219,0.999999972600021,138.98333333333332,-138.54333333333332,-136.99333333333334,250,794,,,,,,,,,,,,,,,
12848,Josh Kelly,WR,HOU,481.6,603.0,999.0,,,18.0,,,,,,,,,,,,0.0,joshkelly,,,960.0,910.0,60.0,850.0,970.0,16.0,WR332,8.0,Josh Kelly,,,,,,,,,,,25.0,1.0,,0.0,330.0,0.44000000000000017,0.44000000000000017,False,False,481.6,53.54600000000001,1.0,1.0,1.0,0.9999999999999998,0.9999999999999998,0.9999999999999907,0.9999999999999891,0.9999999999997216,0.9999999999996807,0.9999999999932143,0.9999999999922817,0.9999999998642162,0.9999999998468161,0.9999999977676209,0.999999997502053,138.98333333333332,-138.54333333333332,-136.99333333333334,251,795,,,,,,,,,,,,,,,
11645,Javon Baker,WR,,483.3,665.9,999.0,,,18.0,,,,,,,,,,,,0.0,javonbaker,22885.0,00-0039853,908.0,773.67,123.16,657.0,944.0,15.0,WR296,,Javon Baker,,,,,,,,,,,23.0,2.0,,0.0,298.0,0.44000000000000017,0.44000000000000017,False,False,483.3,53.733000000000004,1.0,1.0,1.0,0.9999999999999998,0.9999999999999998,0.9999999999999909,0.9999999999999896,0.9999999999997347,0.9999999999996958,0.9999999999935837,0.9999999999927041,0.999999999872446,0.9999999998561355,0.9999999979137768,0.9999999976660323,138.98333333333332,-138.54333333333332,-136.99333333333334,252,796,,,,,,,,,,,,,,,
6171,Cody Thompson,WR,,492.7,539.0,999.0,,,18.0,,,,,,,,,,,,0.0,codythompson,18535.0,00-0035164,933.0,851.67,150.6,639.0,968.0,16.0,WR312,,Cody Thompson,,,,,,,,,,,29.0,6.0,,0.0,313.0,0.44000000000000017,0.44000000000000017,False,False,492.7,54.766999999999996,1.0,1.0,1.0,0.9999999999999998,0.9999999999999998,0.9999999999999927,0.9999999999999916,0.9999999999997955,0.999999999999766,0.9999999999952646,0.9999999999946242,0.9999999999091742,0.999999999897697,0.999999998556364,0.999999998386599,138.98333333333332,-138.54333333333332,-136.99333333333334,253,797,,,,,,,,,,,,,,,
5323,Equanimeous St. Brown,WR,,495.6,652.1,999.0,,,18.0,,,,,,,,,,,,0.0,equanimeousstbrown,17307.0,00-0034279,904.0,770.0,124.93,646.0,941.0,15.0,WR294,,Equanimeous St. Brown,,,,,,,,,,,28.0,7.0,,0.0,296.0,0.44000000000000017,0.44000000000000017,False,False,495.6,55.086000000000006,1.0,1.0,1.0,0.9999999999999998,0.9999999999999998,0.9999999999999931,0.9999999999999921,0.999999999999811,0.9999999999997838,0.9999999999956799,0.999999999995098,0.9999999999180406,0.9999999999077214,0.9999999987086847,0.9999999985572932,138.98333333333332,-138.54333333333332,-136.99333333333334,254,798,,,,,,,,,,,,,,,
6239,Malik Taylor,WR,,527.5,999.0,999.0,,,18.0,,,,,,,,,,,,0.0,maliktaylor,18856.0,00-0035480,817.0,690.0,167.86,488.0,899.0,15.0,WR269,,Malik Taylor,,,,,,,,,,,29.0,6.0,,0.0,259.0,0.44000000000000017,0.44000000000000017,False,False,527.5,58.595,1.0,1.0,1.0,0.9999999999999999,0.9999999999999998,0.9999999999999964,0.999999999999996,0.9999999999999163,0.999999999999905,0.9999999999983351,0.9999999999981208,0.9999999999718905,0.9999999999684901,0.9999999995973234,0.9999999995516871,138.98333333333332,-138.54333333333332,-136.99333333333334,255,799,,,,,,,,,,,,,,,
5113,Cedrick Wilson,WR,,539.0,622.9,999.0,,,18.0,,,,,,,,,,,,0.0,cedrickwilson,17262.0,00-0034418,826.0,699.67,148.74,592.0,910.0,15.0,WR270,,Cedrick Wilson Jr.,,,,6.0,6.9,1.1500000000000001,9.0,0.0,Questionable,Knee,30.0,8.0,,0.0,261.0,0.44000000000000017,0.44000000000000017,False,False,539.0,59.86,1.0,1.0,1.0,0.9999999999999999,0.9999999999999999,0.9999999999999971,0.9999999999999967,0.9999999999999363,0.9999999999999278,0.9999999999987914,0.9999999999986384,0.9999999999804017,0.9999999999780645,0.9999999997285043,0.9999999996981123,138.98333333333332,-138.54333333333332,-136.99333333333334,256,800,,,,,,,,,,,,,,,
8223,Velus Jones,WR,SEA,549.0,693.3,999.0,,,18.0,,,,,,,,,,,,0.0,velusjones,24214.0,00-0037745,601.0,576.8,174.96,339.0,862.0,13.0,WR207,11.0,Velus Jones Jr.,,,,5.0,3.2,0.64,0.0,4.0,,,29.0,4.0,,0.0,220.0,0.44000000000000017,0.44000000000000017,False,False,549.0,60.96,1.0,1.0,1.0,0.9999999999999999,0.9999999999999999,0.9999999999999976,0.9999999999999973,0.9999999999999494,0.9999999999999427,0.9999999999990767,0.9999999999989614,0.9999999999855336,0.9999999999838296,0.9999999998052795,0.9999999997837152,138.98333333333332,-138.54333333333332,-136.99333333333334,257,801,,,,,,,,,,,,,,,
8861,Irv Charles,WR,SEA,550.3,999.0,999.0,,,18.0,,,,,,,,,,,,0.0,irvcharles,24904.0,00-0037156,975.0,923.5,32.5,891.0,956.0,16.0,WR346,11.0,Irv Charles,,,,,,,,,IR,Undisclosed,29.0,4.0,5.0,0.0,337.0,0.44000000000000017,0.44000000000000017,False,False,550.3,61.102999999999994,1.0,1.0,1.0,0.9999999999999999,0.9999999999999999,0.9999999999999977,0.9999999999999973,0.9999999999999509,0.9999999999999444,0.9999999999991079,0.9999999999989967,0.9999999999860842,0.9999999999844478,0.9999999998133856,0.9999999997927479,138.98333333333332,-138.54333333333332,-136.99333333333334,258,802,,,,,,,,,,,,,,,
12829,Coleman Owen,WR,IND,565.5,244.0,999.0,,,18.0,,,,,,,,,,,,0.0,colemanowen,27621.0,00-0040352,793.0,653.0,194.58,422.0,898.0,15.0,WR259,,Coleman Owen,,,,2.0,0.0,0.0,1.0,0.0,IR,Concussion,25.0,1.0,,0.0,244.0,0.44000000000000017,0.44000000000000017,False,False,565.5,62.775,1.0,1.0,1.0,1.0,0.9999999999999999,0.9999999999999982,0.999999999999998,0.9999999999999648,0.9999999999999603,0.9999999999993973,0.9999999999993237,0.9999999999910636,0.999999999990032,0.9999999998851946,0.9999999998727043,138.98333333333332,-138.54333333333332,-136.99333333333334,259,803,,,,,,,,,,,,,,,
13313,Emmanuel Henderson,WR,SEA,566.0,999.0,999.0,,,18.0,,,,,,,,,,,,0.0,emmanuelhenderson,24379.0,00-0040895,650.0,580.5,156.39,424.0,828.0,14.0,WR223,11.0,Emmanuel Henderson Jr.,,,,,,,,,,,23.0,0.0,,0.0,221.0,0.44000000000000017,0.44000000000000017,False,False,566.0,62.83,1.0,1.0,1.0,1.0,0.9999999999999999,0.9999999999999982,0.999999999999998,0.9999999999999651,0.9999999999999607,0.9999999999994048,0.9999999999993321,0.9999999999911899,0.9999999999901735,0.9999999998869753,0.9999999998746855,138.98333333333332,-138.54333333333332,-136.99333333333334,260,804,,,,,,,,,,,,,,,
13582,Anthony Smith,WR,DAL,570.0,999.0,999.0,,,18.0,,,,,,,,,,,,0.0,anthonysmith,,00-0040900,792.0,651.67,156.17,484.0,860.0,15.0,WR258,14.0,Anthony Smith,,,,,,,,,,,24.0,0.0,,0.0,243.0,0.44000000000000017,0.44000000000000017,False,False,570.0,63.27,1.0,1.0,1.0,1.0,0.9999999999999999,0.9999999999999983,0.9999999999999981,0.999999999999968,0.9999999999999639,0.9999999999994614,0.999999999999396,0.9999999999921323,0.9999999999912292,0.9999999999001847,0.9999999998893778,138.98333333333332,-138.54333333333332,-136.99333333333334,261,805,,,,,,,,,,,,,,,
13749,Kole Wilson,WR,CLE,572.1,670.3,999.0,,,18.0,,,,,,,,,,,,0.0,kolewilson,,,972.0,933.0,49.0,884.0,982.0,16.0,WR343,11.0,Kole Wilson,,,,,,,,,,,22.0,0.0,,0.0,341.0,0.44000000000000017,0.44000000000000017,False,False,572.1,63.501000000000005,1.0,1.0,1.0,1.0,1.0,0.9999999999999984,0.9999999999999982,0.9999999999999694,0.9999999999999655,0.9999999999994887,0.9999999999994269,0.9999999999925822,0.9999999999917328,0.9999999999064384,0.9999999998963314,138.98333333333332,-138.54333333333332,-136.99333333333334,262,806,,,,,,,,,,,,,,,
11474,Dylan Drummond,WR,ATL,573.0,251.0,999.0,,,18.0,,,,,,,,,,,,0.0,dylandrummond,25912.0,00-0038953,734.0,680.25,156.68,490.0,901.0,14.0,WR243,11.0,Dylan Drummond,,,,6.0,7.7,1.2833333333333334,11.0,0.0,,,26.0,3.0,,0.0,254.0,0.44000000000000017,0.44000000000000017,False,False,573.0,63.6,1.0,1.0,1.0,1.0,1.0,0.9999999999999984,0.9999999999999982,0.99999999999997,0.9999999999999661,0.9999999999995,0.9999999999994396,0.9999999999927662,0.9999999999919389,0.9999999999089866,0.9999999998991644,138.98333333333332,-138.54333333333332,-136.99333333333334,263,807,,,,,,,,,,,,,,,
8202,Michael Woods,WR,DEN,573.5,524.3,999.0,,,18.0,,,,,,,,,,,,0.0,michaelwoods,23893.0,00-0037300,745.0,596.33,218.21,377.0,894.0,14.0,WR247,,Michael Woods II,,,,,,,,,Questionable,Leg,26.0,4.0,,0.0,223.0,0.44000000000000017,0.44000000000000017,False,False,573.5,63.655,1.0,1.0,1.0,1.0,1.0,0.9999999999999984,0.9999999999999982,0.9999999999999702,0.9999999999999665,0.9999999999995062,0.9999999999994464,0.9999999999928664,0.9999999999920509,0.9999999999103696,0.9999999999007019,138.98333333333332,-138.54333333333332,-136.99333333333334,264,808,,,,,,,,,,,,,,,
13392,Jeff Caldwell,WR,KC,574.5,679.4,999.0,,,18.0,,,,,,,,,,,,0.0,jeffcaldwell,28425.0,00-0040953,692.0,628.5,225.99,345.0,905.0,14.0,WR229,5.0,Jeff Caldwell,,,,,,,,,IR,Knee,23.0,0.0,8.0,0.0,234.0,0.44000000000000017,0.44000000000000017,False,False,574.5,63.765,1.0,1.0,1.0,1.0,1.0,0.9999999999999984,0.9999999999999982,0.9999999999999709,0.9999999999999671,0.9999999999995182,0.99999999999946,0.999999999993062,0.9999999999922697,0.9999999999130673,0.9999999999037006,138.98333333333332,-138.54333333333332,-136.99333333333334,265,809,,,,,,,,,,,,,,,
12865,AJ Henning,WR,MIA,577.0,686.6,999.0,,,18.0,,,,,,,,,,,,0.0,ajhenning,,,890.0,758.0,204.45,474.0,947.0,15.0,WR287,,AJ Henning,,,,,,,,,,,24.0,1.0,,0.0,289.0,0.44000000000000017,0.44000000000000017,False,False,577.0,64.03999999999999,1.0,1.0,1.0,1.0,1.0,0.9999999999999986,0.9999999999999983,0.9999999999999724,0.9999999999999689,0.9999999999995466,0.9999999999994922,0.9999999999935254,0.9999999999927885,0.9999999999194321,0.9999999999107745,138.98333333333332,-138.54333333333332,-136.99333333333334,266,810,,,,,,,,,,,,,,,
13830,Kyle Dixon,WR,NE,580.4,630.0,999.0,,,18.0,,,,,,,,,,,,0.0,kyledixon,,,970.0,930.5,52.5,878.0,983.0,16.0,WR341,11.0,Kyle Dixon,,,,,,,,,,,25.0,0.0,,0.0,340.0,0.44000000000000017,0.44000000000000017,False,False,580.4,64.414,1.0,1.0,1.0,1.0,1.0,0.9999999999999987,0.9999999999999984,0.9999999999999742,0.9999999999999709,0.9999999999995826,0.9999999999995325,0.9999999999941019,0.9999999999934334,0.9999999999272866,0.9999999999195015,138.98333333333332,-138.54333333333332,-136.99333333333334,267,811,,,,,,,,,,,,,,,
13011,Brennan Presley,WR,LAR,585.5,646.5,999.0,,,18.0,,,,,,,,,,,,0.0,brennanpresley,27769.0,00-0040597,951.0,895.5,70.5,825.0,966.0,16.0,WR324,11.0,Brennan Presley,,,,,,,,,,,24.0,1.0,,0.0,324.0,0.44000000000000017,0.44000000000000017,False,False,585.5,64.975,1.0,1.0,1.0,1.0,1.0,0.9999999999999987,0.9999999999999986,0.9999999999999767,0.9999999999999738,0.9999999999996304,0.9999999999995866,0.9999999999948632,0.9999999999942846,0.9999999999375453,0.9999999999308953,138.98333333333332,-138.54333333333332,-136.99333333333334,268,812,,,,,,,,,,,,,,,
13905,Omari Evans,WR,KC,589.4,461.1,999.0,,,18.0,,,,,,,,,,,,0.0,omarievans,,,950.0,885.5,57.5,828.0,943.0,16.0,WR323,5.0,Omari Evans,,,,,,,,,,,22.0,0.0,,0.0,321.0,0.44000000000000017,0.44000000000000017,False,False,589.4,65.404,1.0,1.0,1.0,1.0,1.0,0.9999999999999988,0.9999999999999987,0.9999999999999785,0.9999999999999758,0.9999999999996629,0.999999999999623,0.9999999999953721,0.9999999999948532,0.9999999999443238,0.9999999999384201,138.98333333333332,-138.54333333333332,-136.99333333333334,269,813,,,,,,,,,,,,,,,
6598,Trenton Irwin,WR,,590.8,482.0,999.0,,,18.0,,,,,,,,,,,,0.0,trentonirwin,18726.0,00-0035341,849.0,716.0,130.13,621.0,900.0,15.0,WR276,,Trenton Irwin,,,,,,,,,,,30.0,7.0,,0.0,270.0,0.44000000000000017,0.44000000000000017,False,False,590.8,65.55799999999999,1.0,1.0,1.0,1.0,1.0,0.9999999999999989,0.9999999999999987,0.9999999999999791,0.9999999999999765,0.9999999999996738,0.9999999999996353,0.999999999995541,0.9999999999950419,0.9999999999465574,0.9999999999408992,138.98333333333332,-138.54333333333332,-136.99333333333334,270,814,,,,,,,,,,,,,,,
8414,Britain Covey,WR,PHI,595.7,999.0,999.0,,,18.0,,,,,,,,,,,,0.0,britaincovey,24234.0,00-0037132,843.0,712.0,124.72,614.0,888.0,15.0,WR273,10.0,Britain Covey,,,,6.0,3.0,0.5,4.0,0.0,,,29.0,4.0,,0.0,267.0,0.44000000000000017,0.44000000000000017,False,False,595.7,66.097,1.0,1.0,1.0,1.0,1.0,0.9999999999999989,0.9999999999999988,0.999999999999981,0.9999999999999787,0.9999999999997089,0.9999999999996747,0.9999999999960805,0.9999999999956444,0.9999999999536369,0.9999999999487538,138.98333333333332,-138.54333333333332,-136.99333333333334,271,815,,,,,,,,,,,,,,,
11633,Jamari Thrash,WR,CLE,596.5,497.4,999.0,,,18.0,,,,,,,,,,,,0.0,jamarithrash,26162.0,00-0039379,617.0,605.4,153.4,384.0,857.0,13.0,WR211,11.0,Jamari Thrash,,,,8.0,15.700000000000001,1.9625000000000001,15.0,0.0,IR,Undisclosed,25.0,2.0,7.0,0.0,226.0,0.44000000000000017,0.44000000000000017,False,False,596.5,66.18499999999999,1.0,1.0,1.0,1.0,1.0,0.9999999999999989,0.9999999999999988,0.9999999999999813,0.999999999999979,0.9999999999997142,0.9999999999996807,0.9999999999961615,0.9999999999957347,0.999999999954692,0.9999999999499243,138.98333333333332,-138.54333333333332,-136.99333333333334,272,816,,,,,,,,,,,,,,,
13770,J. Michael Sturdivant,WR,GB,601.3,683.9,999.0,,,18.0,,,,,,,,,,,,0.0,jmichaelsturdivant,26139.0,00-0040948,721.0,575.0,151.12,408.0,774.0,14.0,WR241,11.0,J. Michael Sturdivant,,,,,,,,,,,24.0,0.0,9.0,0.0,218.0,0.44000000000000017,0.44000000000000017,False,False,601.3,66.713,1.0,1.0,1.0,1.0,1.0,0.999999999999999,0.9999999999999989,0.9999999999999829,0.9999999999999809,0.9999999999997438,0.999999999999714,0.9999999999966103,0.9999999999962357,0.9999999999604969,0.9999999999563614,138.98333333333332,-138.54333333333332,-136.99333333333334,273,817,,,,,,,,,,,,,,,
13663,Wesley Grimes,WR,SF,607.8,999.0,999.0,,,18.0,,,,,,,,,,,,0.0,wesleygrimes,,,971.0,935.0,52.0,883.0,987.0,16.0,WR342,8.0,Wesley Grimes,,,,,,,,,,,22.0,0.0,,0.0,342.0,0.44000000000000017,0.44000000000000017,False,False,607.8,67.42799999999998,1.0,1.0,1.0,1.0,1.0,0.9999999999999991,0.999999999999999,0.9999999999999849,0.9999999999999831,0.9999999999997786,0.9999999999997531,0.9999999999971281,0.999999999996813,0.9999999999670994,0.9999999999636788,138.98333333333332,-138.54333333333332,-136.99333333333334,274,818,,,,,,,,,,,,,,,
13962,Cameron Dorner,WR,NE,608.5,697.2,999.0,,,18.0,,,,,,,,,,,,0.0,camerondorner,,,969.0,927.0,54.0,873.0,981.0,16.0,WR340,11.0,Cameron Dorner,,,,,,,,,,,,0.0,,0.0,339.0,0.44000000000000017,0.44000000000000017,False,False,608.5,67.505,1.0,1.0,1.0,1.0,1.0,0.9999999999999991,0.999999999999999,0.9999999999999851,0.9999999999999833,0.999999999999782,0.9999999999997569,0.9999999999971785,0.9999999999968692,0.9999999999677349,0.9999999999643829,138.98333333333332,-138.54333333333332,-136.99333333333334,275,819,,,,,,,,,,,,,,,
13670,Harrison Wallace,WR,ARI,614.7,688.3,999.0,,,18.0,,,,,,,,,,,,0.0,harrisonwallace,,00-0041368,973.0,935.5,49.5,886.0,985.0,16.0,WR344,14.0,Harrison Wallace III,,,,,,,,,,,23.0,0.0,,0.0,343.0,0.44000000000000017,0.44000000000000017,False,False,614.7,68.187,1.0,1.0,1.0,1.0,1.0,0.9999999999999991,0.9999999999999991,0.9999999999999867,0.9999999999999851,0.9999999999998098,0.9999999999997881,0.9999999999975837,0.9999999999973208,0.9999999999728123,0.9999999999700063,138.98333333333332,-138.54333333333332,-136.99333333333334,276,820,,,,,,,,,,,,,,,
10234,Derius Davis,WR,LAC,615.3,999.0,999.0,-0.9,-0.9,18.0,,,,2.0,11.0,,,,,,1.0,-0.8999999999999999,deriusdavis,25334.0,00-0038573,592.0,557.0,113.51,408.0,713.0,13.0,WR204,7.0,Derius Davis,,,,11.0,2.5,0.22727272727272727,3.0,2.0,,,25.0,3.0,6.0,-0.8999999999999999,213.0,0.44000000000000017,0.44000000000000017,False,False,615.3,68.25299999999999,1.0,1.0,1.0,1.0,1.0,0.9999999999999991,0.9999999999999991,0.9999999999999869,0.9999999999999853,0.9999999999998124,0.9999999999997908,0.9999999999976193,0.9999999999973606,0.9999999999732552,0.9999999999704967,138.98333333333332,-138.54333333333332,-136.99333333333334,277,821,,,,,,,,,,,,,,,
11311,Jason Brownlee,WR,,620.1,999.0,999.0,,,18.0,,,,,,,,,,,,0.0,jasonbrownlee,25754.0,00-0038492,789.0,726.25,134.81,584.0,929.0,15.0,WR257,,Jason Brownlee,,,,3.0,0.0,0.0,1.0,0.0,,,27.0,3.0,,0.0,273.0,0.44000000000000017,0.44000000000000017,False,False,620.1,68.78099999999999,1.0,1.0,1.0,1.0,1.0,0.9999999999999992,0.9999999999999991,0.999999999999988,0.9999999999999866,0.9999999999998308,0.9999999999998116,0.9999999999978845,0.9999999999976557,0.9999999999765259,0.9999999999741171,138.98333333333332,-138.54333333333332,-136.99333333333334,278,822,,,,,,,,,,,,,,,
5199,Byron Pringle,WR,,622.3,667.1,999.0,,,18.0,,,,,,,,,,,,0.0,byronpringle,17739.0,00-0034297,884.0,751.33,125.76,635.0,926.0,15.0,WR286,,Byron Pringle,,,,,,,,,,,30.0,6.0,,0.0,287.0,0.44000000000000017,0.44000000000000017,False,False,622.3,69.02299999999998,1.0,1.0,1.0,1.0,1.0,0.9999999999999993,0.9999999999999991,0.9999999999999885,0.9999999999999871,0.9999999999998386,0.9999999999998204,0.9999999999979948,0.9999999999977787,0.9999999999778761,0.9999999999756113,138.98333333333332,-138.54333333333332,-136.99333333333334,279,823,,,,,,,,,,,,,,,
5374,Justin Watson,WR,,631.3,695.2,999.0,,,18.0,,,,,,,,,,,,0.0,justinwatson,17603.0,00-0034386,795.0,657.0,165.17,499.0,885.0,15.0,WR260,,Justin Watson,,,,3.0,4.5,1.5,4.0,0.0,,,30.0,8.0,,0.0,247.0,0.44000000000000017,0.44000000000000017,False,False,631.3,70.01299999999999,1.0,1.0,1.0,1.0,1.0,0.9999999999999993,0.9999999999999993,0.9999999999999902,0.999999999999989,0.9999999999998666,0.9999999999998516,0.9999999999983844,0.9999999999982119,0.9999999999825768,0.99999999998081,138.98333333333332,-138.54333333333332,-136.99333333333334,280,824,,,,,,,,,,,,,,,
13621,Dillon Bell,WR,MIN,633.0,999.0,999.0,,,18.0,,,,,,,,,,,,0.0,dillonbell,28140.0,00-0041342,874.0,740.67,207.1,451.0,923.0,15.0,WR280,6.0,Dillon Bell,,,,,,,,,,,22.0,0.0,,0.0,279.0,0.44000000000000017,0.44000000000000017,False,False,633.0,70.19999999999999,1.0,1.0,1.0,1.0,1.0,0.9999999999999993,0.9999999999999993,0.9999999999999905,0.9999999999999893,0.9999999999998712,0.9999999999998568,0.999999999998448,0.9999999999982827,0.9999999999833351,0.9999999999816482,138.98333333333332,-138.54333333333332,-136.99333333333334,281,825,,,,,,,,,,,,,,,
2325,Nelson Agholor,WR,,641.5,999.0,999.0,,,18.0,,,,,,,,,,,,0.0,nelsonagholor,13969.0,00-0031549,921.0,821.33,162.88,591.0,939.0,16.0,WR306,,Nelson Agholor,,,,,,,,,,,31.0,10.0,,0.0,305.0,0.44000000000000017,0.44000000000000017,False,False,641.5,71.13499999999999,1.0,1.0,1.0,1.0,1.0,0.9999999999999994,0.9999999999999993,0.9999999999999918,0.9999999999999908,0.9999999999998916,0.9999999999998798,0.9999999999987272,0.999999999998593,0.9999999999866206,0.9999999999852784,138.98333333333332,-138.54333333333332,-136.99333333333334,282,826,,,,,,,,,,,,,,,
5773,KhaDarel Hodge,WR,SF,644.5,999.0,999.0,,,18.0,,,,,,,,,,,,0.0,khadarelhodge,18166.0,00-0034854,691.0,627.0,166.61,395.0,866.0,14.0,WR228,8.0,KhaDarel Hodge,,,,8.0,4.6,0.575,10.0,0.0,,,31.0,8.0,,0.0,233.0,0.44000000000000017,0.44000000000000017,False,False,644.5,71.46499999999999,1.0,1.0,1.0,1.0,1.0,0.9999999999999994,0.9999999999999993,0.9999999999999922,0.9999999999999913,0.9999999999998981,0.9999999999998869,0.9999999999988121,0.9999999999986872,0.9999999999876044,0.9999999999863647,138.98333333333332,-138.54333333333332,-136.99333333333334,283,827,,,,,,,,,,,,,,,
12756,Stephen Gosnell,WR,BUF,645.3,589.1,999.0,,,18.0,,,,,,,,,,,,0.0,stephengosnell,,,965.0,917.0,61.0,856.0,978.0,16.0,WR336,7.0,Stephen Gosnell,,,,,,,,,,,24.0,1.0,,0.0,334.0,0.44000000000000017,0.44000000000000017,False,False,645.3,71.55299999999998,1.0,1.0,1.0,1.0,1.0,0.9999999999999994,0.9999999999999993,0.9999999999999922,0.9999999999999913,0.9999999999998996,0.9999999999998886,0.9999999999988336,0.999999999998711,0.999999999987853,0.9999999999866392,138.98333333333332,-138.54333333333332,-136.99333333333334,284,828,,,,,,,,,,,,,,,
13645,Michael Wortham,WR,JAX,646.3,618.7,999.0,,,18.0,,,,,,,,,,,,0.0,michaelwortham,,,774.0,624.33,233.02,317.0,881.0,14.0,WR255,7.0,Michael Wortham,,,,,,,,,,,,0.0,,0.0,232.0,0.44000000000000017,0.44000000000000017,False,False,646.3,71.66299999999998,1.0,1.0,1.0,1.0,1.0,0.9999999999999996,0.9999999999999993,0.9999999999999925,0.9999999999999916,0.9999999999999016,0.9999999999998909,0.9999999999988598,0.9999999999987403,0.9999999999881561,0.999999999986974,138.98333333333332,-138.54333333333332,-136.99333333333334,285,829,,,,,,,,,,,,,,,
4080,Zay Jones,WR,,647.4,643.0,999.0,,,18.0,,,,,,,,,,,,0.0,zayjones,16431.0,00-0033891,697.0,641.0,192.4,408.0,895.0,14.0,WR232,,Zay Jones,,,,6.0,24.3,4.05,18.0,0.0,,,31.0,9.0,,0.0,237.0,0.44000000000000017,0.44000000000000017,False,False,647.4,71.78399999999999,1.0,1.0,1.0,1.0,1.0,0.9999999999999996,0.9999999999999994,0.9999999999999926,0.9999999999999917,0.9999999999999039,0.9999999999998932,0.999999999998888,0.9999999999987716,0.9999999999884801,0.9999999999873315,138.98333333333332,-138.54333333333332,-136.99333333333334,286,830,,,,,,,,,,,,,,,
12889,Beaux Collins,WR,ATL,647.9,679.9,999.0,,,18.0,,,,,,,,,,,,0.0,beauxcollins,22925.0,00-0040432,704.0,650.0,192.19,411.0,890.0,14.0,WR234,11.0,Beaux Collins,,,,4.0,3.5,0.875,6.0,0.0,IR,Undisclosed,23.0,1.0,8.0,0.0,240.0,0.44000000000000017,0.44000000000000017,False,False,647.9,71.83899999999998,1.0,1.0,1.0,1.0,1.0,0.9999999999999996,0.9999999999999994,0.9999999999999927,0.9999999999999918,0.9999999999999047,0.9999999999998943,0.9999999999989007,0.9999999999987855,0.999999999988624,0.9999999999874905,138.98333333333332,-138.54333333333332,-136.99333333333334,287,831,,,,,,,,,,,,,,,
6943,Gabe Davis,WR,,649.8,479.8,999.0,,,18.0,,,,,,,,,,,,0.0,gabedavis,19398.0,00-0036196,844.0,712.33,111.88,577.0,851.0,15.0,WR274,,Gabe Davis,,,,6.0,24.9,4.1499999999999995,18.0,0.0,Questionable,Knee - ACL,26.0,6.0,,0.0,268.0,0.44000000000000017,0.44000000000000017,False,False,649.8,72.04799999999999,1.0,1.0,1.0,1.0,1.0,0.9999999999999996,0.9999999999999994,0.9999999999999929,0.999999999999992,0.9999999999999083,0.9999999999998983,0.9999999999989468,0.9999999999988369,0.9999999999891535,0.9999999999880748,138.98333333333332,-138.54333333333332,-136.99333333333334,288,832,,,,,,,,,,,,,,,
11306,Xavier Gipson,WR,,650.4,531.0,999.0,,,18.0,,,,,,,,,,,,0.0,xaviergipson,25758.0,00-0038496,911.0,781.67,122.6,679.0,954.0,15.0,WR298,,Xavier Gipson,,,,6.0,1.6,0.26666666666666666,2.0,0.0,,,25.0,3.0,,0.0,300.0,0.44000000000000017,0.44000000000000017,False,False,650.4,72.11399999999999,1.0,1.0,1.0,1.0,1.0,0.9999999999999996,0.9999999999999994,0.9999999999999929,0.9999999999999921,0.9999999999999094,0.9999999999998994,0.999999999998961,0.9999999999988526,0.999999999989315,0.999999999988253,138.98333333333332,-138.54333333333332,-136.99333333333334,289,833,,,,,,,,,,,,,,,
11821,Tahj Washington,WR,,657.4,999.0,999.0,,,18.0,,,,,,,,,,,,0.0,tahjwashington,26397.0,00-0039884,769.0,704.0,123.1,591.0,911.0,14.0,WR253,,Tahj Washington,,,,2.0,3.2,1.6,5.0,0.0,,,25.0,2.0,,0.0,264.0,0.44000000000000017,0.44000000000000017,False,False,657.4,72.88399999999999,1.0,1.0,1.0,1.0,1.0,0.9999999999999996,0.9999999999999996,0.9999999999999937,0.9999999999999929,0.999999999999921,0.9999999999999124,0.9999999999991114,0.9999999999990193,0.9999999999910154,0.999999999990129,138.98333333333332,-138.54333333333332,-136.99333333333334,290,834,,,,,,,,,,,,,,,
6699,Gunner Olszewski,WR,NYG,657.7,999.0,999.0,,,18.0,,,,,,,,,,,,0.0,gunnerolszewski,19093.0,00-0035645,706.0,651.25,211.76,344.0,915.0,14.0,WR236,8.0,Gunner Olszewski,,,,16.0,30.82,1.92625,13.0,0.0,IR,Achilles,29.0,7.0,6.0,0.0,242.0,0.44000000000000017,0.44000000000000017,False,False,657.7,72.917,1.0,1.0,1.0,1.0,1.0,0.9999999999999996,0.9999999999999996,0.9999999999999938,0.999999999999993,0.9999999999999214,0.999999999999913,0.9999999999991173,0.9999999999990259,0.9999999999910814,0.9999999999902017,138.98333333333332,-138.54333333333332,-136.99333333333334,291,835,,,,,,,,,,,,,,,
10228,Charlie Jones,WR,NYG,659.8,999.0,999.0,,,18.0,,,,,,,,,,,,0.0,charliejones,25336.0,00-0038576,741.0,684.0,119.75,587.0,889.0,14.0,WR245,8.0,Charlie Jones,,,,14.0,0.0,0.0,1.0,0.0,,,27.0,3.0,,0.0,256.0,0.44000000000000017,0.44000000000000017,False,False,659.8,73.14799999999998,1.0,1.0,1.0,1.0,1.0,0.9999999999999996,0.9999999999999996,0.999999999999994,0.9999999999999932,0.9999999999999245,0.9999999999999164,0.9999999999991571,0.9999999999990702,0.9999999999915279,0.9999999999906942,138.98333333333332,-138.54333333333332,-136.99333333333334,292,836,,,,,,,,,,,,,,,
12971,Ke'Shawn Williams,WR,CIN,660.3,636.0,999.0,,,18.0,,,,,,,,,,,,0.0,keshawnwilliams,27724.0,00-0040534,647.0,572.5,165.49,415.0,823.0,13.0,WR221,6.0,Ke'Shawn Williams,,,,11.0,2.0,0.18181818181818182,1.0,2.0,,,24.0,1.0,7.0,0.0,217.0,0.44000000000000017,0.44000000000000017,False,False,660.3,73.20299999999999,1.0,1.0,1.0,1.0,1.0,0.9999999999999996,0.9999999999999996,0.999999999999994,0.9999999999999933,0.9999999999999253,0.9999999999999172,0.9999999999991664,0.9999999999990804,0.9999999999916307,0.9999999999908074,138.98333333333332,-138.54333333333332,-136.99333333333334,293,837,,,,,,,,,,,,,,,
7455,John Hurst,WR,,662.0,679.9,999.0,,,18.0,,,,,,,,,,,,0.0,johnhurst,,,978.0,957.5,32.5,925.0,990.0,16.0,WR349,,John Hurst,,,,,,,,,,,25.0,2.0,,0.0,345.0,0.44000000000000017,0.44000000000000017,False,False,662.0,73.39,1.0,1.0,1.0,1.0,1.0,0.9999999999999996,0.9999999999999996,0.9999999999999941,0.9999999999999936,0.9999999999999276,0.9999999999999198,0.9999999999991969,0.9999999999991142,0.9999999999919695,0.999999999991181,138.98333333333332,-138.54333333333332,-136.99333333333334,294,838,,,,,,,,,,,,,,,
5955,Hunter Renfrow,WR,,662.8,694.1,999.0,,,18.0,,,,,,,,,,,,0.0,hunterrenfrow,18345.0,00-0034983,930.0,842.33,140.88,647.0,974.0,16.0,WR310,,Hunter Renfrow,,,,6.0,28.4,4.733333333333333,26.0,0.0,,,30.0,7.0,,0.0,311.0,0.44000000000000017,0.44000000000000017,False,False,662.8,73.478,1.0,1.0,1.0,1.0,1.0,0.9999999999999996,0.9999999999999996,0.9999999999999942,0.9999999999999936,0.9999999999999287,0.9999999999999212,0.9999999999992109,0.9999999999991296,0.9999999999921239,0.9999999999913511,138.98333333333332,-138.54333333333332,-136.99333333333334,295,839,,,,,,,,,,,,,,,
11748,Bub Means,WR,,663.0,688.0,999.0,,,18.0,,,,,,,,,,,,0.0,bubmeans,26354.0,00-0039386,770.0,704.75,133.71,574.0,917.0,14.0,WR254,11.0,Bub Means,,,,,,,,,,,25.0,2.0,,0.0,265.0,0.44000000000000017,0.44000000000000017,False,False,663.0,73.5,1.0,1.0,1.0,1.0,1.0,0.9999999999999996,0.9999999999999996,0.9999999999999942,0.9999999999999936,0.9999999999999291,0.9999999999999214,0.9999999999992142,0.9999999999991334,0.9999999999921618,0.999999999991393,138.98333333333332,-138.54333333333332,-136.99333333333334,296,840,,,,,,,,,,,,,,,
13325,Jordan Hudson,WR,DAL,663.9,695.8,999.0,,,18.0,,,,,,,,,,,,0.0,jordanhudson,,00-0040934,964.0,906.5,52.5,854.0,959.0,16.0,WR335,14.0,Jordan Hudson,,,,,,,,,,,22.0,0.0,,0.0,329.0,0.44000000000000017,0.44000000000000017,False,False,663.9,73.59899999999999,1.0,1.0,1.0,1.0,1.0,0.9999999999999996,0.9999999999999996,0.9999999999999943,0.9999999999999937,0.9999999999999303,0.9999999999999227,0.9999999999992295,0.9999999999991502,0.9999999999923306,0.999999999991579,138.98333333333332,-138.54333333333332,-136.99333333333334,297,841,,,,,,,,,,,,,,,
9492,Trey Palmer,WR,NO,674.2,999.0,999.0,,,18.0,,,,,,,,,,,,0.0,treypalmer,25331.0,00-0039052,808.0,748.25,154.2,533.0,928.0,15.0,WR266,8.0,Trey Palmer,,,,,,,,,,,25.0,3.0,,0.0,285.0,0.44000000000000017,0.44000000000000017,False,False,674.2,74.732,1.0,1.0,1.0,1.0,1.0,0.9999999999999996,0.9999999999999996,0.9999999999999951,0.9999999999999947,0.9999999999999425,0.9999999999999365,0.9999999999993824,0.9999999999993197,0.9999999999940007,0.999999999993419,138.98333333333332,-138.54333333333332,-136.99333333333334,298,842,,,,,,,,,,,,,,,
13600,Tyren Montgomery,WR,TEN,674.5,667.4,999.0,,,18.0,,,,,,,,,,,,0.0,tyrenmontgomery,28423.0,00-0040919,913.0,786.0,149.7,582.0,937.0,15.0,WR300,9.0,Tyren Montgomery,,,,,,,,,,,25.0,0.0,,0.0,301.0,0.44000000000000017,0.44000000000000017,False,False,674.5,74.765,1.0,1.0,1.0,1.0,1.0,0.9999999999999996,0.9999999999999996,0.9999999999999951,0.9999999999999947,0.9999999999999429,0.9999999999999367,0.9999999999993863,0.999999999999324,0.9999999999940429,0.9999999999934654,138.98333333333332,-138.54333333333332,-136.99333333333334,299,843,,,,,,,,,,,,,,,
11257,Shedrick Jackson,WR,,676.0,587.0,999.0,,,18.0,,,,,,,,,,,,0.0,shedrickjackson,25709.0,00-0038891,900.0,764.0,118.97,672.0,932.0,15.0,WR291,,Shedrick Jackson,,,,3.0,13.9,4.633333333333334,5.0,1.0,,,26.0,3.0,,0.0,293.0,0.44000000000000017,0.44000000000000017,False,False,676.0,74.92999999999999,1.0,1.0,1.0,1.0,1.0,0.9999999999999997,0.9999999999999996,0.9999999999999953,0.9999999999999948,0.9999999999999445,0.9999999999999385,0.9999999999994055,0.9999999999993452,0.999999999994249,0.9999999999936926,138.98333333333332,-138.54333333333332,-136.99333333333334,300,844,,,,,,,,,,,,,,,
3155,Laquon Treadwell,WR,IND,676.3,685.1,999.0,,,18.0,,,,,,,,,,,,0.0,laquontreadwell,15495.0,00-0032951,594.0,562.6,131.56,422.0,760.0,13.0,WR205,13.0,Laquon Treadwell,,,,6.0,0.0,0.0,0.0,0.0,,,31.0,10.0,5.0,0.0,216.0,0.44000000000000017,0.44000000000000017,False,False,676.3,74.963,1.0,1.0,1.0,1.0,1.0,0.9999999999999997,0.9999999999999996,0.9999999999999953,0.9999999999999948,0.9999999999999447,0.9999999999999389,0.9999999999994091,0.9999999999993494,0.9999999999942893,0.9999999999937369,138.98333333333332,-138.54333333333332,-136.99333333333334,301,845,,,,,,,,,,,,,,,
13173,Jimmy Holiday,WR,KC,680.5,563.0,999.0,,,18.0,,,,,,,,,,,,0.0,jimmyholiday,,,846.0,715.0,218.67,425.0,953.0,15.0,WR275,5.0,Jimmy Holiday,,,,,,,,,IR,Undisclosed,24.0,1.0,,0.0,269.0,0.44000000000000017,0.44000000000000017,False,False,680.5,75.425,1.0,1.0,1.0,1.0,1.0,0.9999999999999997,0.9999999999999996,0.9999999999999956,0.9999999999999951,0.9999999999999488,0.9999999999999434,0.999999999999459,0.9999999999994045,0.9999999999948217,0.999999999994323,138.98333333333332,-138.54333333333332,-136.99333333333334,302,846,,,,,,,,,,,,,,,
10221,Ronnie Bell,WR,LV,683.3,686.6,999.0,,,18.0,,,,,,,,,,,,0.0,ronniebell,23012.0,00-0038647,736.0,682.0,115.09,590.0,876.0,14.0,WR244,13.0,Ronnie Bell,,,,2.0,9.3,4.65,4.0,0.0,,,26.0,3.0,,0.0,255.0,0.44000000000000017,0.44000000000000017,False,False,683.3,75.73299999999999,1.0,1.0,1.0,1.0,1.0,0.9999999999999997,0.9999999999999996,0.9999999999999958,0.9999999999999953,0.9999999999999514,0.9999999999999463,0.9999999999994895,0.9999999999994382,0.9999999999951461,0.9999999999946799,138.98333333333332,-138.54333333333332,-136.99333333333334,303,847,,,,,,,,,,,,,,,
13541,Lewis Bond,WR,HOU,683.5,678.4,999.0,,,18.0,,,,,,,,,,,,0.0,lewisbond,,00-0041467,798.0,664.33,156.84,493.0,872.0,15.0,WR262,8.0,Lewis Bond,,,,,,,,,,,23.0,0.0,,0.0,249.0,0.44000000000000017,0.44000000000000017,False,False,683.5,75.755,1.0,1.0,1.0,1.0,1.0,0.9999999999999997,0.9999999999999996,0.9999999999999958,0.9999999999999953,0.9999999999999516,0.9999999999999465,0.9999999999994917,0.9999999999994407,0.9999999999951683,0.9999999999947045,138.98333333333332,-138.54333333333332,-136.99333333333334,304,848,,,,,,,,,,,,,,,
9497,Jalin Hyatt,WR,NYG,685.9,999.0,999.0,,,18.0,,,,,,,,,,,,0.0,jalinhyatt,25251.0,00-0038938,649.0,654.4,144.98,491.0,896.0,13.0,WR222,8.0,Jalin Hyatt,,,,6.0,6.0,1.0,14.0,0.0,,,24.0,3.0,,0.0,245.0,0.44000000000000017,0.44000000000000017,False,False,685.9,76.01899999999999,1.0,1.0,1.0,1.0,1.0,0.9999999999999997,0.9999999999999997,0.999999999999996,0.9999999999999956,0.9999999999999536,0.9999999999999487,0.9999999999995163,0.9999999999994678,0.9999999999954272,0.9999999999949892,138.98333333333332,-138.54333333333332,-136.99333333333334,305,849,,,,,,,,,,,,,,,
11421,Ryan Miller,WR,MIA,689.1,639.7,999.0,,,18.0,,,,,,,,,,,,0.0,ryanmiller,25857.0,00-0038824,676.0,611.75,194.72,377.0,864.0,14.0,WR225,6.0,Ryan Miller,,,,9.0,10.4,1.1555555555555557,4.0,0.0,,,26.0,3.0,6.0,0.0,230.0,0.44000000000000017,0.44000000000000017,False,False,689.1,76.371,1.0,1.0,1.0,1.0,1.0,0.9999999999999997,0.9999999999999997,0.9999999999999962,0.9999999999999958,0.9999999999999563,0.9999999999999516,0.999999999999547,0.9999999999995017,0.9999999999957488,0.9999999999953431,138.98333333333332,-138.54333333333332,-136.99333333333334,306,850,,,,,,,,,,,,,,,
5121,Braxton Berrios,WR,NYG,689.9,691.1,999.0,,,18.0,,,,,,,,,,,,0.0,braxtonberrios,17289.0,00-0034419,742.0,684.5,147.41,486.0,892.0,14.0,WR246,8.0,Braxton Berrios,,,,4.0,6.7,1.675,8.0,0.0,,,30.0,8.0,,0.0,257.0,0.44000000000000017,0.44000000000000017,False,False,689.9,76.45899999999999,1.0,1.0,1.0,1.0,1.0,0.9999999999999998,0.9999999999999997,0.9999999999999962,0.9999999999999958,0.9999999999999568,0.9999999999999523,0.9999999999995544,0.9999999999995098,0.9999999999958253,0.999999999995427,138.98333333333332,-138.54333333333332,-136.99333333333334,307,851,,,,,,,,,,,,,,,
13861,Daniel Sobkowicz,WR,HOU,694.4,999.0,999.0,,,18.0,,,,,,,,,,,,0.0,danielsobkowicz,,,967.0,918.0,54.0,864.0,972.0,16.0,WR338,8.0,Daniel Sobkowicz,,,,,,,,,,,23.0,0.0,,0.0,335.0,0.44000000000000017,0.44000000000000017,False,False,694.4,76.954,1.0,1.0,1.0,1.0,1.0,0.9999999999999998,0.9999999999999997,0.9999999999999964,0.999999999999996,0.99999999999996,0.999999999999956,0.9999999999995932,0.9999999999995528,0.9999999999962279,0.9999999999958697,138.98333333333332,-138.54333333333332,-136.99333333333334,308,852,,,,,,,,,,,,,,,
9489,Justin Shorter,WR,LV,695.5,698.5,999.0,,,18.0,,,,,,,,,,,,0.0,justinshorter,24083.0,00-0038590,938.0,866.0,146.32,660.0,986.0,16.0,WR316,13.0,Justin Shorter,,,,3.0,0.0,0.0,0.0,0.0,IR,Undisclosed,26.0,3.0,9.0,0.0,318.0,0.44000000000000017,0.44000000000000017,False,False,695.5,77.07499999999999,1.0,1.0,1.0,1.0,1.0,0.9999999999999998,0.9999999999999997,0.9999999999999964,0.9999999999999961,0.9999999999999609,0.9999999999999568,0.9999999999996021,0.9999999999995626,0.9999999999963196,0.9999999999959706,138.98333333333332,-138.54333333333332,-136.99333333333334,309,853,,,,,,,,,,,,,,,
9495,Rakim Jarrett,WR,,699.3,999.0,999.0,,,18.0,,,,,,,,,,,,0.0,rakimjarrett,23001.0,00-0038821,910.0,778.67,122.6,670.0,950.0,15.0,WR297,,Rakim Jarrett,,,,,,,,,,,24.0,2.0,,0.0,299.0,0.44000000000000017,0.44000000000000017,False,False,699.3,77.493,1.0,1.0,1.0,1.0,1.0,0.9999999999999998,0.9999999999999998,0.9999999999999967,0.9999999999999963,0.9999999999999634,0.9999999999999596,0.9999999999996312,0.9999999999995948,0.999999999996618,0.9999999999962985,138.98333333333332,-138.54333333333332,-136.99333333333334,310,854,,,,,,,,,,,,,,,
11636,Johnny Wilson,WR,PHI,700.0,999.0,999.0,,,18.0,,,,,,,,,,,,0.0,johnnywilson,25295.0,00-0039236,766.0,701.5,141.59,522.0,916.0,14.0,WR252,10.0,Johnny Wilson,,,,,,,,,IR,Knee,25.0,2.0,9.0,0.0,263.0,0.44000000000000017,0.44000000000000017,False,False,700.0,77.57,1.0,1.0,1.0,1.0,1.0,0.9999999999999998,0.9999999999999998,0.9999999999999967,0.9999999999999964,0.9999999999999638,0.99999999999996,0.9999999999996363,0.9999999999996003,0.99999999999667,0.9999999999963556,138.98333333333332,-138.54333333333332,-136.99333333333334,311,855,,,,,,,,,,,,,,,
8253,Deven Thompkins,WR,LV,,698.8,999.0,,,18.0,,,,,,,,,,,,0.0,deventhompkins,24134.0,00-0037487,705.0,651.0,190.26,375.0,891.0,14.0,WR235,13.0,Deven Thompkins,,,,7.0,4.7,0.6714285714285715,3.0,1.0,,,26.0,4.0,,0.0,241.0,0.44000000000000017,0.44000000000000017,False,True,676.0,74.92999999999999,1.0,1.0,1.0,1.0,1.0,0.9999999999999997,0.9999999999999996,0.9999999999999953,0.9999999999999948,0.9999999999999445,0.9999999999999385,0.9999999999994055,0.9999999999993452,0.999999999994249,0.9999999999936926,138.98333333333332,-138.54333333333332,-136.99333333333334,312,856,,,,,,,,,,,,,,,
8235,Samori Toure,WR,,,592.4,999.0,,,18.0,,,,,,,,,,,,0.0,samoritoure,23883.0,00-0037098,876.0,742.0,127.47,634.0,921.0,15.0,WR282,,Samori Toure,,,,1.0,0.8,0.8,3.0,0.0,,,28.0,4.0,,0.0,281.0,0.44000000000000017,0.44000000000000017,False,True,767.0,84.94,1.0,1.0,1.0,1.0,1.0,0.9999999999999999,0.9999999999999998,0.9999999999999987,0.9999999999999986,0.9999999999999876,0.9999999999999865,0.9999999999998936,0.9999999999998839,0.9999999999991549,0.9999999999990803,138.98333333333332,-138.54333333333332,-136.99333333333334,313,857,,,,,,,,,,,,,,,
8176,Danny Gray,WR,PHI,,621.7,999.0,,,18.0,,,,,,,,,,,,0.0,dannygray,24178.0,00-0037828,918.0,809.33,123.29,640.0,930.0,15.0,WR305,10.0,Danny Gray,,,,,,,,,,,27.0,4.0,,0.0,304.0,0.44000000000000017,0.44000000000000017,False,True,834.33,92.3463,1.0,1.0,1.0,1.0,1.0,1.0,1.0,0.9999999999999993,0.9999999999999993,0.9999999999999951,0.9999999999999947,0.9999999999999631,0.9999999999999599,0.999999999999742,0.9999999999997206,138.98333333333332,-138.54333333333332,-136.99333333333334,314,858,,,,,,,,,,,,,,,
8076,Michael Bandy,WR,DEN,,999.0,999.0,,,18.0,,,,,,,,,,,,0.0,michaelbandy,23531.0,00-0036959,753.0,604.33,206.18,350.0,855.0,14.0,WR249,10.0,Michael Bandy,,,,4.0,13.0,3.25,4.0,0.0,,,28.0,5.0,,0.0,225.0,0.44000000000000017,0.44000000000000017,False,True,629.33,69.7963,1.0,1.0,1.0,1.0,1.0,0.9999999999999993,0.9999999999999993,0.9999999999999898,0.9999999999999887,0.9999999999998609,0.9999999999998452,0.9999999999983069,0.9999999999981257,0.9999999999816505,0.9999999999797857,138.98333333333332,-138.54333333333332,-136.99333333333334,315,859,,,,,,,,,,,,,,,
8013,Tim Jones,WR,JAX,,642.0,999.0,,,18.0,,,,,,,,,,,,0.0,timjones,23438.0,00-0036497,719.0,668.5,174.83,409.0,902.0,14.0,WR240,7.0,Tim Jones,,,,2.0,2.0,1.0,1.0,0.0,,,28.0,5.0,,0.0,252.0,0.44000000000000017,0.44000000000000017,False,True,693.5,76.85499999999999,1.0,1.0,1.0,1.0,1.0,0.9999999999999998,0.9999999999999997,0.9999999999999964,0.999999999999996,0.9999999999999595,0.9999999999999553,0.9999999999995857,0.9999999999995445,0.9999999999961509,0.9999999999957851,138.98333333333332,-138.54333333333332,-136.99333333333334,316,860,,,,,,,,,,,,,,,
7865,Brandon Smith,WR,PIT,,645.0,999.0,,,18.0,,,,,,,,,,,,0.0,brandonsmith,23351.0,00-0036775,866.0,735.33,222.73,430.0,955.0,15.0,WR279,9.0,Brandon Smith,,,,,,,,,,,27.0,5.0,,0.0,277.0,0.44000000000000017,0.44000000000000017,False,True,760.33,84.2063,1.0,1.0,1.0,1.0,1.0,0.9999999999999998,0.9999999999999998,0.9999999999999986,0.9999999999999984,0.9999999999999863,0.999999999999985,0.9999999999998808,0.9999999999998697,0.9999999999990403,0.999999999998955,138.98333333333332,-138.54333333333332,-136.99333333333334,317,861,,,,,,,,,,,,,,,
7746,Austin Trammell,WR,JAX,,658.0,999.0,,,18.0,,,,,,,,,,,,0.0,austintrammell,23260.0,00-0036841,724.0,674.75,191.81,391.0,913.0,14.0,WR242,7.0,Austin Trammell,,,,6.0,6.1000000000000005,1.0166666666666668,10.0,0.0,,,28.0,5.0,,0.0,253.0,0.44000000000000017,0.44000000000000017,False,True,699.75,77.54249999999999,1.0,1.0,1.0,1.0,1.0,0.9999999999999998,0.9999999999999998,0.9999999999999967,0.9999999999999963,0.9999999999999637,0.9999999999999599,0.9999999999996345,0.9999999999995983,0.9999999999966516,0.9999999999963354,138.98333333333332,-138.54333333333332,-136.99333333333334,318,862,,,,,,,,,,,,,,,
7533,Anthony Schwartz,WR,,,999.0,999.0,,,18.0,,,,,,,,,,,,0.0,anthonyschwartz,20125.0,00-0036999,932.0,844.0,151.4,630.0,957.0,16.0,WR311,,Anthony Schwartz,,,,,,,,,,,24.0,4.0,,0.0,312.0,0.44000000000000017,0.44000000000000017,False,True,869.0,96.16,1.0,1.0,1.0,1.0,1.0,1.0,1.0,0.9999999999999996,0.9999999999999996,0.9999999999999968,0.9999999999999964,0.9999999999999774,0.9999999999999755,0.9999999999998508,0.9999999999998388,138.98333333333332,-138.54333333333332,-136.99333333333334,319,863,,,,,,,,,,,,,,,
7009,Trishton Jackson,WR,,,591.1,999.0,,,18.0,,,,,,,,,,,,0.0,trishtonjackson,19672.0,00-0035934,912.0,787.0,124.98,678.0,962.0,15.0,WR299,,Trishton Jackson,,,,,,,,,,,27.0,5.0,,0.0,302.0,0.44000000000000017,0.44000000000000017,False,True,812.0,89.89,1.0,1.0,1.0,1.0,1.0,0.9999999999999999,0.9999999999999999,0.9999999999999992,0.9999999999999991,0.9999999999999933,0.9999999999999928,0.9999999999999485,0.9999999999999439,0.9999999999996247,0.999999999999593,138.98333333333332,-138.54333333333332,-136.99333333333334,320,864,,,,,,,,,,,,,,,
6989,Marquez Callaway,WR,,,699.3,999.0,,,18.0,,,,,,,,,,,,0.0,marquezcallaway,19505.0,00-0036219,929.0,835.33,152.98,619.0,946.0,16.0,WR309,,Marquez Callaway,,,,,,,,,,,27.0,5.0,,0.0,310.0,0.44000000000000017,0.44000000000000017,False,True,860.33,95.2063,1.0,1.0,1.0,1.0,1.0,1.0,1.0,0.9999999999999996,0.9999999999999996,0.9999999999999964,0.9999999999999961,0.9999999999999745,0.9999999999999724,0.9999999999998295,0.9999999999998157,138.98333333333332,-138.54333333333332,-136.99333333333334,321,865,,,,,,,,,,,,,,,
6927,Quez Watkins,WR,,,999.0,999.0,,,18.0,,,,,,,,,,,,0.0,quezwatkins,19715.0,00-0036271,901.0,764.67,121.43,669.0,936.0,15.0,WR292,,Quez Watkins,,,,,,,,,,,28.0,6.0,,0.0,294.0,0.44000000000000017,0.44000000000000017,False,True,789.67,87.43369999999999,1.0,1.0,1.0,1.0,1.0,0.9999999999999999,0.9999999999999999,0.999999999999999,0.9999999999999989,0.9999999999999911,0.9999999999999902,0.9999999999999267,0.9999999999999203,0.9999999999994441,0.999999999999396,138.98333333333332,-138.54333333333332,-136.99333333333334,322,866,,,,,,,,,,,,,,,
6421,Jalen Guyton,WR,,,564.0,999.0,,,18.0,,,,,,,,,,,,0.0,jalenguyton,18941.0,00-0035414,937.0,861.33,147.79,653.0,980.0,16.0,WR315,,Jalen Guyton,,,,,,,,,,,27.0,5.0,,0.0,317.0,0.44000000000000017,0.44000000000000017,False,True,886.33,98.0663,1.0,1.0,1.0,1.0,1.0,1.0,1.0,0.9999999999999996,0.9999999999999996,0.9999999999999973,0.9999999999999971,0.999999999999982,0.9999999999999806,0.999999999999885,0.9999999999998759,138.98333333333332,-138.54333333333332,-136.99333333333334,323,867,,,,,,,,,,,,,,,
6386,Alex Bachman,WR,LAR,,670.3,999.0,,,18.0,,,,,,,,,,,,0.0,alexbachman,18902.0,00-0035602,805.0,667.33,196.53,414.0,893.0,15.0,WR265,11.0,Alex Bachman,,,,11.0,2.2,0.2,3.0,0.0,,,30.0,7.0,,0.0,251.0,0.44000000000000017,0.44000000000000017,False,True,692.33,76.7263,1.0,1.0,1.0,1.0,1.0,0.9999999999999998,0.9999999999999997,0.9999999999999963,0.999999999999996,0.9999999999999587,0.9999999999999543,0.9999999999995758,0.9999999999995335,0.9999999999960483,0.9999999999956722,138.98333333333332,-138.54333333333332,-136.99333333333334,324,868,,,,,,,,,,,,,,,
6088,Bisi Johnson,WR,,,677.1,999.0,,,18.0,,,,,,,,,,,,0.0,bisijohnson,18713.0,00-0035006,828.0,701.0,163.45,506.0,906.0,15.0,WR271,,Bisi Johnson,,,,,,,,,,,25.0,4.0,,0.0,262.0,0.44000000000000017,0.44000000000000017,False,True,726.0,80.42999999999999,1.0,1.0,1.0,1.0,1.0,0.9999999999999998,0.9999999999999998,0.9999999999999978,0.9999999999999976,0.9999999999999767,0.9999999999999742,0.9999999999997795,0.9999999999997583,0.9999999999980933,0.9999999999979179,138.98333333333332,-138.54333333333332,-136.99333333333334,325,869,,,,,,,,,,,,,,,
5695,Brandon Powell,WR,,,999.0,999.0,,,18.0,,,,,,,,,,,,0.0,brandonpowell,17793.0,00-0034646,882.0,745.33,125.32,632.0,920.0,15.0,WR285,,Brandon Powell,,,,,,,,,,,29.0,7.0,,0.0,283.0,0.44000000000000017,0.44000000000000017,False,True,770.33,85.3063,1.0,1.0,1.0,1.0,1.0,0.9999999999999999,0.9999999999999998,0.9999999999999987,0.9999999999999987,0.9999999999999882,0.9999999999999871,0.9999999999998994,0.9999999999998902,0.9999999999992064,0.9999999999991366,138.98333333333332,-138.54333333333332,-136.99333333333334,326,870,,,,,,,,,,,,,,,
5290,Deontay Burnett,WR,,,545.3,999.0,,,18.0,,,,,,,,,,,,0.0,deontayburnett,17257.0,00-0034653,917.0,734.5,173.5,561.0,908.0,15.0,WR304,,Deontay Burnett,,,,,,,,,,,26.0,6.0,,0.0,276.0,0.44000000000000017,0.44000000000000017,False,True,759.5,84.115,1.0,1.0,1.0,1.0,1.0,0.9999999999999998,0.9999999999999998,0.9999999999999986,0.9999999999999984,0.9999999999999861,0.9999999999999848,0.999999999999879,0.9999999999998679,0.9999999999990248,0.999999999998938,138.98333333333332,-138.54333333333332,-136.99333333333334,327,871,,,,,,,,,,,,,,,
5110,Russell Gage,WR,,,634.0,999.0,,,18.0,,,,,,,,,,,,0.0,russellgage,17606.0,00-0034411,916.0,807.0,147.45,601.0,938.0,15.0,WR303,,Russell Gage Jr.,,,,,,,,,,,29.0,7.0,,0.0,303.0,0.44000000000000017,0.44000000000000017,False,True,832.0,92.08999999999999,1.0,1.0,1.0,1.0,1.0,1.0,1.0,0.9999999999999993,0.9999999999999993,0.9999999999999949,0.9999999999999944,0.9999999999999618,0.9999999999999585,0.9999999999997318,0.9999999999997096,138.98333333333332,-138.54333333333332,-136.99333333333334,328,872,,,,,,,,,,,,,,,
4319,Zach Pascal,WR,,,596.0,999.0,,,18.0,,,,,,,,,,,,0.0,zachpascal,16972.0,00-0033251,941.0,875.33,138.33,681.0,992.0,16.0,WR317,,Zach Pascal,,,,,,,,,,,30.0,8.0,,0.0,319.0,0.44000000000000017,0.44000000000000017,False,True,900.33,99.6063,1.0,1.0,1.0,1.0,1.0,1.0,1.0,0.9999999999999997,0.9999999999999997,0.9999999999999978,0.9999999999999976,0.999999999999985,0.9999999999999838,0.9999999999999061,0.9999999999998987,138.98333333333332,-138.54333333333332,-136.99333333333334,329,873,,,,,,,,,,,,,,,
4197,Isaiah McKenzie,WR,,,999.0,999.0,,,18.0,,,,,,,,,,,,0.0,isaiahmckenzie,16604.0,00-0033466,936.0,858.67,148.67,649.0,977.0,16.0,WR314,,Isaiah McKenzie,,,,,,,,,,,29.0,8.0,,0.0,316.0,0.44000000000000017,0.44000000000000017,False,True,883.67,97.77369999999999,1.0,1.0,1.0,1.0,1.0,1.0,1.0,0.9999999999999996,0.9999999999999996,0.9999999999999973,0.9999999999999971,0.9999999999999813,0.9999999999999798,0.9999999999998803,0.9999999999998709,138.98333333333332,-138.54333333333332,-136.99333333333334,330,874,,,,,,,,,,,,,,,
13981,Kolbe Katsis,WR,DEN,,663.7,999.0,,,18.0,,,,,,,,,,,,0.0,kolbekatsis,,,966.0,918.5,57.5,861.0,976.0,16.0,WR337,10.0,Kolbe Katsis,,,,,,,,,,,24.0,0.0,,0.0,336.0,0.44000000000000017,0.44000000000000017,False,True,943.5,104.35499999999999,1.0,1.0,1.0,1.0,1.0,1.0,1.0,0.9999999999999998,0.9999999999999998,0.9999999999999986,0.9999999999999984,0.9999999999999911,0.9999999999999905,0.9999999999999482,0.9999999999999443,138.98333333333332,-138.54333333333332,-136.99333333333334,331,875,,,,,,,,,,,,,,,
13890,Michael Briscoe,WR,MIN,,452.6,999.0,,,18.0,,,,,,,,,,,,0.0,michaelbriscoe,,,755.0,606.33,215.42,382.0,897.0,14.0,WR250,6.0,Michael Briscoe,,,,,,,,,,,,0.0,,0.0,227.0,0.44000000000000017,0.44000000000000017,False,True,631.33,70.0163,1.0,1.0,1.0,1.0,1.0,0.9999999999999993,0.9999999999999993,0.9999999999999902,0.999999999999989,0.9999999999998666,0.9999999999998517,0.9999999999983855,0.9999999999982132,0.9999999999825906,0.9999999999808252,138.98333333333332,-138.54333333333332,-136.99333333333334,332,876,,,,,,,,,,,,,,,
13825,Malik McClain,WR,NYJ,,580.0,999.0,,,18.0,,,,,,,,,,,,0.0,malikmcclain,,,961.0,910.0,59.0,851.0,969.0,16.0,WR333,13.0,Malik McClain,,,,,,,,,,,,0.0,,0.0,331.0,0.44000000000000017,0.44000000000000017,False,True,935.0,103.41999999999999,1.0,1.0,1.0,1.0,1.0,1.0,1.0,0.9999999999999998,0.9999999999999998,0.9999999999999984,0.9999999999999982,0.9999999999999902,0.9999999999999895,0.999999999999942,0.9999999999999376,138.98333333333332,-138.54333333333332,-136.99333333333334,333,877,,,,,,,,,,,,,,,
13696,Ja'Mori Maclin,WR,BUF,,671.4,999.0,,,18.0,,,,,,,,,,,,0.0,jamorimaclin,,00-0041272,968.0,923.5,55.5,868.0,979.0,16.0,WR339,7.0,Ja'Mori Maclin,,,,,,,,,,,25.0,0.0,,0.0,338.0,0.44000000000000017,0.44000000000000017,False,True,948.5,104.90499999999999,1.0,1.0,1.0,1.0,1.0,1.0,1.0,0.9999999999999998,0.9999999999999998,0.9999999999999987,0.9999999999999984,0.9999999999999916,0.999999999999991,0.9999999999999515,0.9999999999999478,138.98333333333332,-138.54333333333332,-136.99333333333334,334,878,,,,,,,,,,,,,,,
13674,Chris Hilton,WR,GB,,599.0,999.0,,,18.0,,,,,,,,,,,,0.0,chrishilton,,00-0041179,953.0,892.0,57.0,835.0,949.0,16.0,WR326,11.0,Chris Hilton Jr.,,,,,,,,,,,23.0,0.0,,0.0,323.0,0.44000000000000017,0.44000000000000017,False,True,917.0,101.44,1.0,1.0,1.0,1.0,1.0,1.0,1.0,0.9999999999999998,0.9999999999999998,0.9999999999999981,0.999999999999998,0.9999999999999878,0.9999999999999869,0.9999999999999258,0.9999999999999201,138.98333333333332,-138.54333333333332,-136.99333333333334,335,879,,,,,,,,,,,,,,,
13202,Dalevon Campbell,WR,LAC,,337.0,999.0,,,18.0,,,,,,,,,,,,0.0,dalevoncampbell,27912.0,00-0040629,896.0,760.33,129.62,607.0,924.0,15.0,WR289,7.0,Dalevon Campbell,,,,1.0,0.0,0.0,0.0,0.0,IR,Leg,24.0,1.0,8.0,0.0,291.0,0.44000000000000017,0.44000000000000017,False,True,785.33,86.9563,1.0,1.0,1.0,1.0,1.0,0.9999999999999999,0.9999999999999999,0.9999999999999989,0.9999999999999989,0.9999999999999905,0.9999999999999896,0.9999999999999215,0.9999999999999144,0.9999999999993987,0.9999999999993465,138.98333333333332,-138.54333333333332,-136.99333333333334,336,880,,,,,,,,,,,,,,,
13074,Isaiah Neyor,WR,GB,,674.8,999.0,,,18.0,,,,,,,,,,,,0.0,isaiahneyor,26021.0,00-0040558,949.0,883.0,65.0,818.0,948.0,16.0,WR322,11.0,Isaiah Neyor,,,,,,,,,,,25.0,1.0,,0.0,320.0,0.44000000000000017,0.44000000000000017,False,True,908.0,100.44999999999999,1.0,1.0,1.0,1.0,1.0,1.0,1.0,0.9999999999999998,0.9999999999999997,0.9999999999999979,0.9999999999999978,0.9999999999999865,0.9999999999999853,0.9999999999999158,0.9999999999999094,138.98333333333332,-138.54333333333332,-136.99333333333334,337,881,,,,,,,,,,,,,,,
13042,Xavier Guillory,WR,BAL,,577.0,999.0,,,18.0,,,,,,,,,,,,0.0,xavierguillory,,,974.0,935.5,48.5,887.0,984.0,16.0,WR345,13.0,Xavier Guillory,,,,,,,,,,,25.0,1.0,,0.0,344.0,0.44000000000000017,0.44000000000000017,False,True,960.5,106.225,1.0,1.0,1.0,1.0,1.0,1.0,1.0,0.9999999999999998,0.9999999999999998,0.9999999999999988,0.9999999999999987,0.9999999999999927,0.9999999999999922,0.9999999999999585,0.9999999999999554,138.98333333333332,-138.54333333333332,-136.99333333333334,338,882,,,,,,,,,,,,,,,
13003,Tru Edwards,WR,,,999.0,999.0,,,18.0,,,,,,,,,,,,0.0,truedwards,,,943.0,822.5,128.5,694.0,951.0,16.0,WR318,,Tru Edwards,,,,,,,,,,,25.0,1.0,,0.0,306.0,0.44000000000000017,0.44000000000000017,False,True,847.5,93.79499999999999,1.0,1.0,1.0,1.0,1.0,1.0,1.0,0.9999999999999994,0.9999999999999993,0.9999999999999958,0.9999999999999954,0.9999999999999695,0.9999999999999669,0.9999999999997914,0.9999999999997743,138.98333333333332,-138.54333333333332,-136.99333333333334,339,883,,,,,,,,,,,,,,,
12972,Roc Taylor,WR,,,999.0,999.0,,,18.0,,,,,,,,,,,,0.0,roctaylor,27455.0,00-0040531,946.0,834.0,130.0,704.0,964.0,16.0,WR320,,Roc Taylor,,,,,,,,,,,24.0,1.0,,0.0,308.0,0.44000000000000017,0.44000000000000017,False,True,859.0,95.05999999999999,1.0,1.0,1.0,1.0,1.0,1.0,1.0,0.9999999999999996,0.9999999999999996,0.9999999999999963,0.999999999999996,0.999999999999974,0.9999999999999718,0.9999999999998259,0.9999999999998119,138.98333333333332,-138.54333333333332,-136.99333333333334,340,884,,,,,,,,,,,,,,,
12946,Dontae Fleming,WR,,,534.8,999.0,,,18.0,,,,,,,,,,,,0.0,dontaefleming,,,880.0,744.33,213.1,448.0,940.0,15.0,WR283,,Dontae Fleming,,,,,,,,,Questionable,Undisclosed,24.0,1.0,,0.0,282.0,0.44000000000000017,0.44000000000000017,False,True,769.33,85.1963,1.0,1.0,1.0,1.0,1.0,0.9999999999999999,0.9999999999999998,0.9999999999999987,0.9999999999999986,0.999999999999988,0.9999999999999869,0.9999999999998976,0.9999999999998883,0.9999999999991913,0.99999999999912,138.98333333333332,-138.54333333333332,-136.99333333333334,341,885,,,,,,,,,,,,,,,
12925,Jamaal Pritchett,WR,NYJ,,637.8,999.0,,,18.0,,,,,,,,,,,,0.0,jamaalpritchett,27453.0,00-0040405,956.0,899.5,63.5,836.0,963.0,16.0,WR328,13.0,Jamaal Pritchett,,,,,,,,,,,23.0,1.0,,0.0,327.0,0.44000000000000017,0.44000000000000017,False,True,924.5,102.265,1.0,1.0,1.0,1.0,1.0,1.0,1.0,0.9999999999999998,0.9999999999999998,0.9999999999999982,0.9999999999999981,0.9999999999999889,0.999999999999988,0.9999999999999332,0.9999999999999281,138.98333333333332,-138.54333333333332,-136.99333333333334,342,886,,,,,,,,,,,,,,,
12888,Dalen Cambre,WR,NYG,,686.5,999.0,,,18.0,,,,,,,,,,,,0.0,dalencambre,,,947.0,858.0,81.0,777.0,939.0,16.0,WR321,8.0,Dalen Cambre,,,,,,,,,,,25.0,1.0,,0.0,315.0,0.44000000000000017,0.44000000000000017,False,True,883.0,97.69999999999999,1.0,1.0,1.0,1.0,1.0,1.0,1.0,0.9999999999999996,0.9999999999999996,0.9999999999999972,0.999999999999997,0.9999999999999811,0.9999999999999797,0.9999999999998792,0.9999999999998695,138.98333333333332,-138.54333333333332,-136.99333333333334,343,887,,,,,,,,,,,,,,,
12863,Andrew Armstrong,WR,KC,,999.0,999.0,,,18.0,,,,,,,,,,,,0.0,andrewarmstrong,26400.0,00-0040298,856.0,723.33,199.82,446.0,909.0,15.0,WR277,5.0,Andrew Armstrong,,,,,,,,,,,25.0,1.0,,0.0,272.0,0.44000000000000017,0.44000000000000017,False,True,748.33,82.88629999999999,1.0,1.0,1.0,1.0,1.0,0.9999999999999998,0.9999999999999998,0.9999999999999983,0.9999999999999982,0.9999999999999836,0.999999999999982,0.999999999999853,0.9999999999998392,0.9999999999987874,0.9999999999986783,138.98333333333332,-138.54333333333332,-136.99333333333334,344,888,,,,,,,,,,,,,,,
12761,Jordan Moore,WR,CIN,,634.3,999.0,,,18.0,,,,,,,,,,,,0.0,jordanmoore,,00-0040375,954.0,898.5,66.5,832.0,965.0,16.0,WR327,6.0,Jordan Moore,,,,,,,,,,,24.0,1.0,,0.0,325.0,0.44000000000000017,0.44000000000000017,False,True,923.5,102.15499999999999,1.0,1.0,1.0,1.0,1.0,1.0,1.0,0.9999999999999998,0.9999999999999998,0.9999999999999982,0.9999999999999981,0.9999999999999887,0.9999999999999878,0.9999999999999322,0.999999999999927,138.98333333333332,-138.54333333333332,-136.99333333333334,345,889,,,,,,,,,,,,,,,
12746,JP Richardson,WR,CHI,,662.5,999.0,,,18.0,,,,,,,,,,,,0.0,jprichardson,,00-0040275,952.0,891.0,61.0,830.0,952.0,16.0,WR325,10.0,JP Richardson,,,,,,,,,,,24.0,1.0,,0.0,322.0,0.44000000000000017,0.44000000000000017,False,True,916.0,101.33,1.0,1.0,1.0,1.0,1.0,1.0,1.0,0.9999999999999998,0.9999999999999998,0.9999999999999981,0.999999999999998,0.9999999999999877,0.9999999999999867,0.9999999999999247,0.999999999999919,138.98333333333332,-138.54333333333332,-136.99333333333334,346,890,,,,,,,,,,,,,,,
12721,Kaden Prather,WR,,,687.5,999.0,,,18.0,,,,,,,,,,,,0.0,kadenprather,25413.0,00-0040239,881.0,745.33,188.47,485.0,925.0,15.0,WR284,,Kaden Prather,,,,,,,,,,,23.0,1.0,,0.0,284.0,0.44000000000000017,0.44000000000000017,False,True,770.33,85.3063,1.0,1.0,1.0,1.0,1.0,0.9999999999999999,0.9999999999999998,0.9999999999999987,0.9999999999999987,0.9999999999999882,0.9999999999999871,0.9999999999998994,0.9999999999998902,0.9999999999992064,0.9999999999991366,138.98333333333332,-138.54333333333332,-136.99333333333334,347,891,,,,,,,,,,,,,,,
12478,Nick Nash,WR,,,999.0,999.0,,,18.0,,,,,,,,,,,,0.0,nicknash,27263.0,00-0040551,899.0,762.67,119.4,667.0,931.0,15.0,WR290,,Nick Nash,,,,,,,,,,,26.0,1.0,,0.0,292.0,0.44000000000000017,0.44000000000000017,False,True,787.67,87.21369999999999,1.0,1.0,1.0,1.0,1.0,0.9999999999999999,0.9999999999999999,0.9999999999999989,0.9999999999999989,0.9999999999999908,0.99999999999999,0.9999999999999244,0.9999999999999176,0.9999999999994237,0.9999999999993738,138.98333333333332,-138.54333333333332,-136.99333333333334,348,892,,,,,,,,,,,,,,,
12460,Antwane Wells,WR,ATL,,303.0,999.0,,,18.0,,,,,,,,,,,,0.0,antwanewells,27218.0,00-0040438,751.0,603.0,274.18,226.0,870.0,14.0,WR248,11.0,Juice Wells Jr.,,,,,,,,,,,25.0,1.0,,0.0,224.0,0.44000000000000017,0.44000000000000017,False,True,628.0,69.64999999999999,1.0,1.0,1.0,1.0,1.0,0.9999999999999993,0.9999999999999992,0.9999999999999896,0.9999999999999883,0.999999999999857,0.9999999999998408,0.9999999999982523,0.9999999999980651,0.9999999999809943,0.9999999999790604,138.98333333333332,-138.54333333333332,-136.99333333333334,349,893,,,,,,,,,,,,,,,
12151,Julian Hicks,WR,SEA,,556.1,999.0,,,18.0,,,,,,,,,,,,0.0,julianhicks,,,922.0,757.5,156.5,601.0,914.0,16.0,WR307,11.0,Julian Hicks,,,,,,,,,,,26.0,2.0,,0.0,288.0,0.44000000000000017,0.44000000000000017,False,True,782.5,86.645,1.0,1.0,1.0,1.0,1.0,0.9999999999999999,0.9999999999999999,0.9999999999999989,0.9999999999999988,0.9999999999999901,0.9999999999999891,0.9999999999999178,0.9999999999999103,0.9999999999993667,0.9999999999993117,138.98333333333332,-138.54333333333332,-136.99333333333334,350,894,,,,,,,,,,,,,,,
8205,Isiah Pacheco,RB,DET,194.3,191.4,151.4,48.6,53.6,18.0,,,,67.0,263.0,2.0,10.0,,73.0,,1.0,48.6,isiahpacheco,24333.0,00-0037197,223.0,204.24,47.98,138.0,330.0,8.0,RB67,6.0,Isiah Pacheco,,,,13.0,77.80000000000001,5.984615384615386,26.0,118.0,IR,Back,27.0,4.0,4.0,0.0,62.0,53.03333333333333,0.0,True,False,194.3,21.943,1.0,0.9999999999999964,0.9999999999999949,0.999999999988846,0.9999999999847864,0.9999999890523861,0.9999999857772714,0.9999966432451,0.9999958443131136,0.9996737917465601,0.999614860197366,0.9896959716364099,0.9883815317322062,0.8890225189291885,0.880157319737177,138.58039215686273,-138.58039215686273,-118.31666666666668,228,895,,,,,,,,,,,,,,,
12484,Jayden Higgins,WR,HOU,231.7,227.4,126.3,,,18.0,,,,,,,,,,,,0.0,jaydenhiggins,27077.0,00-0040130,,,,,,,,,,,,,17.0,109.0,6.411764705882353,68.0,0.0,IR,Knee - ACL,23.0,1.0,9.0,0.0,,,0.0,True,False,231.7,26.057,1.0,0.9999999999999993,0.9999999999999991,0.9999999999992204,0.9999999999989728,0.9999999996078182,0.9999999995008526,0.9999999138598401,0.9999998940736983,0.9999916862687702,0.9999901191899051,0.9996439621617965,0.9995908207341824,0.9931269219512996,0.9923553290380179,138.98333333333332,-138.98333333333332,-137.43333333333334,351,896,,,,,,,,,,,,,,,
11638,Ricky Pearsall,WR,SF,693.0,244.4,400.0,,,18.0,,,,,,,,,,,,0.0,rickypearsall,26214.0,00-0039916,,,,,,,,,,,,,9.0,70.60000000000001,7.844444444444445,53.0,2.0,IR,Knee - PCL,25.0,2.0,10.0,0.0,,,0.0,True,False,693.0,76.8,1.0,1.0,1.0,1.0,1.0,0.9999999999999998,0.9999999999999997,0.9999999999999964,0.999999999999996,0.9999999999999591,0.9999999999999549,0.9999999999995814,0.9999999999995399,0.9999999999961074,0.9999999999957373,138.98333333333332,-138.98333333333332,-137.43333333333334,352,897,,,,,,,,,,,,,,,
11559,Michael Penix,QB,ATL,694.7,227.9,230.6,143.16,143.16,18.0,2194.0,13.0,8.0,28.0,94.0,1.0,,,,,3.0,141.16,michaelpenix,22973.0,00-0039917,262.0,288.9,40.56,191.0,484.0,9.0,QB32,11.0,Michael Penix Jr.,,,,9.0,121.28,13.475555555555555,0.0,21.0,Out,Knee - ACL,26.0,2.0,3.0,124.5529411764706,32.0,107.91098039215687,116.23196078431374,False,False,694.7,76.987,1.0,1.0,1.0,1.0,1.0,0.9999999999999998,0.9999999999999997,0.9999999999999964,0.999999999999996,0.9999999999999603,0.9999999999999563,0.9999999999995957,0.9999999999995555,0.9999999999962532,0.9999999999958975,292.1733333333334,-175.94137254901966,-162.99803921568628,31,898,,,,,,,,,,,,,,,
6768,Tua Tagovailoa,QB,ATL,258.4,236.5,238.8,92.96,92.96,18.0,1499.0,9.0,6.0,14.0,30.0,,,,,,3.0,86.96000000000001,tuatagovailoa,19198.0,00-0036212,257.0,285.81,47.78,156.0,626.0,9.0,QB31,11.0,Tua Tagovailoa,,,,14.0,173.70000000000002,12.407142857142858,0.0,20.0,,,28.0,6.0,1.0,86.96000000000001,31.0,128.87098039215687,107.91549019607844,False,False,258.4,28.993999999999996,1.0,0.9999999999999998,0.9999999999999997,0.9999999999998255,0.9999999999997747,0.9999999999426408,0.9999999999280336,0.9999999903635177,0.9999999882417427,0.9999991687753884,0.9999990134320976,0.9999629758727775,0.9999572433710837,0.9991411142692097,0.9990344904079163,292.1733333333334,-184.25784313725495,-171.31450980392157,32,899,1.0,1.0,1.0,1.0,1.0,1.0,1.0,1.0,1.0,1.0,1.0,1.0,1.0,1.0,1.0
4017,Deshaun Watson,QB,CLE,655.5,999.0,999.0,102.06,102.06,18.0,1374.0,8.0,6.0,30.0,131.0,2.0,,,,,2.0,102.06,deshaunwatson,16398.0,00-0033537,278.0,297.09,43.45,206.0,582.0,9.0,QB35,11.0,Deshaun Watson,,,,,,,,,,,30.0,9.0,1.0,102.06,34.0,79.66666666666667,90.86333333333334,False,False,655.5,72.675,1.0,1.0,1.0,1.0,1.0,0.9999999999999996,0.9999999999999996,0.9999999999999936,0.9999999999999927,0.9999999999999181,0.9999999999999092,0.9999999999990732,0.9999999999989769,0.9999999999905855,0.9999999999896547,292.1733333333334,-201.31000000000006,-188.36666666666667,33,900,,,,,,,,,,,,,,,
12524,Shedeur Sanders,QB,CLE,682.2,236.1,227.4,97.12,97.12,18.0,1433.0,7.0,5.0,26.0,88.0,2.0,,,,,2.0,97.12,shedeursanders,25968.0,00-0040668,275.0,301.47,43.67,194.0,630.0,9.0,QB34,11.0,Shedeur Sanders,,,,8.0,94.9,11.8625,0.0,21.0,,,24.0,1.0,3.0,97.12,35.0,60.34666666666667,78.73333333333333,False,False,682.2,75.612,1.0,1.0,1.0,1.0,1.0,0.9999999999999997,0.9999999999999996,0.9999999999999958,0.9999999999999953,0.9999999999999504,0.9999999999999452,0.9999999999994778,0.9999999999994252,0.9999999999950214,0.9999999999945427,292.1733333333334,-213.44000000000005,-200.49666666666667,34,901,,,,,,,,,,,,,,,
1166,Kirk Cousins,QB,LV,685.6,999.0,999.0,39.16,39.16,18.0,639.0,5.0,3.0,5.0,6.0,,,,,,2.0,39.160000000000004,kirkcousins,11177.0,00-0029604,265.0,292.75,51.84,174.0,592.0,9.0,QB33,13.0,Kirk Cousins,,,,10.0,108.54,10.854000000000001,0.0,14.0,,,38.0,14.0,1.0,39.160000000000004,33.0,95.38,67.27,False,False,685.6,75.98599999999999,1.0,1.0,1.0,1.0,1.0,0.9999999999999997,0.9999999999999997,0.999999999999996,0.9999999999999956,0.9999999999999534,0.9999999999999485,0.9999999999995133,0.9999999999994644,0.9999999999953957,0.9999999999949546,292.1733333333334,-224.90333333333342,-211.96000000000004,35,902,,,,,,,,,,,,,,,
13272,Carson Beck,QB,ARI,692.7,999.0,999.0,54.92,54.92,18.0,778.0,5.0,4.0,12.0,38.0,1.0,,,,,1.0,54.92,carsonbeck,22953.0,00-0041561,335.0,337.02,64.82,262.0,629.0,10.0,QB36,14.0,Carson Beck,,,,,,,,,,,23.0,0.0,3.0,54.92,36.0,42.93333333333334,48.92666666666667,False,False,692.7,76.767,1.0,1.0,1.0,1.0,1.0,0.9999999999999998,0.9999999999999997,0.9999999999999963,0.999999999999996,0.9999999999999589,0.9999999999999547,0.999999999999579,0.999999999999537,0.9999999999960811,0.9999999999957083,292.1733333333334,-243.24666666666673,-230.30333333333334,36,903,,,,,,,,,,,,,,,
7591,Justin Fields,QB,KC,683.5,999.0,999.0,34.72,34.72,18.0,363.0,2.0,2.0,18.0,102.0,1.0,,,,,1.0,34.72,justinfields,19781.0,00-0036945,363.0,360.52,71.1,302.0,624.0,11.0,QB39,5.0,Justin Fields,,,,9.0,133.66,14.851111111111111,1.0,71.0,,,27.0,5.0,2.0,34.72,38.0,31.24666666666667,32.983333333333334,False,False,683.5,75.755,1.0,1.0,1.0,1.0,1.0,0.9999999999999997,0.9999999999999996,0.9999999999999958,0.9999999999999953,0.9999999999999516,0.9999999999999465,0.9999999999994917,0.9999999999994407,0.9999999999951683,0.9999999999947045,292.1733333333334,-259.19000000000005,-246.24666666666667,37,904,,,,,,,,,,,,,,,
7527,Mac Jones,QB,SF,685.8,999.0,999.0,26.72,26.72,18.0,423.0,3.0,2.0,5.0,18.0,,,,,,1.0,26.720000000000002,macjones,20156.0,00-0036972,357.0,361.74,85.23,266.0,682.0,11.0,QB38,8.0,Mac Jones,,,,11.0,134.04000000000002,12.185454545454547,0.0,36.0,,,28.0,5.0,2.0,26.720000000000002,39.0,28.993333333333336,27.85666666666667,False,False,685.8,76.008,1.0,1.0,1.0,1.0,1.0,0.9999999999999997,0.9999999999999997,0.999999999999996,0.9999999999999956,0.9999999999999536,0.9999999999999487,0.9999999999995153,0.9999999999994666,0.9999999999954168,0.9999999999949778,292.1733333333334,-264.3166666666667,-251.37333333333333,38,905,,,,,,,,,,,,,,,
19,Joe Flacco,QB,CIN,698.8,999.0,999.0,28.72,28.72,18.0,448.0,3.0,2.0,4.0,8.0,,,,,,,28.720000000000002,joeflacco,9300.0,00-0026158,395.0,387.32,89.36,295.0,627.0,11.0,QB42,6.0,Joe Flacco,,,,13.0,152.66,11.743076923076924,0.0,21.0,,,41.0,18.0,2.0,28.720000000000002,42.0,25.96666666666667,27.343333333333334,False,False,698.8,77.43799999999999,1.0,1.0,1.0,1.0,1.0,0.9999999999999998,0.9999999999999998,0.9999999999999967,0.9999999999999963,0.9999999999999631,0.9999999999999593,0.9999999999996274,0.9999999999995907,0.9999999999965803,0.999999999996257,292.1733333333334,-264.83000000000004,-251.88666666666668,39,906,,,,,,,,,,,,,,,
2028,Derek Carr,QB,,691.7,999.0,999.0,27.18,27.18,18.0,447.0,3.0,2.0,4.0,13.0,,,,,,1.0,27.18,derekcarr,12092.0,00-0031280,,,,,,,,,,,,,,,,,,NA,Personal,34.0,11.0,,27.18,,,27.18,False,False,691.7,76.657,1.0,1.0,1.0,1.0,1.0,0.9999999999999998,0.9999999999999997,0.9999999999999962,0.9999999999999959,0.9999999999999581,0.9999999999999538,0.9999999999995703,0.9999999999995275,0.9999999999959918,0.9999999999956102,292.1733333333334,-264.9933333333334,-252.05,40,907,,,,,,,,,,,,,,,
9229,Anthony Richardson,QB,IND,657.4,999.0,999.0,21.32,21.32,18.0,193.0,1.0,1.0,8.0,46.0,1.0,,,,,,21.32,anthonyrichardson,24347.0,00-0039164,370.0,375.52,84.78,306.0,670.0,11.0,QB40,13.0,Anthony Richardson Sr.,,,,2.0,1.66,0.83,1.0,4.0,,,24.0,3.0,2.0,21.32,40.0,27.953333333333337,24.63666666666667,False,False,657.4,72.88399999999999,1.0,1.0,1.0,1.0,1.0,0.9999999999999996,0.9999999999999996,0.9999999999999937,0.9999999999999929,0.999999999999921,0.9999999999999124,0.9999999999991114,0.9999999999990193,0.9999999999910154,0.999999999990129,292.1733333333334,-267.53666666666675,-254.59333333333336,41,908,,,,,,,,,,,,,,,
11565,J.J. McCarthy,QB,MIN,653.9,224.2,227.1,13.62,13.62,18.0,213.0,1.0,1.0,5.0,21.0,,,,,,,13.62,jjmccarthy,23018.0,00-0039923,354.0,354.44,72.2,249.0,625.0,11.0,QB37,6.0,J.J. McCarthy,,,,10.0,135.38,13.538,0.0,37.0,,,23.0,2.0,3.0,13.62,37.0,34.72666666666667,24.173333333333332,False,False,653.9,72.499,1.0,1.0,1.0,1.0,1.0,0.9999999999999996,0.9999999999999994,0.9999999999999933,0.9999999999999926,0.9999999999999154,0.9999999999999062,0.9999999999990394,0.9999999999989396,0.9999999999902058,0.9999999999892359,292.1733333333334,-268.00000000000006,-255.05666666666667,42,909,,,,,,,,,,,,,,,
13303,Cade Klubnik,QB,NYJ,649.6,999.0,999.0,24.0,24.0,18.0,400.0,2.0,2.0,5.0,20.0,,,,,,,24.0,cadeklubnik,24361.0,00-0041056,418.0,412.92,124.74,274.0,702.0,11.0,QB45,13.0,Cade Klubnik,,,,,,,,,,,22.0,0.0,3.0,24.0,45.0,21.94666666666667,22.973333333333336,False,False,649.6,72.026,1.0,1.0,1.0,1.0,1.0,0.9999999999999996,0.9999999999999994,0.9999999999999929,0.999999999999992,0.999999999999908,0.9999999999998979,0.9999999999989421,0.9999999999988316,0.9999999999890989,0.9999999999880147,292.1733333333334,-269.20000000000005,-256.25666666666666,43,910,,,,,,,,,,,,,,,
13306,Taylen Green,QB,CLE,641.0,999.0,999.0,30.3,30.3,18.0,335.0,2.0,2.0,15.0,69.0,1.0,,,,,1.0,30.3,taylengreen,28094.0,00-0041092,574.0,544.8,128.7,362.0,685.0,13.0,QB56,11.0,Taylen Green,,,,,,,,,,,23.0,0.0,4.0,30.3,61.0,12.420000000000002,21.36,False,False,641.0,71.08,1.0,1.0,1.0,1.0,1.0,0.9999999999999994,0.9999999999999993,0.9999999999999917,0.9999999999999907,0.9999999999998906,0.9999999999998785,0.9999999999987125,0.9999999999985766,0.9999999999864484,0.9999999999850882,292.1733333333334,-270.8133333333334,-257.87,44,911,,,,,,,,,,,,,,,
13275,Ty Simpson,QB,LAR,673.1,241.8,243.2,13.62,13.62,18.0,218.0,1.0,1.0,5.0,19.0,,,,,,,13.620000000000001,tysimpson,25368.0,00-0041568,373.0,383.15,76.74,313.0,636.0,11.0,QB41,11.0,Ty Simpson,,,,,,,,,,,23.0,0.0,3.0,13.620000000000001,41.0,27.286666666666665,20.453333333333333,False,False,673.1,74.61099999999999,1.0,1.0,1.0,1.0,1.0,0.9999999999999996,0.9999999999999996,0.9999999999999951,0.9999999999999946,0.9999999999999414,0.9999999999999352,0.9999999999993678,0.9999999999993034,0.9999999999938431,0.9999999999932454,292.1733333333334,-271.7200000000001,-258.7766666666667,45,912,,,,,,,,,,,,,,,
6011,Gardner Minshew,QB,ARI,650.1,677.8,999.0,27.96,27.96,18.0,394.0,3.0,2.0,6.0,22.0,,,,,,,27.96,gardnerminshew,18562.0,00-0035289,570.0,541.4,144.28,338.0,715.0,13.0,QB54,14.0,Gardner Minshew II,,,,4.0,0.6799999999999999,0.16999999999999998,0.0,6.0,,,30.0,7.0,2.0,27.96,59.0,12.459999999999999,20.21,False,False,650.1,72.081,1.0,1.0,1.0,1.0,1.0,0.9999999999999996,0.9999999999999994,0.9999999999999929,0.999999999999992,0.9999999999999089,0.9999999999998989,0.999999999998954,0.9999999999988447,0.9999999999892345,0.9999999999881642,292.1733333333334,-271.9633333333334,-259.02000000000004,46,913,,,,,,,,,,,,,,,
2307,Marcus Mariota,QB,WAS,507.5,999.0,999.0,13.12,13.12,18.0,188.0,1.0,1.0,4.0,26.0,,,,,,,13.120000000000001,marcusmariota,13890.0,00-0032268,399.0,395.06,108.34,305.0,698.0,11.0,QB43,7.0,Marcus Mariota,,,,10.0,130.5,13.05,0.0,50.0,Questionable,Knee,32.0,11.0,2.0,13.120000000000001,43.0,24.406666666666666,18.763333333333335,False,False,507.5,56.395,1.0,1.0,1.0,0.9999999999999998,0.9999999999999998,0.9999999999999947,0.9999999999999939,0.999999999999862,0.9999999999998426,0.9999999999970083,0.9999999999966123,0.9999999999457019,0.9999999999389669,0.9999999991746198,0.9999999990790611,292.1733333333334,-273.4100000000001,-260.4666666666667,47,914,,,,,,,,,,,,,,,
2306,Jameis Winston,QB,NYG,664.4,999.0,999.0,12.86,12.86,18.0,214.0,1.0,1.0,3.0,13.0,,,,,,,12.860000000000001,jameiswinston,13891.0,00-0031503,403.0,409.35,106.78,313.0,694.0,11.0,QB44,8.0,Jameis Winston,,,,3.0,44.78,14.926666666666668,1.0,7.0,,,32.0,11.0,2.0,12.860000000000001,44.0,22.840000000000003,17.85,False,False,664.4,73.654,1.0,1.0,1.0,1.0,1.0,0.9999999999999996,0.9999999999999996,0.9999999999999943,0.9999999999999938,0.9999999999999309,0.9999999999999235,0.9999999999992378,0.9999999999991596,0.9999999999924225,0.9999999999916804,292.1733333333334,-274.3233333333334,-261.38,48,915,,,,,,,,,,,,,,,
13289,Drew Allar,QB,PIT,656.9,699.6,999.0,22.02,22.02,18.0,398.0,2.0,2.0,5.0,21.0,,,,,,1.0,22.02,drewallar,24345.0,00-0041565,572.0,544.0,139.3,327.0,683.0,13.0,QB55,9.0,Drew Allar,,,,,,,,,,,22.0,0.0,4.0,22.02,60.0,12.433333333333332,17.226666666666667,False,False,656.9,72.829,1.0,1.0,1.0,1.0,1.0,0.9999999999999996,0.9999999999999996,0.9999999999999936,0.9999999999999929,0.9999999999999203,0.9999999999999116,0.9999999999991015,0.9999999999990083,0.9999999999909044,0.9999999999900067,292.1733333333334,-274.9466666666667,-262.00333333333333,49,916,,,,,,,,,,,,,,,
12511,Will Howard,QB,PIT,609.5,999.0,999.0,22.5,22.5,18.0,410.0,2.0,2.0,5.0,21.0,,,,,,1.0,22.5,willhoward,25972.0,00-0040203,727.0,582.67,87.8,461.0,665.0,14.0,QB83,9.0,Will Howard,,,,,,,,,,,24.0,1.0,3.0,22.5,75.0,11.693333333333333,17.096666666666668,False,False,609.5,67.615,1.0,1.0,1.0,1.0,1.0,0.9999999999999991,0.999999999999999,0.9999999999999853,0.9999999999999836,0.9999999999997868,0.9999999999997622,0.9999999999972486,0.9999999999969473,0.9999999999686198,0.9999999999653632,292.1733333333334,-275.0766666666667,-262.1333333333333,50,917,,,,,,,,,,,,,,,
12470,Riley Leonard,QB,IND,683.3,999.0,999.0,12.44,12.44,18.0,196.0,1.0,1.0,4.0,16.0,,,,,,,12.44,rileyleonard,25373.0,00-0040206,523.0,479.0,121.5,357.0,643.0,12.0,QB47,13.0,Riley Leonard,,,,5.0,34.0,6.8,0.0,6.0,,,23.0,1.0,3.0,12.44,46.0,19.320000000000004,15.880000000000003,False,False,683.3,75.73299999999999,1.0,1.0,1.0,1.0,1.0,0.9999999999999997,0.9999999999999996,0.9999999999999958,0.9999999999999953,0.9999999999999514,0.9999999999999463,0.9999999999994895,0.9999999999994382,0.9999999999951461,0.9999999999946799,292.1733333333334,-276.2933333333334,-263.35,51,918,,,,,,,,,,,,,,,
11557,Joe Milton,QB,DAL,684.4,999.0,999.0,12.4,12.4,18.0,195.0,1.0,1.0,4.0,16.0,,,,,,,12.4,joemilton,25967.0,00-0039398,472.0,491.71,144.03,331.0,691.0,12.0,QB46,14.0,Joe Milton III,,,,4.0,12.32,3.08,0.0,5.0,,,26.0,2.0,,12.4,47.0,16.599999999999998,14.5,False,False,684.4,75.85399999999998,1.0,1.0,1.0,1.0,1.0,0.9999999999999997,0.9999999999999997,0.9999999999999959,0.9999999999999954,0.9999999999999523,0.9999999999999474,0.9999999999995011,0.999999999999451,0.9999999999952673,0.9999999999948133,292.1733333333334,-277.6733333333334,-264.73,52,919,,,,,,,,,,,,,,,
7610,Trey Lance,QB,LAC,639.6,999.0,999.0,14.62,14.62,18.0,183.0,1.0,1.0,8.0,43.0,,,,,,,14.620000000000001,treylance,20082.0,00-0037012,566.0,538.0,137.14,356.0,726.0,13.0,QB52,7.0,Trey Lance,,,,4.0,14.540000000000001,3.6350000000000002,0.0,17.0,,,26.0,5.0,2.0,14.620000000000001,57.0,12.566666666666668,13.593333333333334,False,False,639.6,70.926,1.0,1.0,1.0,1.0,1.0,0.9999999999999994,0.9999999999999993,0.9999999999999916,0.9999999999999905,0.9999999999998874,0.999999999999875,0.9999999999986701,0.9999999999985295,0.9999999999859532,0.9999999999845413,292.1733333333334,-278.58000000000004,-265.63666666666666,53,920,,,,,,,,,,,,,,,
13415,Haynes King,QB,CAR,691.9,999.0,999.0,,,18.0,,,,,,,,,,,,0.0,haynesking,23141.0,00-0041149,540.0,502.6,111.97,385.0,658.0,13.0,QB48,5.0,Haynes King,,,,,,,,,Questionable,Hamstring,25.0,0.0,3.0,0.0,50.0,13.453333333333333,13.453333333333333,False,False,691.9,76.67899999999999,1.0,1.0,1.0,1.0,1.0,0.9999999999999998,0.9999999999999997,0.9999999999999963,0.9999999999999959,0.9999999999999583,0.999999999999954,0.9999999999995721,0.9999999999995295,0.9999999999960099,0.9999999999956299,292.1733333333334,-278.7200000000001,-265.7766666666667,54,921,,,,,,,,,,,,,,,
12510,Jalen Milroe,QB,SEA,663.0,999.0,999.0,13.86,13.86,18.0,164.0,1.0,1.0,8.0,43.0,,,,,,,13.86,jalenmilroe,22884.0,00-0040673,555.0,525.2,160.51,256.0,687.0,13.0,QB49,11.0,Jalen Milroe,,,,3.0,-1.6,-0.5333333333333333,0.0,3.0,,,23.0,1.0,3.0,13.86,53.0,12.819999999999999,13.34,False,False,663.0,73.5,1.0,1.0,1.0,1.0,1.0,0.9999999999999996,0.9999999999999996,0.9999999999999942,0.9999999999999936,0.9999999999999291,0.9999999999999214,0.9999999999992142,0.9999999999991334,0.9999999999921618,0.999999999991393,292.1733333333334,-278.8333333333334,-265.89000000000004,55,922,,,,,,,,,,,,,,,
12500,Quinn Ewers,QB,JAX,697.4,999.0,999.0,12.4,12.4,18.0,195.0,1.0,1.0,4.0,16.0,,,,,,,12.4,quinnewers,23680.0,00-0040234,607.0,494.0,109.89,367.0,641.0,13.0,QB58,7.0,Quinn Ewers,,,,4.0,35.68,8.92,1.0,8.0,,,23.0,1.0,3.0,12.4,48.0,14.033333333333333,13.216666666666667,False,False,697.4,77.28399999999999,1.0,1.0,1.0,1.0,1.0,0.9999999999999998,0.9999999999999997,0.9999999999999967,0.9999999999999962,0.9999999999999621,0.9999999999999583,0.999999999999617,0.999999999999579,0.9999999999964724,0.9999999999961384,292.1733333333334,-278.95666666666676,-266.0133333333334,56,923,,,,,,,,,,,,,,,
7083,Tyler Huntley,QB,BAL,690.0,999.0,999.0,12.68,12.68,18.0,182.0,1.0,1.0,4.0,24.0,,,,,,,12.68,tylerhuntley,19297.0,00-0035993,609.0,499.0,100.99,387.0,642.0,13.0,QB59,13.0,Tyler Huntley,,,,5.0,40.14,8.028,0.0,24.0,,,28.0,6.0,2.0,12.68,49.0,13.700000000000001,13.190000000000001,False,False,690.0,76.47,1.0,1.0,1.0,1.0,1.0,0.9999999999999998,0.9999999999999997,0.9999999999999962,0.9999999999999958,0.9999999999999569,0.9999999999999524,0.9999999999995552,0.9999999999995108,0.9999999999958347,0.9999999999954374,292.1733333333334,-278.9833333333334,-266.04,57,924,,,,,,,,,,,,,,,
6111,Jake Browning,QB,,640.0,999.0,999.0,,,18.0,,,,,,,,,,,,0.0,jakebrowning,18557.0,00-0035100,620.0,524.75,142.75,320.0,686.0,13.0,QB60,,Jake Browning,,,,5.0,56.74,11.348,0.0,9.0,,,30.0,7.0,,0.0,52.0,12.96,12.96,False,False,640.0,70.97,1.0,1.0,1.0,1.0,1.0,0.9999999999999994,0.9999999999999993,0.9999999999999916,0.9999999999999906,0.9999999999998883,0.999999999999876,0.9999999999986824,0.9999999999985432,0.9999999999860967,0.9999999999846998,292.1733333333334,-279.2133333333334,-266.27000000000004,58,925,,,,,,,,,,,,,,,
9999,Will Levis,QB,,675.8,999.0,999.0,12.7,12.7,18.0,205.0,1.0,1.0,4.0,15.0,,,,,,,12.7,willlevis,22987.0,00-0039152,682.0,506.0,88.59,397.0,614.0,14.0,QB74,,Will Levis,,,,,,,,,,,27.0,3.0,,12.7,51.0,13.213333333333333,12.956666666666667,False,False,675.8,74.90799999999999,1.0,1.0,1.0,1.0,1.0,0.9999999999999997,0.9999999999999996,0.9999999999999953,0.9999999999999948,0.9999999999999443,0.9999999999999383,0.9999999999994029,0.9999999999993424,0.999999999994222,0.9999999999936628,292.1733333333334,-279.21666666666675,-266.27333333333337,59,926,,,,,,,,,,,,,,,
827,Tyrod Taylor,QB,GB,610.6,658.2,999.0,12.9,12.9,18.0,205.0,1.0,1.0,4.0,17.0,,,,,,,12.899999999999999,tyrodtaylor,10007.0,00-0028118,560.0,531.4,123.47,375.0,688.0,13.0,QB51,11.0,Tyrod Taylor,,,,6.0,64.46000000000001,10.743333333333334,0.0,27.0,,,37.0,15.0,2.0,12.899999999999999,55.0,12.686666666666667,12.793333333333333,False,False,610.6,67.73599999999999,1.0,1.0,1.0,1.0,1.0,0.9999999999999991,0.999999999999999,0.9999999999999857,0.999999999999984,0.9999999999997919,0.999999999999768,0.9999999999973236,0.9999999999970309,0.9999999999695625,0.9999999999664074,292.1733333333334,-279.38000000000005,-266.43666666666667,60,927,,,,,,,,,,,,,,,
7983,Collin Hill,QB,,,669.0,999.0,,,18.0,,,,,,,,,,,,0.0,collinhill,,,807.0,531.5,46.5,485.0,578.0,15.0,QB93,,Collin Hill,,,,,,,,,,,24.0,1.0,,0.0,56.0,12.626666666666665,12.626666666666665,False,True,556.5,61.785000000000004,1.0,1.0,1.0,0.9999999999999999,0.9999999999999999,0.9999999999999979,0.9999999999999976,0.9999999999999571,0.9999999999999516,0.9999999999992415,0.9999999999991477,0.9999999999884119,0.9999999999870595,0.9999999998473139,0.9999999998305407,292.1733333333334,-279.54666666666674,-266.60333333333335,61,928,,,,,,,,,,,,,,,
13427,Diego Pavia,QB,,694.0,999.0,999.0,12.52,12.52,18.0,183.0,1.0,1.0,4.0,22.0,,,,,,,12.52,diegopavia,28082.0,,,,,,,,,,,,,,,,,,,,,24.0,0.0,,12.52,,,12.52,False,False,694.0,76.91,1.0,1.0,1.0,1.0,1.0,0.9999999999999998,0.9999999999999997,0.9999999999999964,0.999999999999996,0.9999999999999598,0.9999999999999556,0.9999999999995899,0.999999999999549,0.9999999999961939,0.9999999999958323,292.1733333333334,-279.6533333333334,-266.71000000000004,62,929,,,,,,,,,,,,,,,
11256,Tyson Bagent,QB,CHI,606.0,999.0,999.0,12.5,12.5,18.0,195.0,1.0,1.0,4.0,17.0,,,,,,,12.5,tysonbagent,25321.0,00-0038416,568.0,540.6,132.65,372.0,701.0,13.0,QB53,10.0,Tyson Bagent,,,,2.0,2.58,1.29,0.0,2.0,,,26.0,3.0,3.0,12.5,58.0,12.486666666666666,12.493333333333332,False,False,606.0,67.22999999999999,1.0,1.0,1.0,1.0,1.0,0.9999999999999991,0.9999999999999989,0.9999999999999845,0.9999999999999825,0.9999999999997695,0.9999999999997429,0.9999999999969941,0.9999999999966637,0.9999999999654011,0.999999999961797,292.1733333333334,-279.68000000000006,-266.7366666666667,63,930,,,,,,,,,,,,,,,
12538,Brady Cook,QB,MIA,673.0,999.0,999.0,,,18.0,,,,,,,,,,,,0.0,bradycook,27161.0,00-0040398,811.0,548.0,67.0,481.0,615.0,15.0,QB94,6.0,Brady Cook,,,,5.0,33.46,6.692,0.0,13.0,,,24.0,1.0,2.0,0.0,62.0,12.406666666666666,12.406666666666666,False,False,673.0,74.6,1.0,1.0,1.0,1.0,1.0,0.9999999999999996,0.9999999999999996,0.9999999999999951,0.9999999999999946,0.9999999999999413,0.9999999999999349,0.9999999999993665,0.999999999999302,0.9999999999938285,0.9999999999932294,292.1733333333334,-279.76666666666677,-266.8233333333334,64,931,,,,,,,,,,,,,,,
10217,Clayton Tune,QB,,643.8,999.0,999.0,12.4,12.4,18.0,195.0,1.0,1.0,4.0,16.0,,,,,,,12.4,claytontune,25227.0,00-0038582,,,,,,,,,,,,,2.0,2.9800000000000004,1.4900000000000002,0.0,5.0,,,27.0,3.0,,12.4,,,12.4,False,False,643.8,71.38799999999999,1.0,1.0,1.0,1.0,1.0,0.9999999999999994,0.9999999999999993,0.999999999999992,0.9999999999999911,0.9999999999998966,0.9999999999998852,0.9999999999987927,0.9999999999986658,0.9999999999873821,0.9999999999861193,292.1733333333334,-279.7733333333334,-266.83000000000004,65,932,,,,,,,,,,,,,,,
13425,Jalon Daniels,QB,TB,646.9,659.3,999.0,,,18.0,,,,,,,,,,,,0.0,jalondaniels,26060.0,00-0041251,707.0,550.33,80.05,454.0,650.0,14.0,QB78,10.0,Jalon Daniels,,,,,,,,,,,23.0,0.0,3.0,0.0,63.0,12.4,12.4,False,False,646.9,71.72899999999998,1.0,1.0,1.0,1.0,1.0,0.9999999999999996,0.9999999999999993,0.9999999999999925,0.9999999999999916,0.9999999999999029,0.9999999999998922,0.9999999999988753,0.9999999999987574,0.999999999988334,0.9999999999871704,292.1733333333334,-279.7733333333334,-266.83000000000004,66,933,,,,,,,,,,,,,,,
10857,Stetson Bennett,QB,LAR,658.5,999.0,999.0,,,18.0,,,,,,,,,,,,0.0,stetsonbennett,23927.0,00-0039107,816.0,554.0,83.0,471.0,637.0,15.0,QB95,11.0,Stetson Bennett IV,,,,,,,,,,,28.0,3.0,2.0,0.0,64.0,12.4,12.4,False,False,658.5,73.005,1.0,1.0,1.0,1.0,1.0,0.9999999999999996,0.9999999999999996,0.9999999999999938,0.9999999999999931,0.9999999999999227,0.9999999999999143,0.9999999999991327,0.999999999999043,0.9999999999912546,0.9999999999903926,292.1733333333334,-279.7733333333334,-266.83000000000004,67,934,,,,,,,,,,,,,,,
7585,Davis Mills,QB,HOU,676.3,999.0,999.0,12.04,12.04,18.0,211.0,1.0,1.0,2.0,6.0,,,,,,,12.04,davismills,22799.0,00-0036898,557.0,528.6,141.2,333.0,704.0,13.0,QB50,8.0,Davis Mills,,,,6.0,67.6,11.266666666666666,0.0,13.0,,,27.0,5.0,2.0,12.04,54.0,12.746666666666664,12.39333333333333,False,False,676.3,74.963,1.0,1.0,1.0,1.0,1.0,0.9999999999999997,0.9999999999999996,0.9999999999999953,0.9999999999999948,0.9999999999999447,0.9999999999999389,0.9999999999994091,0.9999999999993494,0.9999999999942893,0.9999999999937369,292.1733333333334,-279.7800000000001,-266.8366666666667,68,935,,,,,,,,,,,,,,,
8160,Kenny Pickett,QB,CAR,665.5,999.0,999.0,,,18.0,,,,,,,,,,,,0.0,kennypickett,22722.0,00-0038102,711.0,557.33,91.94,442.0,667.0,14.0,QB79,5.0,Kenny Pickett,,,,6.0,9.72,1.62,0.0,5.0,,,28.0,4.0,2.0,0.0,66.0,12.366666666666667,12.366666666666667,False,False,665.5,73.77499999999999,1.0,1.0,1.0,1.0,1.0,0.9999999999999996,0.9999999999999996,0.9999999999999944,0.9999999999999938,0.9999999999999323,0.9999999999999252,0.9999999999992558,0.9999999999991794,0.9999999999926207,0.9999999999918987,292.1733333333334,-279.80666666666673,-266.86333333333334,69,936,,,,,,,,,,,,,,,
5854,Drew Lock,QB,SEA,691.4,692.7,999.0,,,18.0,,,,,,,,,,,,0.0,drewlock,18225.0,00-0035704,714.0,562.0,90.23,452.0,673.0,14.0,QB80,11.0,Drew Lock,,,,3.0,0.09999999999999998,0.033333333333333326,0.0,6.0,,,29.0,7.0,2.0,0.0,67.0,12.306666666666667,12.306666666666667,False,False,691.4,76.624,1.0,1.0,1.0,1.0,1.0,0.9999999999999998,0.9999999999999997,0.9999999999999962,0.9999999999999959,0.9999999999999579,0.9999999999999536,0.9999999999995677,0.9999999999995246,0.9999999999959646,0.9999999999955802,292.1733333333334,-279.86666666666673,-266.92333333333335,70,937,,,,,,,,,,,,,,,
5127,Kyle Allen,QB,BUF,672.0,665.6,999.0,12.0,12.0,18.0,195.0,1.0,1.0,2.0,12.0,,,,,,,12.0,kyleallen,17869.0,00-0034577,715.0,565.67,91.65,458.0,682.0,14.0,QB81,7.0,Kyle Allen,,,,2.0,-0.30000000000000004,-0.15000000000000002,0.0,3.0,,,30.0,8.0,2.0,12.0,68.0,12.193333333333333,12.096666666666668,False,False,672.0,74.49,1.0,1.0,1.0,1.0,1.0,0.9999999999999996,0.9999999999999996,0.999999999999995,0.9999999999999944,0.9999999999999402,0.9999999999999338,0.9999999999993529,0.9999999999992869,0.9999999999936808,0.9999999999930669,292.1733333333334,-280.0766666666667,-267.1333333333333,71,938,,,,,,,,,,,,,,,
6136,Jarrett Stidham,QB,DEN,325.0,999.0,999.0,12.22,12.22,18.0,198.0,1.0,1.0,2.0,13.0,,,,,,,12.22,jarrettstidham,18604.0,00-0035264,648.0,578.75,98.77,429.0,695.0,13.0,QB62,10.0,Jarrett Stidham,,,,1.0,-0.1,-0.1,0.0,1.0,,,30.0,7.0,2.0,12.22,72.0,11.933333333333335,12.076666666666668,False,False,325.0,36.32,1.0,1.0,1.0,0.9999999999999891,0.9999999999999867,0.9999999999985202,0.9999999999982004,0.9999999998682267,0.9999999998425904,0.9999999923444115,0.9999999910159472,0.999999709226737,0.9999996647407547,0.9999927600059527,0.9999917973415439,292.1733333333334,-280.09666666666675,-267.15333333333336,72,939,,,,,,,,,,,,,,,
11562,Spencer Rattler,QB,NO,686.3,999.0,999.0,12.68,12.68,18.0,202.0,1.0,1.0,4.0,16.0,,,,,,,12.68,spencerrattler,23081.0,00-0039376,652.0,583.0,108.4,419.0,706.0,14.0,QB63,8.0,Spencer Rattler,,,,9.0,103.64,11.515555555555556,2.0,31.0,,,25.0,2.0,3.0,12.68,77.0,11.46,12.07,False,False,686.3,76.06299999999999,1.0,1.0,1.0,1.0,1.0,0.9999999999999997,0.9999999999999997,0.999999999999996,0.9999999999999956,0.9999999999999539,0.9999999999999492,0.9999999999995202,0.9999999999994722,0.999999999995469,0.9999999999950351,292.1733333333334,-280.1033333333334,-267.16,73,940,,,,,,,,,,,,,,,
4972,Mason Rudolph,QB,PIT,655.3,999.0,999.0,11.68,11.68,18.0,202.0,1.0,1.0,2.0,6.0,,,,,,,11.68,masonrudolph,17234.0,00-0034771,590.0,554.2,124.96,387.0,719.0,13.0,QB57,9.0,Mason Rudolph,,,,5.0,17.0,3.4,0.0,7.0,,,31.0,8.0,2.0,11.68,65.0,12.393333333333336,12.036666666666669,False,False,655.3,72.65299999999999,1.0,1.0,1.0,1.0,1.0,0.9999999999999996,0.9999999999999996,0.9999999999999934,0.9999999999999927,0.9999999999999176,0.9999999999999087,0.999999999999069,0.9999999999989724,0.9999999999905389,0.9999999999896034,292.1733333333334,-280.1366666666667,-267.1933333333333,74,941,,,,,,,,,,,,,,,
3357,Brandon Allen,QB,,500.6,999.0,999.0,,,18.0,,,,,,,,,,,,0.0,brandonallen,15745.0,00-0032434,827.0,572.5,50.5,522.0,623.0,15.0,QB96,,Brandon Allen,,,,1.0,1.88,1.88,0.0,0.0,,,33.0,10.0,,0.0,70.0,12.026666666666666,12.026666666666666,False,False,500.6,55.636,1.0,1.0,1.0,0.9999999999999998,0.9999999999999998,0.9999999999999938,0.9999999999999929,0.9999999999998346,0.999999999999811,0.9999999999963045,0.9999999999958104,0.9999999999311909,0.9999999999225817,0.9999999989321238,0.9999999988075847,292.1733333333334,-280.14666666666676,-267.2033333333334,75,942,,,,,,,,,,,,,,,
3976,Mitchell Trubisky,QB,TEN,654.8,999.0,999.0,11.94,11.94,18.0,186.0,1.0,1.0,4.0,15.0,,,,,,,11.940000000000001,mitchelltrubisky,16381.0,00-0033869,646.0,568.0,113.07,434.0,699.0,13.0,QB61,9.0,Mitchell Trubisky,,,,4.0,29.12,7.28,0.0,9.0,Questionable,Biceps,32.0,9.0,2.0,11.940000000000001,69.0,12.1,12.02,False,False,654.8,72.59799999999998,1.0,1.0,1.0,1.0,1.0,0.9999999999999996,0.9999999999999996,0.9999999999999933,0.9999999999999927,0.999999999999917,0.9999999999999079,0.9999999999990585,0.9999999999989608,0.9999999999904214,0.9999999999894738,292.1733333333334,-280.1533333333334,-267.21000000000004,76,943,,,,,,,,,,,,,,,
13295,Behren Morton,QB,NE,684.0,999.0,999.0,,,18.0,,,,,,,,,,,,0.0,behrenmorton,23146.0,00-0041123,829.0,577.5,85.5,492.0,663.0,15.0,QB97,11.0,Behren Morton,,,,,,,,,,,24.0,0.0,3.0,0.0,71.0,11.993333333333334,11.993333333333334,False,False,684.0,75.80999999999999,1.0,1.0,1.0,1.0,1.0,0.9999999999999997,0.9999999999999996,0.9999999999999958,0.9999999999999953,0.999999999999952,0.9999999999999469,0.999999999999497,0.9999999999994464,0.9999999999952236,0.9999999999947652,292.1733333333334,-280.18000000000006,-267.2366666666667,77,944,,,,,,,,,,,,,,,
12477,Kurtis Rourke,QB,SF,615.5,676.4,999.0,,,18.0,,,,,,,,,,,,0.0,kurtisrourke,27129.0,00-0040589,835.0,582.0,87.0,495.0,669.0,15.0,QB98,8.0,Kurtis Rourke,,,,,,,,,Questionable,Ribs,25.0,1.0,3.0,0.0,73.0,11.873333333333335,11.873333333333335,False,False,615.5,68.27499999999999,1.0,1.0,1.0,1.0,1.0,0.9999999999999991,0.9999999999999991,0.9999999999999869,0.9999999999999853,0.999999999999813,0.9999999999997917,0.9999999999976311,0.9999999999973737,0.9999999999734009,0.9999999999706581,292.1733333333334,-280.30000000000007,-267.3566666666667,78,945,,,,,,,,,,,,,,,
13314,Luke Altmyer,QB,DET,673.0,999.0,999.0,,,18.0,,,,,,,,,,,,0.0,lukealtmyer,,00-0041453,836.0,582.5,63.5,519.0,646.0,15.0,QB99,6.0,Luke Altmyer,,,,,,,,,,,23.0,0.0,,0.0,74.0,11.786666666666667,11.786666666666667,False,False,673.0,74.6,1.0,1.0,1.0,1.0,1.0,0.9999999999999996,0.9999999999999996,0.9999999999999951,0.9999999999999946,0.9999999999999413,0.9999999999999349,0.9999999999993665,0.999999999999302,0.9999999999938285,0.9999999999932294,292.1733333333334,-280.3866666666667,-267.4433333333333,79,946,,,,,,,,,,,,,,,
2152,Teddy Bridgewater,QB,,687.4,999.0,999.0,11.58,11.58,18.0,202.0,1.0,1.0,2.0,5.0,,,,,,,11.58,teddybridgewater,12088.0,00-0031237,,,,,,,,,,,,,3.0,2.88,0.96,0.0,3.0,NA,Personal,33.0,12.0,,11.58,,,11.58,False,False,687.4,76.184,1.0,1.0,1.0,1.0,1.0,0.9999999999999997,0.9999999999999997,0.999999999999996,0.9999999999999956,0.9999999999999548,0.99999999999995,0.9999999999995309,0.999999999999484,0.9999999999955813,0.9999999999951587,292.1733333333334,-280.5933333333334,-267.65000000000003,80,947,,,,,,,,,,,,,,,
13602,Jack Strand,QB,ATL,687.7,999.0,999.0,,,18.0,,,,,,,,,,,,0.0,jackstrand,,,726.0,582.67,93.77,456.0,680.0,14.0,QB82,11.0,Jack Strand,,,,,,,,,,,22.0,0.0,4.0,0.0,76.0,11.533333333333333,11.533333333333333,False,False,687.7,76.217,1.0,1.0,1.0,1.0,1.0,0.9999999999999997,0.9999999999999997,0.999999999999996,0.9999999999999957,0.9999999999999551,0.9999999999999504,0.9999999999995338,0.9999999999994872,0.9999999999956113,0.9999999999951917,292.1733333333334,-280.64000000000004,-267.69666666666666,81,948,,,,,,,,,,,,,,,
3161,Carson Wentz,QB,MIN,633.3,999.0,999.0,12.44,12.44,18.0,221.0,1.0,1.0,2.0,6.0,,,,,,,12.44,carsonwentz,15520.0,00-0032950,669.0,607.5,107.23,433.0,711.0,14.0,QB70,6.0,Carson Wentz,,,,5.0,73.34,14.668000000000001,0.0,11.0,,,33.0,10.0,2.0,12.44,93.0,9.168000000000001,10.804,False,False,633.3,70.23299999999999,1.0,1.0,1.0,1.0,1.0,0.9999999999999993,0.9999999999999993,0.9999999999999905,0.9999999999999893,0.9999999999998719,0.9999999999998577,0.999999999998459,0.9999999999982949,0.9999999999834651,0.9999999999817919,292.1733333333334,-281.36933333333343,-268.42600000000004,82,949,,,,,,,,,,,,,,,
9230,Tanner McKee,QB,PHI,676.6,999.0,999.0,12.42,12.42,18.0,198.0,1.0,1.0,4.0,15.0,,,,,,,12.42,tannermckee,24740.0,00-0038400,671.0,609.0,92.43,463.0,709.0,14.0,QB71,10.0,Tanner McKee,,,,4.0,14.760000000000002,3.6900000000000004,0.0,8.0,,,26.0,3.0,3.0,12.42,95.0,9.168000000000001,10.794,False,False,676.6,74.996,1.0,1.0,1.0,1.0,1.0,0.9999999999999997,0.9999999999999996,0.9999999999999953,0.9999999999999949,0.999999999999945,0.9999999999999392,0.9999999999994129,0.9999999999993534,0.9999999999943293,0.999999999993781,292.1733333333334,-281.3793333333334,-268.43600000000004,83,950,,,,,,,,,,,,,,,
4179,Joshua Dobbs,QB,DET,692.8,692.3,999.0,12.4,12.4,18.0,195.0,1.0,1.0,4.0,16.0,,,,,,,12.4,joshuadobbs,16417.0,00-0033949,661.0,593.25,99.33,450.0,696.0,14.0,QB67,6.0,Joshua Dobbs,,,,4.0,2.1,0.525,0.0,10.0,,,31.0,9.0,2.0,12.4,84.0,9.168000000000001,10.784,False,False,692.8,76.77799999999999,1.0,1.0,1.0,1.0,1.0,0.9999999999999998,0.9999999999999997,0.9999999999999963,0.999999999999996,0.9999999999999589,0.9999999999999547,0.9999999999995798,0.9999999999995379,0.9999999999960899,0.999999999995718,292.1733333333334,-281.3893333333334,-268.446,84,951,,,,,,,,,,,,,,,
11292,Tommy DeVito,QB,NE,655.5,999.0,999.0,12.38,12.38,18.0,202.0,1.0,1.0,4.0,13.0,,,,,,,12.38,tommydevito,25746.0,00-0038476,657.0,588.0,103.64,444.0,724.0,14.0,QB65,11.0,Tommy DeVito,,,,,,,,,,,28.0,3.0,2.0,12.38,81.0,9.168000000000001,10.774000000000001,False,False,655.5,72.675,1.0,1.0,1.0,1.0,1.0,0.9999999999999996,0.9999999999999996,0.9999999999999936,0.9999999999999927,0.9999999999999181,0.9999999999999092,0.9999999999990732,0.9999999999989769,0.9999999999905855,0.9999999999896547,292.1733333333334,-281.3993333333334,-268.456,85,952,,,,,,,,,,,,,,,
1837,Jimmy Garoppolo,QB,,663.4,685.4,999.0,12.32,12.32,18.0,218.0,1.0,1.0,2.0,6.0,,,,,,,12.32,jimmygaroppolo,12208.0,00-0031345,847.0,595.5,122.5,473.0,718.0,15.0,QB103,11.0,Jimmy Garoppolo,,,,3.0,-1.0,-0.3333333333333333,0.0,9.0,,,34.0,12.0,,12.32,87.0,9.168000000000001,10.744,False,False,663.4,73.544,1.0,1.0,1.0,1.0,1.0,0.9999999999999996,0.9999999999999996,0.9999999999999942,0.9999999999999936,0.9999999999999296,0.9999999999999221,0.9999999999992211,0.9999999999991409,0.9999999999922373,0.9999999999914762,292.1733333333334,-281.4293333333334,-268.486,86,953,,,,,,,,,,,,,,,
4464,Nick Mullens,QB,JAX,570.0,660.0,999.0,12.04,12.04,18.0,211.0,1.0,1.0,2.0,6.0,,,,,,,12.04,nickmullens,16726.0,00-0033319,750.0,602.33,86.85,489.0,700.0,14.0,QB87,7.0,Nick Mullens,,,,4.0,-0.040000000000000036,-0.010000000000000009,0.0,12.0,,,31.0,9.0,,12.04,91.0,9.168000000000001,10.604,False,False,570.0,63.27,1.0,1.0,1.0,1.0,0.9999999999999999,0.9999999999999983,0.9999999999999981,0.999999999999968,0.9999999999999639,0.9999999999994614,0.999999999999396,0.9999999999921323,0.9999999999912292,0.9999999999001847,0.9999999998893778,292.1733333333334,-281.5693333333334,-268.62600000000003,87,954,,,,,,,,,,,,,,,
12486,Dillon Gabriel,QB,CLE,604.0,999.0,999.0,11.86,11.86,18.0,189.0,1.0,1.0,2.0,13.0,,,,,,,11.860000000000001,dillongabriel,23150.0,00-0040704,665.0,601.5,94.57,446.0,689.0,14.0,QB68,11.0,Dillon Gabriel,,,,10.0,72.08,7.208,0.0,14.0,IR,Back,25.0,1.0,2.0,11.860000000000001,89.0,9.168000000000001,10.514000000000001,False,False,604.0,67.00999999999999,1.0,1.0,1.0,1.0,1.0,0.9999999999999991,0.9999999999999989,0.9999999999999838,0.9999999999999818,0.999999999999759,0.999999999999731,0.999999999996837,0.9999999999964885,0.9999999999634008,0.9999999999595802,292.1733333333334,-281.6593333333334,-268.716,88,955,,,,,,,,,,,,,,,
829,Andy Dalton,QB,PHI,657.2,999.0,999.0,11.82,11.82,18.0,208.0,1.0,1.0,2.0,5.0,,,,,,,11.82,andydalton,9907.0,00-0027973,659.0,591.25,93.35,448.0,692.0,14.0,QB66,10.0,Andy Dalton,,,,4.0,10.520000000000001,2.6300000000000003,0.0,5.0,,,38.0,15.0,2.0,11.82,83.0,9.168000000000001,10.494,False,False,657.2,72.862,1.0,1.0,1.0,1.0,1.0,0.9999999999999996,0.9999999999999996,0.9999999999999937,0.9999999999999929,0.9999999999999207,0.9999999999999121,0.9999999999991074,0.999999999999015,0.9999999999909712,0.9999999999900803,292.1733333333334,-281.6793333333334,-268.736,89,956,,,,,,,,,,,,,,,
260,Josh Johnson,QB,CIN,526.0,544.0,999.0,11.34,11.34,18.0,176.0,1.0,1.0,2.0,13.0,,,,,,,11.34,joshjohnson,9326.0,00-0026300,768.0,618.67,63.22,537.0,691.0,14.0,QB90,6.0,Josh Johnson,,,,3.0,26.380000000000003,8.793333333333335,0.0,12.0,,,40.0,18.0,,11.34,100.0,9.168000000000001,10.254000000000001,False,False,526.0,58.43,1.0,1.0,1.0,0.9999999999999999,0.9999999999999998,0.9999999999999963,0.9999999999999958,0.9999999999999132,0.9999999999999014,0.9999999999982625,0.9999999999980385,0.9999999999705089,0.9999999999669347,0.9999999995756661,0.999999999527498,292.1733333333334,-281.9193333333334,-268.976,90,957,,,,,,,,,,,,,,,
8159,Desmond Ridder,QB,,437.2,999.0,999.0,,,18.0,,,,,,,,,,,,0.0,desmondridder,20080.0,00-0038122,773.0,623.67,75.66,528.0,713.0,14.0,QB91,,Desmond Ridder,,,,,,,,,,,26.0,4.0,,0.0,106.0,9.168000000000001,9.168000000000001,False,False,437.2,48.662,1.0,1.0,1.0,0.9999999999999994,0.9999999999999993,0.9999999999999716,0.9999999999999667,0.9999999999989058,0.9999999999987326,0.9999999999668303,0.9999999999619611,0.9999999992076942,0.9999999991003463,0.9999999850748327,0.9999999832191897,292.1733333333334,-283.0053333333334,-270.062,91,958,,,,,,,,,,,,,,,
10862,Dorian Thompson-Robinson,QB,,473.7,664.4,999.0,,,18.0,,,,,,,,,,,,0.0,dorianthompsonrobinson,20086.0,00-0038583,860.0,616.0,91.0,525.0,707.0,15.0,QB105,,Dorian Thompson-Robinson,,,,,,,,,,,25.0,2.0,,0.0,99.0,9.168000000000001,9.168000000000001,False,False,473.7,52.677,1.0,1.0,1.0,0.9999999999999998,0.9999999999999997,0.9999999999999887,0.9999999999999869,0.9999999999996505,0.9999999999995984,0.9999999999911597,0.9999999999899306,0.9999999998176003,0.9999999997939927,0.999999996927876,0.9999999965594291,292.1733333333334,-283.0053333333334,-270.062,92,959,,,,,,,,,,,,,,,
7583,Sam Ehlinger,QB,DEN,479.3,666.3,999.0,,,18.0,,,,,,,,,,,,0.0,samehlinger,19803.0,00-0036879,731.0,586.33,74.53,483.0,656.0,14.0,QB84,10.0,Sam Ehlinger,,,,,,,,,,,27.0,5.0,3.0,0.0,79.0,9.168000000000001,9.168000000000001,False,False,479.3,53.293,1.0,1.0,1.0,0.9999999999999998,0.9999999999999997,0.9999999999999901,0.9999999999999886,0.9999999999997027,0.9999999999996588,0.9999999999926765,0.9999999999916667,0.9999999998521487,0.9999999998331472,0.9999999975520835,0.9999999972601825,292.1733333333334,-283.0053333333334,-270.062,93,960,,,,,,,,,,,,,,,
1338,Matt Barkley,QB,,514.9,503.6,999.0,,,18.0,,,,,,,,,,,,0.0,mattbarkley,11686.0,00-0030533,873.0,633.5,86.5,547.0,720.0,15.0,QB111,,Matt Barkley,,,,,,,,,,,33.0,11.0,,0.0,111.0,9.168000000000001,9.168000000000001,False,False,514.9,57.208999999999996,1.0,1.0,1.0,0.9999999999999998,0.9999999999999998,0.9999999999999954,0.9999999999999947,0.9999999999998859,0.9999999999998699,0.9999999999976021,0.9999999999972882,0.9999999999576439,0.9999999999524386,0.9999999993702162,0.9999999992978739,292.1733333333334,-283.0053333333334,-270.062,94,961,,,,,,,,,,,,,,,
11556,Devin Leary,QB,,548.0,677.3,999.0,,,18.0,,,,,,,,,,,,0.0,devinleary,24698.0,00-0039801,867.0,629.0,85.0,544.0,714.0,15.0,QB108,,Devin Leary,,,,,,,,,,,25.0,1.0,,0.0,108.0,9.168000000000001,9.168000000000001,False,False,548.0,60.85,1.0,1.0,1.0,0.9999999999999999,0.9999999999999999,0.9999999999999976,0.9999999999999972,0.9999999999999483,0.9999999999999414,0.9999999999990519,0.9999999999989333,0.9999999999850937,0.9999999999833358,0.9999999997987838,0.9999999997764761,292.1733333333334,-283.0053333333334,-270.062,95,962,,,,,,,,,,,,,,,
12705,Graham Mertz,QB,HOU,567.0,521.5,999.0,,,18.0,,,,,,,,,,,,0.0,grahammertz,23186.0,00-0040211,845.0,594.0,60.0,534.0,654.0,15.0,QB102,8.0,Graham Mertz,,,,,,,,,IR,Knee - ACL,25.0,1.0,3.0,0.0,86.0,9.168000000000001,9.168000000000001,False,False,567.0,62.94,1.0,1.0,1.0,1.0,0.9999999999999999,0.9999999999999982,0.999999999999998,0.9999999999999659,0.9999999999999616,0.9999999999994196,0.9999999999993487,0.9999999999914366,0.99999999999045,0.9999999998904473,0.9999999998785478,292.1733333333334,-283.0053333333334,-270.062,96,963,,,,,,,,,,,,,,,
13428,Joey Aguilar,QB,JAX,577.0,684.4,999.0,,,18.0,,,,,,,,,,,,0.0,joeyaguilar,,,869.0,630.0,56.0,574.0,686.0,15.0,QB109,7.0,Joey Aguilar,,,,,,,,,,,25.0,0.0,,0.0,109.0,9.168000000000001,9.168000000000001,False,False,577.0,64.03999999999999,1.0,1.0,1.0,1.0,1.0,0.9999999999999986,0.9999999999999983,0.9999999999999724,0.9999999999999689,0.9999999999995466,0.9999999999994922,0.9999999999935254,0.9999999999927885,0.9999999999194321,0.9999999999107745,292.1733333333334,-283.0053333333334,-270.062,97,964,,,,,,,,,,,,,,,
12775,Max Brosmer,QB,MIN,579.7,999.0,999.0,,,18.0,,,,,,,,,,,,0.0,maxbrosmer,27580.0,00-0040494,761.0,612.33,64.59,531.0,689.0,14.0,QB89,6.0,Max Brosmer,,,,7.0,8.22,1.1742857142857144,0.0,7.0,,,25.0,1.0,,0.0,97.0,9.168000000000001,9.168000000000001,False,False,579.7,64.337,1.0,1.0,1.0,1.0,1.0,0.9999999999999987,0.9999999999999984,0.9999999999999738,0.9999999999999705,0.9999999999995755,0.9999999999995245,0.9999999999939881,0.999999999993306,0.9999999999257405,0.9999999999177839,292.1733333333334,-283.0053333333334,-270.062,98,965,,,,,,,,,,,,,,,
12773,DJ Uiagalelei,QB,LAC,598.5,999.0,999.0,,,18.0,,,,,,,,,,,,0.0,djuiagalelei,22932.0,00-0040464,862.0,619.5,59.5,560.0,679.0,15.0,QB106,7.0,DJ Uiagalelei,,,,,,,,,,,25.0,1.0,,0.0,101.0,9.168000000000001,9.168000000000001,False,False,598.5,66.40499999999999,1.0,1.0,1.0,1.0,1.0,0.9999999999999989,0.9999999999999989,0.999999999999982,0.9999999999999798,0.9999999999997269,0.9999999999996951,0.999999999996356,0.9999999999959519,0.9999999999572169,0.9999999999527245,292.1733333333334,-283.0053333333334,-270.062,99,966,,,,,,,,,,,,,,,
13557,Athan Kaliakmanis,QB,WAS,599.1,670.2,999.0,,,18.0,,,,,,,,,,,,0.0,athankaliakmanis,28098.0,00-0041117,748.0,599.0,70.33,504.0,672.0,14.0,QB86,7.0,Athan Kaliakmanis,,,,,,,,,,,23.0,0.0,4.0,0.0,88.0,9.168000000000001,9.168000000000001,False,False,599.1,66.47099999999999,1.0,1.0,1.0,1.0,1.0,0.9999999999999989,0.9999999999999989,0.9999999999999822,0.99999999999998,0.9999999999997307,0.9999999999996992,0.9999999999964122,0.9999999999960146,0.9999999999579441,0.9999999999535308,292.1733333333334,-283.0053333333334,-270.062,100,967,,,,,,,,,,,,,,,
10983,Sean Clifford,QB,CIN,618.5,999.0,999.0,,,18.0,,,,,,,,,,,,0.0,seanclifford,20073.0,00-0038391,841.0,588.0,72.0,516.0,660.0,15.0,QB100,6.0,Sean Clifford,,,,,,,,,,,28.0,3.0,,0.0,80.0,9.168000000000001,9.168000000000001,False,False,618.5,68.60499999999999,1.0,1.0,1.0,1.0,1.0,0.9999999999999992,0.9999999999999991,0.9999999999999876,0.9999999999999862,0.9999999999998248,0.9999999999998049,0.9999999999978,0.9999999999975616,0.9999999999754872,0.9999999999729674,292.1733333333334,-283.0053333333334,-270.062,101,968,,,,,,,,,,,,,,,
10866,Aidan O'Connell,QB,LV,620.0,662.3,999.0,,,18.0,,,,,,,,,,,,0.0,aidanoconnell,24330.0,00-0038579,684.0,619.5,88.27,479.0,710.0,14.0,QB75,13.0,Aidan O'Connell,,,,1.0,4.78,4.78,0.0,1.0,,,28.0,3.0,2.0,0.0,102.0,9.168000000000001,9.168000000000001,False,False,620.0,68.77,1.0,1.0,1.0,1.0,1.0,0.9999999999999992,0.9999999999999991,0.999999999999988,0.9999999999999866,0.9999999999998305,0.9999999999998112,0.9999999999978793,0.99999999999765,0.9999999999764624,0.9999999999740468,292.1733333333334,-283.0053333333334,-270.062,102,969,,,,,,,,,,,,,,,
13335,Cole Payton,QB,PHI,643.2,999.0,999.0,,,18.0,,,,,,,,,,,,0.0,colepayton,28302.0,00-0040891,756.0,608.33,71.45,513.0,685.0,14.0,QB88,10.0,Cole Payton,,,,,,,,,,,23.0,0.0,4.0,0.0,94.0,9.168000000000001,9.168000000000001,False,False,643.2,71.322,1.0,1.0,1.0,1.0,1.0,0.9999999999999994,0.9999999999999993,0.999999999999992,0.9999999999999911,0.9999999999998954,0.9999999999998839,0.9999999999987761,0.9999999999986473,0.9999999999871881,0.9999999999859052,292.1733333333334,-283.0053333333334,-270.062,103,970,,,,,,,,,,,,,,,
13350,Joe Fagnano,QB,BAL,655.6,664.0,999.0,,,18.0,,,,,,,,,,,,0.0,joefagnano,28400.0,00-0040981,740.0,593.33,70.43,498.0,666.0,14.0,QB85,13.0,Joe Fagnano,,,,,,,,,,,25.0,0.0,4.0,0.0,85.0,9.168000000000001,9.168000000000001,False,False,655.6,72.68599999999999,1.0,1.0,1.0,1.0,1.0,0.9999999999999996,0.9999999999999996,0.9999999999999936,0.9999999999999928,0.9999999999999182,0.9999999999999093,0.9999999999990752,0.9999999999989793,0.9999999999906086,0.9999999999896804,292.1733333333334,-283.0053333333334,-270.062,104,971,,,,,,,,,,,,,,,
9998,Hendon Hooker,QB,TEN,659.7,999.0,999.0,,,18.0,,,,,,,,,,,,0.0,hendonhooker,24332.0,00-0038550,688.0,623.25,82.34,487.0,690.0,14.0,QB77,9.0,Hendon Hooker,,,,,,,,,,,28.0,3.0,,0.0,105.0,9.168000000000001,9.168000000000001,False,False,659.7,73.137,1.0,1.0,1.0,1.0,1.0,0.9999999999999996,0.9999999999999996,0.9999999999999939,0.9999999999999932,0.9999999999999245,0.9999999999999163,0.9999999999991553,0.9999999999990681,0.9999999999915072,0.9999999999906715,292.1733333333334,-283.0053333333334,-270.062,105,972,,,,,,,,,,,,,,,
7605,Kyle Trask,QB,,660.5,673.2,999.0,,,18.0,,,,,,,,,,,,0.0,kyletrask,19800.0,00-0036928,854.0,603.5,93.5,510.0,697.0,15.0,QB104,,Kyle Trask,,,,,,,,,,,28.0,5.0,,0.0,92.0,9.168000000000001,9.168000000000001,False,False,660.5,73.225,1.0,1.0,1.0,1.0,1.0,0.9999999999999996,0.9999999999999996,0.999999999999994,0.9999999999999933,0.9999999999999256,0.9999999999999175,0.99999999999917,0.9999999999990845,0.9999999999916713,0.9999999999908522,292.1733333333334,-283.0053333333334,-270.062,106,973,,,,,,,,,,,,,,,
1737,Case Keenum,QB,CHI,664.7,662.0,999.0,,,18.0,,,,,,,,,,,,0.0,casekeenum,11425.0,00-0028986,686.0,621.0,76.43,501.0,712.0,14.0,QB76,10.0,Case Keenum,,,,,,,,,,,38.0,14.0,2.0,0.0,104.0,9.168000000000001,9.168000000000001,False,False,664.7,73.687,1.0,1.0,1.0,1.0,1.0,0.9999999999999996,0.9999999999999996,0.9999999999999944,0.9999999999999938,0.9999999999999314,0.999999999999924,0.9999999999992428,0.999999999999165,0.9999999999924771,0.9999999999917406,292.1733333333334,-283.0053333333334,-270.062,107,974,,,,,,,,,,,,,,,
13404,Garrett Nussmeier,QB,KC,677.9,668.0,999.0,,,18.0,,,,,,,,,,,,0.0,garrettnussmeier,22998.0,00-0040906,680.0,613.75,92.62,465.0,716.0,14.0,QB73,5.0,Garrett Nussmeier,,,,,,,,,,,24.0,0.0,3.0,0.0,98.0,9.168000000000001,9.168000000000001,False,False,677.9,75.139,1.0,1.0,1.0,1.0,1.0,0.9999999999999997,0.9999999999999996,0.9999999999999954,0.9999999999999949,0.9999999999999463,0.9999999999999407,0.9999999999994288,0.999999999999371,0.999999999994499,0.9999999999939677,292.1733333333334,-283.0053333333334,-270.062,108,975,,,,,,,,,,,,,,,
12494,Kyle McCord,QB,MIA,678.6,999.0,999.0,,,18.0,,,,,,,,,,,,0.0,kylemccord,23066.0,00-0040014,666.0,601.5,90.04,459.0,705.0,14.0,QB69,6.0,Kyle McCord,,,,,,,,,,,23.0,1.0,3.0,0.0,90.0,9.168000000000001,9.168000000000001,False,False,678.6,75.216,1.0,1.0,1.0,1.0,1.0,0.9999999999999997,0.9999999999999996,0.9999999999999956,0.999999999999995,0.999999999999947,0.9999999999999414,0.9999999999994371,0.9999999999993802,0.999999999994588,0.9999999999940656,292.1733333333334,-283.0053333333334,-270.062,109,976,,,,,,,,,,,,,,,
7538,Zach Wilson,QB,NO,684.2,999.0,999.0,,,18.0,,,,,,,,,,,,0.0,zachwilson,22679.0,00-0037013,675.0,611.5,87.57,469.0,684.0,14.0,QB72,8.0,Zach Wilson,,,,4.0,1.3800000000000001,0.34500000000000003,0.0,3.0,,,27.0,5.0,2.0,0.0,96.0,9.168000000000001,9.168000000000001,False,False,684.2,75.832,1.0,1.0,1.0,1.0,1.0,0.9999999999999997,0.9999999999999996,0.9999999999999958,0.9999999999999953,0.9999999999999521,0.9999999999999472,0.9999999999994991,0.9999999999994487,0.9999999999952456,0.9999999999947893,292.1733333333334,-283.0053333333334,-270.062,110,977,,,,,,,,,,,,,,,
8162,Sam Howell,QB,DAL,689.0,999.0,999.0,,,18.0,,,,,,,,,,,,0.0,samhowell,23045.0,00-0037077,655.0,585.25,102.27,436.0,708.0,14.0,QB64,14.0,Sam Howell,,,,,,,,,,,25.0,4.0,2.0,0.0,78.0,9.168000000000001,9.168000000000001,False,False,689.0,76.36,1.0,1.0,1.0,1.0,1.0,0.9999999999999997,0.9999999999999997,0.9999999999999962,0.9999999999999958,0.999999999999956,0.9999999999999516,0.999999999999546,0.9999999999995006,0.9999999999957392,0.9999999999953324,292.1733333333334,-283.0053333333334,-270.062,111,978,,,,,,,,,,,,,,,
11558,Sam Hartman,QB,WAS,690.1,660.9,999.0,,,18.0,,,,,,,,,,,,0.0,samhartman,,,863.0,620.0,70.0,550.0,690.0,15.0,QB107,7.0,Sam Hartman,,,,,,,,,,,27.0,2.0,,0.0,103.0,9.168000000000001,9.168000000000001,False,False,690.1,76.481,1.0,1.0,1.0,1.0,1.0,0.9999999999999998,0.9999999999999997,0.9999999999999962,0.9999999999999958,0.9999999999999569,0.9999999999999525,0.9999999999995561,0.9999999999995118,0.9999999999958442,0.9999999999954479,292.1733333333334,-283.0053333333334,-270.062,112,979,,,,,,,,,,,,,,,
8157,Bailey Zappe,QB,NYJ,690.8,999.0,999.0,,,18.0,,,,,,,,,,,,0.0,baileyzappe,24027.0,00-0038108,777.0,628.0,47.81,571.0,688.0,14.0,QB92,13.0,Bailey Zappe,,,,,,,,,,,27.0,4.0,,0.0,107.0,9.168000000000001,9.168000000000001,False,False,690.8,76.55799999999999,1.0,1.0,1.0,1.0,1.0,0.9999999999999998,0.9999999999999997,0.9999999999999962,0.9999999999999958,0.9999999999999575,0.999999999999953,0.9999999999995624,0.9999999999995188,0.9999999999959095,0.9999999999955196,292.1733333333334,-283.0053333333334,-270.062,113,980,,,,,,,,,,,,,,,
4574,Cooper Rush,QB,ATL,698.0,681.8,999.0,,,18.0,,,,,,,,,,,,0.0,cooperrush,16477.0,00-0033662,842.0,589.0,114.0,475.0,703.0,15.0,QB101,11.0,Cooper Rush,,,,4.0,5.720000000000001,1.4300000000000002,0.0,4.0,,,32.0,9.0,2.0,0.0,82.0,9.168000000000001,9.168000000000001,False,False,698.0,77.35,1.0,1.0,1.0,1.0,1.0,0.9999999999999998,0.9999999999999997,0.9999999999999967,0.9999999999999962,0.9999999999999625,0.9999999999999587,0.9999999999996214,0.999999999999584,0.999999999996519,0.9999999999961897,292.1733333333334,-283.0053333333334,-270.062,114,981,,,,,,,,,,,,,,,
8164,Matt Corral,QB,,,999.0,999.0,,,18.0,,,,,,,,,,,,0.0,mattcorral,23028.0,00-0038132,879.0,637.0,84.0,553.0,721.0,15.0,QB112,,Matt Corral,,,,,,,,,,,25.0,2.0,,0.0,112.0,9.168000000000001,9.168000000000001,False,True,662.0,73.39,1.0,1.0,1.0,1.0,1.0,0.9999999999999996,0.9999999999999996,0.9999999999999941,0.9999999999999936,0.9999999999999276,0.9999999999999198,0.9999999999991969,0.9999999999991142,0.9999999999919695,0.999999999991181,292.1733333333334,-283.0053333333334,-270.062,115,982,,,,,,,,,,,,,,,
8002,Shane Buechele,QB,BUF,,691.3,999.0,,,18.0,,,,,,,,,,,,0.0,shanebuechele,19376.0,00-0036679,871.0,631.5,91.5,540.0,723.0,15.0,QB110,7.0,Shane Buechele,,,,1.0,3.92,3.92,0.0,1.0,,,28.0,5.0,,0.0,110.0,9.168000000000001,9.168000000000001,False,True,656.5,72.785,1.0,1.0,1.0,1.0,1.0,0.9999999999999996,0.9999999999999996,0.9999999999999936,0.9999999999999929,0.9999999999999196,0.9999999999999108,0.9999999999990935,0.9999999999989995,0.9999999999908146,0.9999999999899074,292.1733333333334,-283.0053333333334,-270.062,116,983,,,,,,,,,,,,,,,
